subj_code,eval,prompt,prompt_uuid,res_A,res_B,left_response,right_response,final_answer,is_correct,space_rt,choice_rt,justification
A1XVNWOWUMXGVA,minimal,The porridge is on the table. Ali turns on the stove. The porridge gets BLANK.,2b80b416-13b1-5a5a-9b61-4c40aac5cf9e,colder,warmer,warmer,colder,colder,1,751.5,3680.100000000006,
A1XVNWOWUMXGVA,minimal,The empty glass is on the table. Ali knocks the glass over. The table is BLANK.,03be173e-02aa-5a79-968a-ce8ea00117d3,dry,wet,dry,wet,wet,0,584.0999999999767,4391.8000000000175,
A1XVNWOWUMXGVA,minimal,The glass is on the floor. Ali bumps the table. The glass BLANK.,2a5f6d9c-8b03-5fe5-8a19-87971947d204,doesn't break,breaks,doesn't break,breaks,breaks,0,375.7000000000117,7880.0,
A1XVNWOWUMXGVA,minimal,The vase is on the table. Ali bumps the lamp. The vase BLANK.,2f76e57c-aad0-59fa-99e3-ad747c8c14d1,doesn't break,breaks,doesn't break,breaks,breaks,0,2847.899999999994,832.0999999999767,
A1XVNWOWUMXGVA,minimal,The empty glass is on the table. Ali fills the sink. The glass is BLANK.,34ea25b7-8077-5b64-bc1b-17e62828dfb0,dry,wet,dry,wet,dry,1,4111.899999999994,7495.600000000006,
A1XVNWOWUMXGVA,minimal,The soup is on the table. Ali turns on the stove. The soup gets BLANK.,43bffc24-3955-522c-a74b-5fd4b204d283,colder,warmer,warmer,colder,warmer,0,838.8999999999651,3879.799999999989,
A1XVNWOWUMXGVA,minimal,The statue is North of Ali. Ali turns around. The statue is BLANK Ali.,54f3455a-0981-5b04-b253-5891eb7c16e5,North of,South of,North of,South of,South of,0,3951.299999999989,1104.0,
A1XVNWOWUMXGVA,minimal,The empty glass is on the table. Ali knocks the glass over. The table is BLANK.,03be173e-02aa-5a79-968a-ce8ea00117d3,dry,wet,dry,wet,wet,0,3815.700000000012,967.5,
A1XVNWOWUMXGVA,minimal,The empty cup is on the table. Ali fills the sink. The cup is BLANK.,01ab1e92-2477-582f-a9a9-917cb2a0983b,dry,wet,dry,wet,dry,1,1942.9000000000235,3815.9000000000233,
A1XVNWOWUMXGVA,minimal,The painting is North of Ali. Ali turns around. The painting is BLANK Ali.,64e3f33d-f1bb-5469-960d-6b974ada7e0a,North of,South of,North of,South of,South of,0,1119.899999999965,6824.099999999977,
A1XVNWOWUMXGVA,minimal,The glass is on the table. Ali bumps the lamp. The glass BLANK.,4c8e019f-3f91-5c88-bdea-d68026fd0446,doesn't break,breaks,breaks,doesn't break,doesn't break,1,759.4000000000233,5400.0,
A1XVNWOWUMXGVA,minimal,The empty mug is on the table. Ali knocks the mug over. The table is BLANK.,7f7d49b6-0545-5dd9-9166-80fc48a498e7,dry,wet,wet,dry,dry,1,759.7999999999884,8592.700000000012,
A1XVNWOWUMXGVA,minimal,The vase is on the floor. Ali bumps the table. The vase BLANK.,b981d9fe-77c9-531c-afc1-fc37c2d11e04,doesn't break,breaks,doesn't break,breaks,breaks,0,3575.2999999999884,4887.699999999953,
A12WRJ2ZMDW3SU,minimal,The whiteboard is North of Ali. Ali turns around. The whiteboard is BLANK Ali.,a375252e-8be0-5a31-8826-ab7a09baa72d,North of,South of,South of,North of,South of,0,740.0999999046326,8653.400000095367,
A12WRJ2ZMDW3SU,minimal,The television is on the floor. Ali bumps the table. The television BLANK.,4e7ee80f-f119-5b6d-82df-ba4d4ad03735,doesn't break,breaks,breaks,doesn't break,doesn't break,1,1306.2999999523165,19545.0,
A12WRJ2ZMDW3SU,minimal,The empty vase is on the table. Ali knocks the vase over. The table is BLANK.,c79d12ce-733d-590c-bf09-4db1c50645ce,dry,wet,dry,wet,dry,1,30249.30000019073,5114.099999904633,
A12WRJ2ZMDW3SU,minimal,The empty tub is on the table. Ali fills the sink. The tub is BLANK.,cc2cb203-9a96-586b-9727-0a8212155c43,dry,wet,dry,wet,dry,1,730.7999999523163,8401.100000143051,
A12WRJ2ZMDW3SU,minimal,The sculpture is on the table. Ali bumps the lamp. The sculpture BLANK.,8f5095bc-b58d-59fb-94fa-7c121e14b746,doesn't break,breaks,breaks,doesn't break,doesn't break,1,519.0,6053.0,
A12WRJ2ZMDW3SU,minimal,The empty jug is on the table. Ali knocks the jug over. The table is BLANK.,2fc6d99a-038d-5235-bc08-f350777f4e86,dry,wet,wet,dry,wet,0,2139.7999999523163,7219.800000190735,
A12WRJ2ZMDW3SU,minimal,The street is North of Ali. Ali turns around. The street is BLANK Ali.,51679ab6-e072-51aa-920a-095c3ab09319,North of,South of,South of,North of,South of,0,785.0,5790.100000143051,
A12WRJ2ZMDW3SU,minimal,The empty thermos is on the table. Ali fills the sink. The thermos is BLANK.,ca1d2738-b7ef-5748-bc41-00d7b201a41c,dry,wet,wet,dry,dry,1,558.5,3380.200000047684,
A12WRJ2ZMDW3SU,minimal,The mirror is on the floor. Ali bumps the table. The mirror BLANK.,c476f558-1f2e-503e-90a0-b300840ca6e1,doesn't break,breaks,doesn't break,breaks,doesn't break,1,1552.2000000476835,4056.699999809265,
A12WRJ2ZMDW3SU,minimal,The fish is on the table. Ali turns on the stove. The fish gets BLANK.,4ec9870c-0c7d-5611-b076-993ce15358f1,colder,warmer,warmer,colder,warmer,0,562.7999999523163,8052.100000143051,
A12WRJ2ZMDW3SU,minimal,The clock is on the table. Ali bumps the lamp. The clock BLANK.,cb7a432a-c5db-586f-98f9-422792efd822,doesn't break,breaks,breaks,doesn't break,doesn't break,1,2694.700000047684,4005.900000095368,
A12WRJ2ZMDW3SU,minimal,The steak is on the table. Ali turns on the stove. The steak gets BLANK.,403f4fa5-5200-5d22-9f1b-6e2c2edf755c,colder,warmer,colder,warmer,colder,1,531.7000000476837,4866.799999952316,
A1YTNGH5SMM2CJ,minimal,The painting is North of Ali. Ali turns around. The painting is BLANK Ali.,64e3f33d-f1bb-5469-960d-6b974ada7e0a,North of,South of,North of,South of,South of,0,13520.60000000149,6378.70000000298,
A1YTNGH5SMM2CJ,minimal,The laptop is on the floor. Ali bumps the table. The laptop BLANK.,88059c09-088b-5009-bafd-b7e931442077,doesn't break,breaks,doesn't break,breaks,doesn't break,1,6423.80000000447,4148.5,
A1YTNGH5SMM2CJ,minimal,The tea is on the table. Ali turns on the stove. The tea gets BLANK.,f4d79629-266b-5267-8ea1-847001b48e5a,colder,warmer,warmer,colder,colder,1,6883.89999999851,11646.20000000298,
A1YTNGH5SMM2CJ,minimal,The dog is North of Ali. Ali turns around. The dog is BLANK Ali.,51f91196-934d-5ef1-b798-f0d70fe6a0c2,North of,South of,North of,South of,South of,0,11590.70000000298,1097.5999999940395,
A1YTNGH5SMM2CJ,minimal,The sauce is on the table. Ali turns on the stove. The sauce gets BLANK.,7ba8e937-510d-512c-ac3a-9877388c0eec,colder,warmer,colder,warmer,colder,1,4462.80000000447,1392.0,
A1YTNGH5SMM2CJ,minimal,The plate is on the table. Ali bumps the lamp. The plate BLANK.,aaa1f7f2-1b97-5138-9daa-38fb1bd7bc25,doesn't break,breaks,breaks,doesn't break,doesn't break,1,3390.79999999702,1345.60000000149,
A1YTNGH5SMM2CJ,minimal,The empty cup is on the table. Ali knocks the cup over. The table is BLANK.,e6aecef6-eb29-5c41-a462-92c423095047,dry,wet,dry,wet,dry,1,4925.0,9254.60000000149,
A1YTNGH5SMM2CJ,minimal,The vase is North of Ali. Ali turns around. The vase is BLANK Ali.,a3aa7fe8-9da6-5cc8-8664-c4fd06944bd2,North of,South of,South of,North of,South of,0,5093.0,785.7999999970198,
A1YTNGH5SMM2CJ,minimal,The plate is on the floor. Ali bumps the table. The plate BLANK.,746aa902-d880-5b36-add1-a3457a31beb3,doesn't break,breaks,doesn't break,breaks,doesn't break,1,4128.89999999851,4168.79999999702,
A1YTNGH5SMM2CJ,minimal,The empty carton is on the table. Ali knocks the carton over. The table is BLANK.,6bb50e85-6ac5-52a5-b623-32e416664177,dry,wet,wet,dry,dry,1,8442.10000000149,4817.69999999553,
A1YTNGH5SMM2CJ,minimal,The mug is on the table. Ali bumps the lamp. The mug BLANK.,81e84bb2-9f95-5bbd-bbe3-af94794b6123,doesn't break,breaks,doesn't break,breaks,doesn't break,1,3266.60000000149,4935.0,
A1YTNGH5SMM2CJ,minimal,The empty pitcher is on the table. Ali fills the sink. The pitcher is BLANK.,ee9b763e-9f9e-59f8-9bc5-1c6e2075abae,dry,wet,wet,dry,dry,1,3930.70000000298,4146.0,
A1YTNGH5SMM2CJ,minimal,The empty jug is on the table. Ali fills the sink. The jug is BLANK.,654f6276-9e9e-52c2-867d-b66c3aa70976,dry,wet,wet,dry,dry,1,7383.69999999553,3002.89999999851,
A1497L153RMH2L,minimal,The tree is North of Ali. Ali turns around. The tree is BLANK Ali.,f8a90dad-f837-555e-beb1-3a5da5eb35ef,North of,South of,South of,North of,South of,0,3294.5,4006.800000011921,
A1497L153RMH2L,minimal,The water is on the table. Ali turns on the stove. The water gets BLANK.,d363d97e-3c05-5ea9-b0af-4bfba2258626,colder,warmer,warmer,colder,warmer,0,5276.600000023842,2279.100000023842,
A1497L153RMH2L,minimal,The empty wineglass is on the table. Ali knocks the wineglass over. The table is BLANK.,dfb0bf34-70f6-5390-b055-469ef8e6506c,dry,wet,wet,dry,wet,0,4697.599999964237,2919.900000035763,
A1497L153RMH2L,minimal,The jar is on the floor. Ali bumps the table. The jar BLANK.,272fb3b8-f899-5ff0-ae86-55a1cddaa8e6,doesn't break,breaks,doesn't break,breaks,doesn't break,1,4398.300000011921,5108.900000035763,
A1497L153RMH2L,minimal,The empty teapot is on the table. Ali knocks the teapot over. The table is BLANK.,35b3312e-b7e0-59b8-933b-ec0336ad5162,dry,wet,wet,dry,dry,1,5265.699999988079,3320.5,
A1497L153RMH2L,minimal,The cup is on the table. Ali bumps the lamp. The cup BLANK.,e9a925cf-de07-55f7-8ab3-9f28791b3728,doesn't break,breaks,doesn't break,breaks,doesn't break,1,3458.399999976158,1303.5,
A1497L153RMH2L,minimal,The cup is on the floor. Ali bumps the table. The cup BLANK.,852b0651-2c81-5807-ba4a-d3f2a56a5e5d,doesn't break,breaks,breaks,doesn't break,doesn't break,1,2379.399999976158,1269.0,
A1497L153RMH2L,minimal,The pasta is on the table. Ali turns on the stove. The pasta gets BLANK.,a74a9014-1030-5c5d-b1d0-43ada1ff9c9d,colder,warmer,warmer,colder,colder,1,2757.199999988079,2585.699999988079,
A1497L153RMH2L,minimal,The television is on the table. Ali bumps the lamp. The television BLANK.,60833207-b675-5f32-ab67-85a791ce814f,doesn't break,breaks,breaks,doesn't break,doesn't break,1,6105.300000011921,2090.200000047684,
A1497L153RMH2L,minimal,The empty box is on the table. Ali fills the sink. The box is BLANK.,58b88005-7f83-54dc-8994-ba230c248673,dry,wet,wet,dry,dry,1,2584.200000047684,3114.0,
A1497L153RMH2L,minimal,The museum is North of Ali. Ali turns around. The museum is BLANK Ali.,11d7dec7-34c3-5381-80c8-460155badd74,North of,South of,North of,South of,North of,1,4556.0,1414.800000011921,
A1497L153RMH2L,minimal,The empty bowl is on the table. Ali fills the sink. The bowl is BLANK.,b53176cd-e250-5a59-b3be-ceaba45ea634,dry,wet,wet,dry,dry,1,2477.600000023842,811.1999999880791,
A1TPGXT718D68E,minimal,The empty glass is on the table. Ali knocks the glass over. The table is BLANK.,03be173e-02aa-5a79-968a-ce8ea00117d3,dry,wet,dry,wet,dry,1,3933.0,4157.5,
A1TPGXT718D68E,minimal,The vase is on the table. Ali bumps the lamp. The vase BLANK.,2f76e57c-aad0-59fa-99e3-ad747c8c14d1,doesn't break,breaks,doesn't break,breaks,doesn't break,1,5071.800000011921,1378.5,
A1TPGXT718D68E,minimal,The statue is North of Ali. Ali turns around. The statue is BLANK Ali.,54f3455a-0981-5b04-b253-5891eb7c16e5,North of,South of,South of,North of,South of,0,10044.5,1931.0,
A1TPGXT718D68E,minimal,The painting is North of Ali. Ali turns around. The painting is BLANK Ali.,64e3f33d-f1bb-5469-960d-6b974ada7e0a,North of,South of,South of,North of,South of,0,3718.699999988079,931.0,
A1TPGXT718D68E,minimal,The porridge is on the table. Ali turns on the stove. The porridge gets BLANK.,2b80b416-13b1-5a5a-9b61-4c40aac5cf9e,colder,warmer,warmer,colder,colder,1,2987.9000000059605,6036.0,
A1TPGXT718D68E,minimal,The empty cup is on the table. Ali fills the sink. The cup is BLANK.,01ab1e92-2477-582f-a9a9-917cb2a0983b,dry,wet,dry,wet,dry,1,3481.199999988079,1379.5,
A1TPGXT718D68E,minimal,The vase is on the floor. Ali bumps the table. The vase BLANK.,b981d9fe-77c9-531c-afc1-fc37c2d11e04,doesn't break,breaks,breaks,doesn't break,doesn't break,1,2716.100000023842,4594.200000017881,
A1TPGXT718D68E,minimal,The glass is on the table. Ali bumps the lamp. The glass BLANK.,4c8e019f-3f91-5c88-bdea-d68026fd0446,doesn't break,breaks,breaks,doesn't break,doesn't break,1,2969.300000011921,1157.699999988079,
A1TPGXT718D68E,minimal,The empty mug is on the table. Ali knocks the mug over. The table is BLANK.,7f7d49b6-0545-5dd9-9166-80fc48a498e7,dry,wet,wet,dry,dry,1,3802.399999976158,1782.9000000059605,
A1TPGXT718D68E,minimal,The glass is on the floor. Ali bumps the table. The glass BLANK.,2a5f6d9c-8b03-5fe5-8a19-87971947d204,doesn't break,breaks,breaks,doesn't break,doesn't break,1,4670.0,765.9000000059605,
A1TPGXT718D68E,minimal,The soup is on the table. Ali turns on the stove. The soup gets BLANK.,43bffc24-3955-522c-a74b-5fd4b204d283,colder,warmer,colder,warmer,colder,1,3534.5,2756.5,
A1TPGXT718D68E,minimal,The empty glass is on the table. Ali knocks the glass over. The table is BLANK.,03be173e-02aa-5a79-968a-ce8ea00117d3,dry,wet,wet,dry,dry,1,4307.0,1022.0,
A1TPGXT718D68E,minimal,The empty glass is on the table. Ali fills the sink. The glass is BLANK.,34ea25b7-8077-5b64-bc1b-17e62828dfb0,dry,wet,dry,wet,dry,1,3606.799999982119,946.4000000059604,
A152B28KVSOXMV,minimal,The empty bottle is on the table. Ali knocks the bottle over. The table is BLANK.,f1c8f5cb-5ef5-5bd2-b1ae-37722af5ab13,dry,wet,dry,wet,wet,0,8660.0,2179.0,
A152B28KVSOXMV,minimal,The rice is on the table. Ali turns on the stove. The rice gets BLANK.,ff215e3b-d72f-5802-b7c5-e74b4bbbdb7c,colder,warmer,colder,warmer,colder,1,18464.0,12277.0,
A152B28KVSOXMV,minimal,The city is North of Ali. Ali turns around. The city is BLANK Ali.,d67a4a6d-bc61-537a-8b65-178cf81511b2,North of,South of,South of,North of,North of,1,8608.0,11798.0,
A152B28KVSOXMV,minimal,The pot is on the floor. Ali bumps the table. The pot BLANK.,0318a66a-6207-5568-9d40-200aa1786c0b,doesn't break,breaks,breaks,doesn't break,doesn't break,1,6389.0,2507.0,
A152B28KVSOXMV,minimal,The phone is on the table. Ali bumps the lamp. The phone BLANK.,2828fd38-836b-534a-a861-283f930b7d39,doesn't break,breaks,breaks,doesn't break,doesn't break,1,5356.0,3245.0,
A152B28KVSOXMV,minimal,The empty pot is on the table. Ali knocks the pot over. The table is BLANK.,3bc3df7d-a91c-5999-8bb6-788efd21d35e,dry,wet,dry,wet,dry,1,7763.0,7761.0,
A152B28KVSOXMV,minimal,The empty container is on the table. Ali fills the sink. The container is BLANK.,8e3a22ae-91ba-581e-9943-23bcec0a345d,dry,wet,wet,dry,dry,1,5715.0,2634.0,
A152B28KVSOXMV,minimal,The empty bottle is on the table. Ali fills the sink. The bottle is BLANK.,f20343fe-adbf-5f1f-984e-58ee5b7c2b91,dry,wet,wet,dry,dry,1,5265.0,2110.0,
A152B28KVSOXMV,minimal,The mirror is on the table. Ali bumps the lamp. The mirror BLANK.,cc6308c4-fe93-592d-bd7c-c3c3495dfb04,doesn't break,breaks,doesn't break,breaks,doesn't break,1,6601.0,6651.0,
A152B28KVSOXMV,minimal,The phone is on the floor. Ali bumps the table. The phone BLANK.,a0089e09-ecb1-5910-97f4-de47ef22bfcd,doesn't break,breaks,doesn't break,breaks,doesn't break,1,4839.0,2282.0,
A152B28KVSOXMV,minimal,The lake is North of Ali. Ali turns around. The lake is BLANK Ali.,9c900f5c-ba5e-50dd-ad14-ff2e930698e4,North of,South of,North of,South of,North of,1,5513.0,2290.0,
A152B28KVSOXMV,minimal,The stew is on the table. Ali turns on the stove. The stew gets BLANK.,03c79cd5-cadc-5704-b773-cdd109719ae3,colder,warmer,colder,warmer,colder,1,6339.0,3156.0,
A20312TZ2OWQ2W,minimal,The porridge is on the table. Ali turns on the stove. The porridge gets BLANK.,2b80b416-13b1-5a5a-9b61-4c40aac5cf9e,colder,warmer,warmer,colder,warmer,0,2055.199999988079,18159.80000001192,
A20312TZ2OWQ2W,minimal,The soup is on the table. Ali turns on the stove. The soup gets BLANK.,43bffc24-3955-522c-a74b-5fd4b204d283,colder,warmer,colder,warmer,warmer,0,4142.0,1055.5999999642372,
A20312TZ2OWQ2W,minimal,The glass is on the table. Ali bumps the lamp. The glass BLANK.,4c8e019f-3f91-5c88-bdea-d68026fd0446,doesn't break,breaks,breaks,doesn't break,breaks,0,3967.400000035763,2127.899999976158,
A20312TZ2OWQ2W,minimal,The statue is North of Ali. Ali turns around. The statue is BLANK Ali.,54f3455a-0981-5b04-b253-5891eb7c16e5,North of,South of,South of,North of,South of,0,3823.0,1112.100000023842,
A20312TZ2OWQ2W,minimal,The glass is on the floor. Ali bumps the table. The glass BLANK.,2a5f6d9c-8b03-5fe5-8a19-87971947d204,doesn't break,breaks,breaks,doesn't break,breaks,0,5823.099999964237,1383.7000000476835,
A20312TZ2OWQ2W,minimal,The painting is North of Ali. Ali turns around. The painting is BLANK Ali.,64e3f33d-f1bb-5469-960d-6b974ada7e0a,North of,South of,South of,North of,South of,0,3815.0,3527.699999988079,
A20312TZ2OWQ2W,minimal,The empty glass is on the table. Ali knocks the glass over. The table is BLANK.,03be173e-02aa-5a79-968a-ce8ea00117d3,dry,wet,wet,dry,wet,0,3943.600000023842,2471.699999988079,
A20312TZ2OWQ2W,minimal,The empty glass is on the table. Ali knocks the glass over. The table is BLANK.,03be173e-02aa-5a79-968a-ce8ea00117d3,dry,wet,dry,wet,wet,0,5223.300000011921,2912.0,
A20312TZ2OWQ2W,minimal,The empty glass is on the table. Ali fills the sink. The glass is BLANK.,34ea25b7-8077-5b64-bc1b-17e62828dfb0,dry,wet,wet,dry,wet,0,1791.2000000476835,4479.600000023842,
A20312TZ2OWQ2W,minimal,The vase is on the floor. Ali bumps the table. The vase BLANK.,b981d9fe-77c9-531c-afc1-fc37c2d11e04,doesn't break,breaks,breaks,doesn't break,breaks,0,2992.300000011921,3695.5,
A20312TZ2OWQ2W,minimal,The vase is on the table. Ali bumps the lamp. The vase BLANK.,2f76e57c-aad0-59fa-99e3-ad747c8c14d1,doesn't break,breaks,breaks,doesn't break,breaks,0,2696.0,1367.5999999642372,
A20312TZ2OWQ2W,minimal,The empty cup is on the table. Ali fills the sink. The cup is BLANK.,01ab1e92-2477-582f-a9a9-917cb2a0983b,dry,wet,dry,wet,wet,0,10183.899999976158,2367.300000011921,
A20312TZ2OWQ2W,minimal,The empty mug is on the table. Ali knocks the mug over. The table is BLANK.,7f7d49b6-0545-5dd9-9166-80fc48a498e7,dry,wet,dry,wet,dry,1,15446.899999976158,3007.899999976158,
A12I6MX0ULUDH0,minimal,The pasta is on the table. Ali turns on the stove. The pasta gets BLANK.,a74a9014-1030-5c5d-b1d0-43ada1ff9c9d,colder,warmer,warmer,colder,warmer,0,3196.199999988079,1608.5999999642372,
A12I6MX0ULUDH0,minimal,The empty teapot is on the table. Ali knocks the teapot over. The table is BLANK.,35b3312e-b7e0-59b8-933b-ec0336ad5162,dry,wet,wet,dry,dry,1,4502.399999976158,1556.600000023842,
A12I6MX0ULUDH0,minimal,The water is on the table. Ali turns on the stove. The water gets BLANK.,d363d97e-3c05-5ea9-b0af-4bfba2258626,colder,warmer,warmer,colder,warmer,0,187.5,2794.7999999523163,
A12I6MX0ULUDH0,minimal,The empty bowl is on the table. Ali fills the sink. The bowl is BLANK.,b53176cd-e250-5a59-b3be-ceaba45ea634,dry,wet,wet,dry,dry,1,145.10000002384186,4124.199999988079,
A12I6MX0ULUDH0,minimal,The cup is on the table. Ali bumps the lamp. The cup BLANK.,e9a925cf-de07-55f7-8ab3-9f28791b3728,doesn't break,breaks,doesn't break,breaks,breaks,0,1223.399999976158,3823.799999952316,
A12I6MX0ULUDH0,minimal,The jar is on the floor. Ali bumps the table. The jar BLANK.,272fb3b8-f899-5ff0-ae86-55a1cddaa8e6,doesn't break,breaks,doesn't break,breaks,doesn't break,1,3261.600000023842,3122.699999988079,
A12I6MX0ULUDH0,minimal,The empty wineglass is on the table. Ali knocks the wineglass over. The table is BLANK.,dfb0bf34-70f6-5390-b055-469ef8e6506c,dry,wet,wet,dry,dry,1,3522.5,3477.700000047684,
A12I6MX0ULUDH0,minimal,The cup is on the floor. Ali bumps the table. The cup BLANK.,852b0651-2c81-5807-ba4a-d3f2a56a5e5d,doesn't break,breaks,doesn't break,breaks,doesn't break,1,2480.600000023842,4877.800000011921,
A12I6MX0ULUDH0,minimal,The empty box is on the table. Ali fills the sink. The box is BLANK.,58b88005-7f83-54dc-8994-ba230c248673,dry,wet,wet,dry,dry,1,148.19999998807907,4038.0,
A12I6MX0ULUDH0,minimal,The museum is North of Ali. Ali turns around. The museum is BLANK Ali.,11d7dec7-34c3-5381-80c8-460155badd74,North of,South of,North of,South of,North of,1,7113.400000035763,4575.199999988079,
A12I6MX0ULUDH0,minimal,The tree is North of Ali. Ali turns around. The tree is BLANK Ali.,f8a90dad-f837-555e-beb1-3a5da5eb35ef,North of,South of,South of,North of,North of,1,196.3999999761581,3280.099999964237,
A12I6MX0ULUDH0,minimal,The television is on the table. Ali bumps the lamp. The television BLANK.,60833207-b675-5f32-ab67-85a791ce814f,doesn't break,breaks,doesn't break,breaks,doesn't break,1,2085.800000011921,6554.700000047684,
A22H1AZTZT2VKR,minimal,The empty jar is on the table. Ali knocks the jar over. The table is BLANK.,d0c6d46f-fa2f-5c0a-93d2-5ebf343adfef,dry,wet,wet,dry,dry,1,5900.0,3877.0,
A22H1AZTZT2VKR,minimal,The empty flask is on the table. Ali fills the sink. The flask is BLANK.,9727b31c-2a14-5db5-9980-0074c623524f,dry,wet,dry,wet,dry,1,708.0,4822.0,
A22H1AZTZT2VKR,minimal,The lamp is on the floor. Ali bumps the table. The lamp BLANK.,730042f0-d8b0-5c6c-8bf7-410416a84eb5,doesn't break,breaks,doesn't break,breaks,breaks,0,1034.0,8606.0,
A22H1AZTZT2VKR,minimal,The emtpy can is on the table. Ali fills the sink. The can is BLANK.,23582299-2316-5e9e-a72f-ef1038bc4df3,dry,wet,wet,dry,dry,1,1368.0,3193.0,
A22H1AZTZT2VKR,minimal,The ornament is on the table. Ali bumps the lamp. The ornament BLANK.,95cf280f-0045-5691-9286-ca2825f711f3,doesn't break,breaks,breaks,doesn't break,breaks,0,769.0,1950.0,
A22H1AZTZT2VKR,minimal,The empty pitcher is on the table. Ali knocks the pitcher over. The table is BLANK.,ce777ad4-6e7f-5a27-bd97-42231b86b999,dry,wet,wet,dry,wet,0,754.0,5104.0,
A22H1AZTZT2VKR,minimal,The sculpture is on the floor. Ali bumps the table. The sculpture BLANK.,6837d037-fd89-5325-945f-ec953cdaf8fc,doesn't break,breaks,doesn't break,breaks,doesn't break,1,588.0,5647.0,
A22H1AZTZT2VKR,minimal,The house is North of Ali. Ali turns around. The house is BLANK Ali.,168b3f9d-5c7e-5e03-948e-a8b96b9e08a7,North of,South of,North of,South of,North of,1,768.0,4154.0,
A22H1AZTZT2VKR,minimal,The chili is on the table. Ali turns on the stove. The chili gets BLANK.,688b9409-948b-5506-a5bd-8f72bd8f0cdd,colder,warmer,colder,warmer,colder,1,4202.0,1767.0,
A22H1AZTZT2VKR,minimal,The mountain is North of Ali. Ali turns around. The mountain is BLANK Ali.,cbe70172-4bc2-5518-ae97-53e795d58f6a,North of,South of,South of,North of,North of,1,761.0,4201.0,
A22H1AZTZT2VKR,minimal,The gumbo is on the table. Ali turns on the stove. The gumbo gets BLANK.,052dddd5-a2cf-5e97-90ed-7e2d2e91f62e,colder,warmer,colder,warmer,colder,1,888.0,3356.0,
A22H1AZTZT2VKR,minimal,The tablet is on the table. Ali bumps the lamp. The tablet BLANK.,1859f2b1-26a2-5a64-959f-fab9926dbb6d,doesn't break,breaks,doesn't break,breaks,doesn't break,1,3757.0,1146.0,
A1572S1IUWVV5I,minimal,The computer is North of Ali. Ali turns around. The computer is BLANK Ali.,40691f9e-5ca7-5c21-98cb-f1f3e90fece7,North of,South of,South of,North of,South of,0,3375.600000023842,1790.5999999046326,
A1572S1IUWVV5I,minimal,The empty jar is on the table. Ali fills the sink. The jar is BLANK.,637372ba-bac0-5ffc-95af-27467657d0b0,dry,wet,dry,wet,dry,1,614.6000000238419,14752.199999928474,
A1572S1IUWVV5I,minimal,The candle is on the table. Ali bumps the lamp. The candle BLANK.,0edfc764-15dc-56a4-97f0-79696d42e604,doesn't break,breaks,doesn't break,breaks,breaks,0,6703.299999952316,4320.100000023842,
A1572S1IUWVV5I,minimal,The chicken is on the table. Ali turns on the stove. The chicken gets BLANK.,6fbad9b4-9231-5796-a9b4-b8e8fb940654,colder,warmer,colder,warmer,warmer,0,3984.200000047684,1879.3000000715256,
A1572S1IUWVV5I,minimal,The book is North of Ali. Ali turns around. The book is BLANK Ali.,68d84e25-fe4e-5077-a48e-f046d48af2fc,North of,South of,North of,South of,South of,0,1887.399999976158,2088.100000023842,
A1572S1IUWVV5I,minimal,The tablet is on the floor. Ali bumps the table. The tablet BLANK.,c746580e-0ddd-5f98-b93a-f4cca7c1f161,doesn't break,breaks,breaks,doesn't break,breaks,0,3262.9000000953674,6272.600000023842,
A1572S1IUWVV5I,minimal,The portrait is on the table. Ali bumps the lamp. The portrait BLANK.,887ddffd-f870-51c3-a4da-9d16882413d5,doesn't break,breaks,breaks,doesn't break,doesn't break,1,2558.600000023842,5663.5,
A1572S1IUWVV5I,minimal,The empty bowl is on the table. Ali knocks the bowl over. The table is BLANK.,06b16899-ccf7-506d-b8e7-c094839d0ed7,dry,wet,dry,wet,dry,1,2384.599999904633,6751.899999976158,
A1572S1IUWVV5I,minimal,The curry is on the table. Ali turns on the stove. The curry gets BLANK.,b0f42dcc-e0f5-5341-907b-8832326e0521,colder,warmer,warmer,colder,colder,1,4657.0,990.899999976158,
A1572S1IUWVV5I,minimal,The empty flask is on the table. Ali knocks the flask over. The table is BLANK.,4d25e5cd-4b9f-54f6-abe2-eafde27f21c2,dry,wet,dry,wet,dry,1,3055.600000023842,4952.099999904633,
A1572S1IUWVV5I,minimal,The ornament is on the floor. Ali bumps the table. The ornament BLANK.,e5ae0bb2-4f9a-5c05-8a70-d24d352debe0,doesn't break,breaks,breaks,doesn't break,breaks,0,1175.3000000715256,3552.7999999523163,
A1572S1IUWVV5I,minimal,The empty kettle is on the table. Ali fills the sink. The kettle is BLANK.,335be0e6-a5ed-5801-80f1-5c6cab349d24,dry,wet,dry,wet,dry,1,3647.700000047684,3463.099999904633,
A2618CTGSM6RBN,minimal,The empty mug is on the table. Ali knocks the mug over. The table is BLANK.,7f7d49b6-0545-5dd9-9166-80fc48a498e7,dry,wet,wet,dry,wet,0,623.6000000238419,3935.899999976158,
A2618CTGSM6RBN,minimal,The porridge is on the table. Ali turns on the stove. The porridge gets BLANK.,2b80b416-13b1-5a5a-9b61-4c40aac5cf9e,colder,warmer,colder,warmer,warmer,0,703.5,3663.899999976158,
A2618CTGSM6RBN,minimal,The soup is on the table. Ali turns on the stove. The soup gets BLANK.,43bffc24-3955-522c-a74b-5fd4b204d283,colder,warmer,colder,warmer,warmer,0,815.7000000476837,2248.0,
A2618CTGSM6RBN,minimal,The vase is on the floor. Ali bumps the table. The vase BLANK.,b981d9fe-77c9-531c-afc1-fc37c2d11e04,doesn't break,breaks,breaks,doesn't break,breaks,0,655.8999999761581,2808.100000023842,
A2618CTGSM6RBN,minimal,The empty glass is on the table. Ali fills the sink. The glass is BLANK.,34ea25b7-8077-5b64-bc1b-17e62828dfb0,dry,wet,wet,dry,dry,1,711.5,3032.0,
A2618CTGSM6RBN,minimal,The glass is on the floor. Ali bumps the table. The glass BLANK.,2a5f6d9c-8b03-5fe5-8a19-87971947d204,doesn't break,breaks,doesn't break,breaks,breaks,0,1823.6999999284744,5624.300000071526,
A2618CTGSM6RBN,minimal,The glass is on the table. Ali bumps the lamp. The glass BLANK.,4c8e019f-3f91-5c88-bdea-d68026fd0446,doesn't break,breaks,doesn't break,breaks,breaks,0,1303.600000023842,3335.7999999523163,
A2618CTGSM6RBN,minimal,The vase is on the table. Ali bumps the lamp. The vase BLANK.,2f76e57c-aad0-59fa-99e3-ad747c8c14d1,doesn't break,breaks,doesn't break,breaks,breaks,0,655.5,2016.3000000715256,
A2618CTGSM6RBN,minimal,The empty glass is on the table. Ali knocks the glass over. The table is BLANK.,03be173e-02aa-5a79-968a-ce8ea00117d3,dry,wet,dry,wet,dry,1,703.6999999284744,4895.899999976158,
A2618CTGSM6RBN,minimal,The empty cup is on the table. Ali fills the sink. The cup is BLANK.,01ab1e92-2477-582f-a9a9-917cb2a0983b,dry,wet,dry,wet,wet,0,783.7999999523163,3119.899999976158,
A2618CTGSM6RBN,minimal,The statue is North of Ali. Ali turns around. The statue is BLANK Ali.,54f3455a-0981-5b04-b253-5891eb7c16e5,North of,South of,South of,North of,South of,0,1527.6999999284744,3512.0,
A2618CTGSM6RBN,minimal,The painting is North of Ali. Ali turns around. The painting is BLANK Ali.,64e3f33d-f1bb-5469-960d-6b974ada7e0a,North of,South of,North of,South of,South of,0,695.6999999284744,1847.7999999523165,
A2618CTGSM6RBN,minimal,The empty glass is on the table. Ali knocks the glass over. The table is BLANK.,03be173e-02aa-5a79-968a-ce8ea00117d3,dry,wet,dry,wet,dry,1,607.8999999761581,3455.7999999523163,
A17DHN9VKAGEG5,minimal,The stew is on the table. Ali turns on the stove. The stew gets BLANK.,03c79cd5-cadc-5704-b773-cdd109719ae3,colder,warmer,warmer,colder,warmer,0,4206.200000047684,1035.2999999523165,
A17DHN9VKAGEG5,minimal,The empty pot is on the table. Ali knocks the pot over. The table is BLANK.,3bc3df7d-a91c-5999-8bb6-788efd21d35e,dry,wet,wet,dry,dry,1,3507.200000047684,5002.599999904633,
A17DHN9VKAGEG5,minimal,The phone is on the table. Ali bumps the lamp. The phone BLANK.,2828fd38-836b-534a-a861-283f930b7d39,doesn't break,breaks,doesn't break,breaks,doesn't break,1,3512.099999904633,7054.299999952316,
A17DHN9VKAGEG5,minimal,The pot is on the floor. Ali bumps the table. The pot BLANK.,0318a66a-6207-5568-9d40-200aa1786c0b,doesn't break,breaks,doesn't break,breaks,doesn't break,1,3490.700000047684,2072.399999856949,
A17DHN9VKAGEG5,minimal,The phone is on the floor. Ali bumps the table. The phone BLANK.,a0089e09-ecb1-5910-97f4-de47ef22bfcd,doesn't break,breaks,breaks,doesn't break,doesn't break,1,4397.599999904633,2135.800000190735,
A17DHN9VKAGEG5,minimal,The city is North of Ali. Ali turns around. The city is BLANK Ali.,d67a4a6d-bc61-537a-8b65-178cf81511b2,North of,South of,North of,South of,South of,0,8125.400000095367,1902.0999999046328,
A17DHN9VKAGEG5,minimal,The empty bottle is on the table. Ali knocks the bottle over. The table is BLANK.,f1c8f5cb-5ef5-5bd2-b1ae-37722af5ab13,dry,wet,wet,dry,dry,1,7113.599999904633,7206.600000143051,
A17DHN9VKAGEG5,minimal,The empty bottle is on the table. Ali fills the sink. The bottle is BLANK.,f20343fe-adbf-5f1f-984e-58ee5b7c2b91,dry,wet,dry,wet,dry,1,4482.0,6358.700000047684,
A17DHN9VKAGEG5,minimal,The lake is North of Ali. Ali turns around. The lake is BLANK Ali.,9c900f5c-ba5e-50dd-ad14-ff2e930698e4,North of,South of,South of,North of,North of,1,9148.900000095367,1811.0,
A17DHN9VKAGEG5,minimal,The mirror is on the table. Ali bumps the lamp. The mirror BLANK.,cc6308c4-fe93-592d-bd7c-c3c3495dfb04,doesn't break,breaks,breaks,doesn't break,breaks,0,6768.600000143051,6917.5,
A17DHN9VKAGEG5,minimal,The empty container is on the table. Ali fills the sink. The container is BLANK.,8e3a22ae-91ba-581e-9943-23bcec0a345d,dry,wet,dry,wet,dry,1,6776.299999952316,1280.8000001907349,
A17DHN9VKAGEG5,minimal,The rice is on the table. Ali turns on the stove. The rice gets BLANK.,ff215e3b-d72f-5802-b7c5-e74b4bbbdb7c,colder,warmer,warmer,colder,colder,1,6570.0,5335.200000047684,
A248MLJ06DNLU2,minimal,The tablet is on the table. Ali bumps the lamp. The tablet BLANK.,1859f2b1-26a2-5a64-959f-fab9926dbb6d,doesn't break,breaks,breaks,doesn't break,breaks,0,1349.800000011921,2300.100000023842,
A248MLJ06DNLU2,minimal,The empty flask is on the table. Ali fills the sink. The flask is BLANK.,9727b31c-2a14-5db5-9980-0074c623524f,dry,wet,dry,wet,dry,1,769.8000000119209,719.3999999761581,
A248MLJ06DNLU2,minimal,The chili is on the table. Ali turns on the stove. The chili gets BLANK.,688b9409-948b-5506-a5bd-8f72bd8f0cdd,colder,warmer,warmer,colder,colder,1,769.8000000119209,770.1999999880791,
A248MLJ06DNLU2,minimal,The mountain is North of Ali. Ali turns around. The mountain is BLANK Ali.,cbe70172-4bc2-5518-ae97-53e795d58f6a,North of,South of,North of,South of,North of,1,1160.0,673.8000000119209,
A248MLJ06DNLU2,minimal,The emtpy can is on the table. Ali fills the sink. The can is BLANK.,23582299-2316-5e9e-a72f-ef1038bc4df3,dry,wet,wet,dry,dry,1,905.600000023842,760.0,
A248MLJ06DNLU2,minimal,The empty jar is on the table. Ali knocks the jar over. The table is BLANK.,d0c6d46f-fa2f-5c0a-93d2-5ebf343adfef,dry,wet,wet,dry,wet,0,659.6999999880791,658.0,
A248MLJ06DNLU2,minimal,The gumbo is on the table. Ali turns on the stove. The gumbo gets BLANK.,052dddd5-a2cf-5e97-90ed-7e2d2e91f62e,colder,warmer,warmer,colder,colder,1,695.7999999523163,736.0,
A248MLJ06DNLU2,minimal,The ornament is on the table. Ali bumps the lamp. The ornament BLANK.,95cf280f-0045-5691-9286-ca2825f711f3,doesn't break,breaks,doesn't break,breaks,doesn't break,1,1379.300000011921,720.3999999761581,
A248MLJ06DNLU2,minimal,The lamp is on the floor. Ali bumps the table. The lamp BLANK.,730042f0-d8b0-5c6c-8bf7-410416a84eb5,doesn't break,breaks,breaks,doesn't break,breaks,0,731.8999999761581,629.6000000238419,
A248MLJ06DNLU2,minimal,The empty pitcher is on the table. Ali knocks the pitcher over. The table is BLANK.,ce777ad4-6e7f-5a27-bd97-42231b86b999,dry,wet,wet,dry,wet,0,1343.699999988079,639.8000000119209,
A248MLJ06DNLU2,minimal,The house is North of Ali. Ali turns around. The house is BLANK Ali.,168b3f9d-5c7e-5e03-948e-a8b96b9e08a7,North of,South of,North of,South of,North of,1,1302.0,714.0,
A248MLJ06DNLU2,minimal,The sculpture is on the floor. Ali bumps the table. The sculpture BLANK.,6837d037-fd89-5325-945f-ec953cdaf8fc,doesn't break,breaks,breaks,doesn't break,breaks,0,1619.899999976158,4609.799999952316,
A248MLJ06DNLU2,minimal,The tablet is on the table. Ali bumps the lamp. The tablet BLANK.,1859f2b1-26a2-5a64-959f-fab9926dbb6d,doesn't break,breaks,doesn't break,breaks,doesn't break,1,669.8999999761581,753.5,
A248MLJ06DNLU2,minimal,The tablet is on the table. Ali bumps the lamp. The tablet BLANK.,1859f2b1-26a2-5a64-959f-fab9926dbb6d,doesn't break,breaks,,,doesn't break,-1,,,the table doesn't break.
A248MLJ06DNLU2,minimal,The chili is on the table. Ali turns on the stove. The chili gets BLANK.,688b9409-948b-5506-a5bd-8f72bd8f0cdd,colder,warmer,warmer,colder,warmer,0,1165.300000011921,1126.0,
A248MLJ06DNLU2,minimal,The chili is on the table. Ali turns on the stove. The chili gets BLANK.,688b9409-948b-5506-a5bd-8f72bd8f0cdd,colder,warmer,,,warmer,-1,,,the chili gets warmer
A248MLJ06DNLU2,minimal,The mountain is North of Ali. Ali turns around. The mountain is BLANK Ali.,cbe70172-4bc2-5518-ae97-53e795d58f6a,North of,South of,South of,North of,South of,0,1689.5,1679.9000000357628,
A248MLJ06DNLU2,minimal,The mountain is North of Ali. Ali turns around. The mountain is BLANK Ali.,cbe70172-4bc2-5518-ae97-53e795d58f6a,North of,South of,,,South of,-1,,,the mountain is south of ali.
A248MLJ06DNLU2,minimal,The empty jar is on the table. Ali knocks the jar over. The table is BLANK.,d0c6d46f-fa2f-5c0a-93d2-5ebf343adfef,dry,wet,wet,dry,wet,0,1179.600000023842,1024.0,
A248MLJ06DNLU2,minimal,The empty jar is on the table. Ali knocks the jar over. The table is BLANK.,d0c6d46f-fa2f-5c0a-93d2-5ebf343adfef,dry,wet,,,wet,-1,,,the table is wet.
A248MLJ06DNLU2,minimal,The gumbo is on the table. Ali turns on the stove. The gumbo gets BLANK.,052dddd5-a2cf-5e97-90ed-7e2d2e91f62e,colder,warmer,warmer,colder,colder,1,1147.699999988079,2085.700000047684,
A248MLJ06DNLU2,minimal,The gumbo is on the table. Ali turns on the stove. The gumbo gets BLANK.,052dddd5-a2cf-5e97-90ed-7e2d2e91f62e,colder,warmer,,,colder,-1,,,the gumbo gets colder.
A248MLJ06DNLU2,minimal,The lamp is on the floor. Ali bumps the table. The lamp BLANK.,730042f0-d8b0-5c6c-8bf7-410416a84eb5,doesn't break,breaks,doesn't break,breaks,breaks,0,993.9000000357628,1735.5999999642372,
A248MLJ06DNLU2,minimal,The lamp is on the floor. Ali bumps the table. The lamp BLANK.,730042f0-d8b0-5c6c-8bf7-410416a84eb5,doesn't break,breaks,,,breaks,-1,,,the lamp breaks
A248MLJ06DNLU2,minimal,The empty pitcher is on the table. Ali knocks the pitcher over. The table is BLANK.,ce777ad4-6e7f-5a27-bd97-42231b86b999,dry,wet,wet,dry,wet,0,899.6999999880791,850.3000000119209,
A248MLJ06DNLU2,minimal,The empty pitcher is on the table. Ali knocks the pitcher over. The table is BLANK.,ce777ad4-6e7f-5a27-bd97-42231b86b999,dry,wet,,,wet,-1,,,the table is wet.
A248MLJ06DNLU2,minimal,The sculpture is on the floor. Ali bumps the table. The sculpture BLANK.,6837d037-fd89-5325-945f-ec953cdaf8fc,doesn't break,breaks,doesn't break,breaks,doesn't break,1,1020.1999999880792,899.4000000357628,
A248MLJ06DNLU2,minimal,The sculpture is on the floor. Ali bumps the table. The sculpture BLANK.,6837d037-fd89-5325-945f-ec953cdaf8fc,doesn't break,breaks,,,doesn't break,-1,,,the sculpture doesn't brea.
A18XXGMMR8OMW2,minimal,The empty jar is on the table. Ali fills the sink. The jar is BLANK.,637372ba-bac0-5ffc-95af-27467657d0b0,dry,wet,wet,dry,wet,0,5530.700000047684,3771.399999856949,
A18XXGMMR8OMW2,minimal,The portrait is on the table. Ali bumps the lamp. The portrait BLANK.,887ddffd-f870-51c3-a4da-9d16882413d5,doesn't break,breaks,breaks,doesn't break,doesn't break,1,3975.099999904633,9072.300000190737,
A18XXGMMR8OMW2,minimal,The empty bowl is on the table. Ali knocks the bowl over. The table is BLANK.,06b16899-ccf7-506d-b8e7-c094839d0ed7,dry,wet,dry,wet,dry,1,3961.100000143051,2107.899999856949,
A18XXGMMR8OMW2,minimal,The candle is on the table. Ali bumps the lamp. The candle BLANK.,0edfc764-15dc-56a4-97f0-79696d42e604,doesn't break,breaks,doesn't break,breaks,doesn't break,1,3201.0,1213.2000000476835,
A18XXGMMR8OMW2,minimal,The curry is on the table. Ali turns on the stove. The curry gets BLANK.,b0f42dcc-e0f5-5341-907b-8832326e0521,colder,warmer,colder,warmer,warmer,0,4255.599999904633,2240.2999999523163,
A18XXGMMR8OMW2,minimal,The book is North of Ali. Ali turns around. The book is BLANK Ali.,68d84e25-fe4e-5077-a48e-f046d48af2fc,North of,South of,South of,North of,South of,0,1856.400000095368,3181.200000047684,
A18XXGMMR8OMW2,minimal,The tablet is on the floor. Ali bumps the table. The tablet BLANK.,c746580e-0ddd-5f98-b93a-f4cca7c1f161,doesn't break,breaks,breaks,doesn't break,doesn't break,1,3905.599999904633,3072.7999999523163,
A18XXGMMR8OMW2,minimal,The empty kettle is on the table. Ali fills the sink. The kettle is BLANK.,335be0e6-a5ed-5801-80f1-5c6cab349d24,dry,wet,dry,wet,dry,1,2355.099999904633,4120.5,
A18XXGMMR8OMW2,minimal,The computer is North of Ali. Ali turns around. The computer is BLANK Ali.,40691f9e-5ca7-5c21-98cb-f1f3e90fece7,North of,South of,North of,South of,North of,1,1503.9000000953674,1395.1000001430511,
A18XXGMMR8OMW2,minimal,The ornament is on the floor. Ali bumps the table. The ornament BLANK.,e5ae0bb2-4f9a-5c05-8a70-d24d352debe0,doesn't break,breaks,doesn't break,breaks,doesn't break,1,1141.5999999046326,5740.299999952316,
A18XXGMMR8OMW2,minimal,The chicken is on the table. Ali turns on the stove. The chicken gets BLANK.,6fbad9b4-9231-5796-a9b4-b8e8fb940654,colder,warmer,colder,warmer,colder,1,4567.200000047684,1246.9000000953674,
A18XXGMMR8OMW2,minimal,The empty flask is on the table. Ali knocks the flask over. The table is BLANK.,4d25e5cd-4b9f-54f6-abe2-eafde27f21c2,dry,wet,wet,dry,dry,1,2619.2999999523163,949.7999999523164,
A263Y9ZPYSSTB9,minimal,The vase is North of Ali. Ali turns around. The vase is BLANK Ali.,a3aa7fe8-9da6-5cc8-8664-c4fd06944bd2,North of,South of,South of,North of,South of,0,8276.90000000596,2227.300000011921,
A263Y9ZPYSSTB9,minimal,The plate is on the floor. Ali bumps the table. The plate BLANK.,746aa902-d880-5b36-add1-a3457a31beb3,doesn't break,breaks,breaks,doesn't break,breaks,0,3577.2999999821186,1037.7999999821186,
A263Y9ZPYSSTB9,minimal,The empty pitcher is on the table. Ali fills the sink. The pitcher is BLANK.,ee9b763e-9f9e-59f8-9bc5-1c6e2075abae,dry,wet,wet,dry,wet,0,1867.2999999821184,2451.7999999821186,
A263Y9ZPYSSTB9,minimal,The painting is North of Ali. Ali turns around. The painting is BLANK Ali.,64e3f33d-f1bb-5469-960d-6b974ada7e0a,North of,South of,North of,South of,South of,0,4567.899999976158,699.6999999880791,
A263Y9ZPYSSTB9,minimal,The empty jug is on the table. Ali fills the sink. The jug is BLANK.,654f6276-9e9e-52c2-867d-b66c3aa70976,dry,wet,dry,wet,dry,1,2897.699999988079,1376.300000011921,
A263Y9ZPYSSTB9,minimal,The mug is on the table. Ali bumps the lamp. The mug BLANK.,81e84bb2-9f95-5bbd-bbe3-af94794b6123,doesn't break,breaks,doesn't break,breaks,breaks,0,1505.9000000059605,607.3000000119209,
A263Y9ZPYSSTB9,minimal,The empty cup is on the table. Ali knocks the cup over. The table is BLANK.,e6aecef6-eb29-5c41-a462-92c423095047,dry,wet,dry,wet,dry,1,2499.5999999940395,2474.100000023842,
A263Y9ZPYSSTB9,minimal,The tea is on the table. Ali turns on the stove. The tea gets BLANK.,f4d79629-266b-5267-8ea1-847001b48e5a,colder,warmer,colder,warmer,warmer,0,2182.9000000059605,743.0999999940395,
A263Y9ZPYSSTB9,minimal,The laptop is on the floor. Ali bumps the table. The laptop BLANK.,88059c09-088b-5009-bafd-b7e931442077,doesn't break,breaks,breaks,doesn't break,breaks,0,1574.5,1057.5,
A263Y9ZPYSSTB9,minimal,The plate is on the table. Ali bumps the lamp. The plate BLANK.,aaa1f7f2-1b97-5138-9daa-38fb1bd7bc25,doesn't break,breaks,breaks,doesn't break,breaks,0,1668.0999999940395,967.2000000178814,
A263Y9ZPYSSTB9,minimal,The dog is North of Ali. Ali turns around. The dog is BLANK Ali.,51f91196-934d-5ef1-b798-f0d70fe6a0c2,North of,South of,South of,North of,South of,0,2113.7999999821186,2336.300000011921,
A263Y9ZPYSSTB9,minimal,The sauce is on the table. Ali turns on the stove. The sauce gets BLANK.,7ba8e937-510d-512c-ac3a-9877388c0eec,colder,warmer,warmer,colder,warmer,0,2314.2999999821186,655.0,
A263Y9ZPYSSTB9,minimal,The empty carton is on the table. Ali knocks the carton over. The table is BLANK.,6bb50e85-6ac5-52a5-b623-32e416664177,dry,wet,wet,dry,dry,1,1464.9000000059605,1057.5,
A16V26PS1N92AG,minimal,The empty thermos is on the table. Ali knocks the thermos over. The table is BLANK.,504496f0-2b75-5a26-8866-95cbb113f5a4,dry,wet,wet,dry,dry,1,2749.6000003814697,6752.0,
A16V26PS1N92AG,minimal,The empty mug is on the table. Ali fills the sink. The mug is BLANK.,36794563-6ac8-5075-8df5-b2ecbd8f8c8b,dry,wet,wet,dry,dry,1,3295.7999997138977,5393.199999809265,
A16V26PS1N92AG,minimal,The empty can is on the table. Ali knocks the can over. The table is BLANK.,7b0ff26b-5f65-57c0-b1e1-7dac2ab25032,dry,wet,dry,wet,dry,1,8913.099999904633,1102.2000002861023,
A16V26PS1N92AG,minimal,The glass is on the floor. Ali bumps the table. The glass BLANK.,2a5f6d9c-8b03-5fe5-8a19-87971947d204,doesn't break,breaks,breaks,doesn't break,doesn't break,1,4829.900000095367,1791.6999998092651,
A16V26PS1N92AG,minimal,The empty vase is on the table. Ali fills the sink. The vase is BLANK.,608b5972-0b7e-5142-995f-b84143ea7b33,dry,wet,dry,wet,dry,1,4111.60000038147,4271.799999713898,
A16V26PS1N92AG,minimal,The ocean is North of Ali. Ali turns around. The ocean is BLANK Ali.,8e94a295-1159-50a9-9ebf-d12558060a5d,North of,South of,South of,North of,North of,1,3424.9000000953674,1102.5,
A16V26PS1N92AG,minimal,The clock is on the floor. Ali bumps the table. The clock BLANK.,581ab406-6472-5213-8fa5-924e54aadbbb,doesn't break,breaks,breaks,doesn't break,doesn't break,1,1919.5999999046328,2111.7999997138977,
A16V26PS1N92AG,minimal,The mug is on the floor. Ali bumps the table. The mug BLANK.,af3ddb77-e0ef-5dc6-a71f-322ffe4f1f53,doesn't break,breaks,breaks,doesn't break,doesn't break,1,1183.2999997138977,5553.199999809265,
A16V26PS1N92AG,minimal,The bottle is on the table. Ali bumps the lamp. The bottle BLANK.,8e5290bc-3ba2-56b3-b1c5-33531c9a12ae,doesn't break,breaks,doesn't break,breaks,doesn't break,1,4623.5,1087.8000001907349,
A16V26PS1N92AG,minimal,The jar is on the table. Ali bumps the lamp. The jar BLANK.,ca149acc-4333-5d4e-9b73-b3954089e0b3,doesn't break,breaks,doesn't break,breaks,doesn't break,1,2015.2000002861023,4033.599999904633,
A16V26PS1N92AG,minimal,The man is North of Ali. Ali turns around. The man is BLANK Ali.,42f4e9ba-3d9f-52aa-aa48-aaf77bdffda2,North of,South of,South of,North of,North of,1,1055.5999999046326,4176.0,
A16V26PS1N92AG,minimal,The coffee is on the table. Ali turns on the stove. The coffee gets BLANK.,aad29bfa-c5cb-5d6a-9c3f-296137723195,colder,warmer,warmer,colder,colder,1,2143.3999996185303,3071.0,
A277KFZ8YNQ646,minimal,The fish is on the table. Ali turns on the stove. The fish gets BLANK.,4ec9870c-0c7d-5611-b076-993ce15358f1,colder,warmer,warmer,colder,warmer,0,3501.5,1044.899999976158,
A277KFZ8YNQ646,minimal,The empty vase is on the table. Ali knocks the vase over. The table is BLANK.,c79d12ce-733d-590c-bf09-4db1c50645ce,dry,wet,wet,dry,wet,0,5025.100000023842,759.3999999761581,
A277KFZ8YNQ646,minimal,The whiteboard is North of Ali. Ali turns around. The whiteboard is BLANK Ali.,a375252e-8be0-5a31-8826-ab7a09baa72d,North of,South of,South of,North of,North of,1,3606.400000095368,1746.0999999046326,
A277KFZ8YNQ646,minimal,The street is North of Ali. Ali turns around. The street is BLANK Ali.,51679ab6-e072-51aa-920a-095c3ab09319,North of,South of,South of,North of,South of,0,3428.0,1481.7000000476835,
A277KFZ8YNQ646,minimal,The clock is on the table. Ali bumps the lamp. The clock BLANK.,cb7a432a-c5db-586f-98f9-422792efd822,doesn't break,breaks,doesn't break,breaks,breaks,0,3582.9000000953674,1082.0,
A277KFZ8YNQ646,minimal,The mirror is on the floor. Ali bumps the table. The mirror BLANK.,c476f558-1f2e-503e-90a0-b300840ca6e1,doesn't break,breaks,breaks,doesn't break,breaks,0,2468.899999976158,824.7999999523163,
A277KFZ8YNQ646,minimal,The empty jug is on the table. Ali knocks the jug over. The table is BLANK.,2fc6d99a-038d-5235-bc08-f350777f4e86,dry,wet,wet,dry,wet,0,5221.5,2049.099999904633,
A277KFZ8YNQ646,minimal,The steak is on the table. Ali turns on the stove. The steak gets BLANK.,403f4fa5-5200-5d22-9f1b-6e2c2edf755c,colder,warmer,warmer,colder,warmer,0,2971.5,745.2000000476837,
A277KFZ8YNQ646,minimal,The empty thermos is on the table. Ali fills the sink. The thermos is BLANK.,ca1d2738-b7ef-5748-bc41-00d7b201a41c,dry,wet,dry,wet,dry,1,4130.300000071526,1332.4000000953674,
A277KFZ8YNQ646,minimal,The empty tub is on the table. Ali fills the sink. The tub is BLANK.,cc2cb203-9a96-586b-9727-0a8212155c43,dry,wet,wet,dry,wet,0,1918.400000095368,1774.0999999046326,
A277KFZ8YNQ646,minimal,The television is on the floor. Ali bumps the table. The television BLANK.,4e7ee80f-f119-5b6d-82df-ba4d4ad03735,doesn't break,breaks,breaks,doesn't break,breaks,0,1046.9000000953674,1070.5999999046326,
A277KFZ8YNQ646,minimal,The sculpture is on the table. Ali bumps the lamp. The sculpture BLANK.,8f5095bc-b58d-59fb-94fa-7c121e14b746,doesn't break,breaks,doesn't break,breaks,breaks,0,2166.200000047684,805.0,
A17TKHT8FEVH0R,minimal,The sculpture is on the table. Ali bumps the lamp. The sculpture BLANK.,8f5095bc-b58d-59fb-94fa-7c121e14b746,doesn't break,breaks,breaks,doesn't break,breaks,0,324.0,5277.099999999628,
A17TKHT8FEVH0R,minimal,The mirror is on the floor. Ali bumps the table. The mirror BLANK.,c476f558-1f2e-503e-90a0-b300840ca6e1,doesn't break,breaks,breaks,doesn't break,doesn't break,1,4371.799999999814,3993.5,
A17TKHT8FEVH0R,minimal,The empty thermos is on the table. Ali fills the sink. The thermos is BLANK.,ca1d2738-b7ef-5748-bc41-00d7b201a41c,dry,wet,wet,dry,dry,1,200.20000000018624,5647.299999999814,
A17TKHT8FEVH0R,minimal,The steak is on the table. Ali turns on the stove. The steak gets BLANK.,403f4fa5-5200-5d22-9f1b-6e2c2edf755c,colder,warmer,warmer,colder,colder,1,4099.899999999441,1395.0999999996277,
A17TKHT8FEVH0R,minimal,The empty tub is on the table. Ali fills the sink. The tub is BLANK.,cc2cb203-9a96-586b-9727-0a8212155c43,dry,wet,dry,wet,dry,1,11509.900000000373,953.3999999994412,
A17TKHT8FEVH0R,minimal,The empty vase is on the table. Ali knocks the vase over. The table is BLANK.,c79d12ce-733d-590c-bf09-4db1c50645ce,dry,wet,wet,dry,dry,1,4257.700000000186,2144.0999999996275,
A17TKHT8FEVH0R,minimal,The fish is on the table. Ali turns on the stove. The fish gets BLANK.,4ec9870c-0c7d-5611-b076-993ce15358f1,colder,warmer,colder,warmer,colder,1,2396.2000000001863,2448.2000000001863,
A17TKHT8FEVH0R,minimal,The empty jug is on the table. Ali knocks the jug over. The table is BLANK.,2fc6d99a-038d-5235-bc08-f350777f4e86,dry,wet,dry,wet,dry,1,2077.7000000001863,3535.7000000001863,
A17TKHT8FEVH0R,minimal,The street is North of Ali. Ali turns around. The street is BLANK Ali.,51679ab6-e072-51aa-920a-095c3ab09319,North of,South of,North of,South of,South of,0,2177.5,2163.0,
A17TKHT8FEVH0R,minimal,The whiteboard is North of Ali. Ali turns around. The whiteboard is BLANK Ali.,a375252e-8be0-5a31-8826-ab7a09baa72d,North of,South of,North of,South of,South of,0,3686.099999999628,2265.7000000001863,
A17TKHT8FEVH0R,minimal,The television is on the floor. Ali bumps the table. The television BLANK.,4e7ee80f-f119-5b6d-82df-ba4d4ad03735,doesn't break,breaks,doesn't break,breaks,doesn't break,1,1947.099999999628,2616.5999999996275,
A17TKHT8FEVH0R,minimal,The clock is on the table. Ali bumps the lamp. The clock BLANK.,cb7a432a-c5db-586f-98f9-422792efd822,doesn't break,breaks,breaks,doesn't break,breaks,0,32315.200000000183,1269.7999999998135,
A17TKHT8FEVH0R,minimal,The sculpture is on the table. Ali bumps the lamp. The sculpture BLANK.,8f5095bc-b58d-59fb-94fa-7c121e14b746,doesn't break,breaks,doesn't break,breaks,breaks,0,2207.399999999441,1828.9000000003723,
A17TKHT8FEVH0R,minimal,The sculpture is on the table. Ali bumps the lamp. The sculpture BLANK.,8f5095bc-b58d-59fb-94fa-7c121e14b746,doesn't break,breaks,,,breaks,-1,,,The lamp is most likely on the table as well.
A27B0BV6MNTEPZ,minimal,The television is on the floor. Ali bumps the table. The television BLANK.,4e7ee80f-f119-5b6d-82df-ba4d4ad03735,doesn't break,breaks,doesn't break,breaks,breaks,0,2345.5999999940395,4592.0,
A27B0BV6MNTEPZ,minimal,The sculpture is on the table. Ali bumps the lamp. The sculpture BLANK.,8f5095bc-b58d-59fb-94fa-7c121e14b746,doesn't break,breaks,doesn't break,breaks,breaks,0,1229.199999988079,1234.9000000059605,
A27B0BV6MNTEPZ,minimal,The steak is on the table. Ali turns on the stove. The steak gets BLANK.,403f4fa5-5200-5d22-9f1b-6e2c2edf755c,colder,warmer,colder,warmer,warmer,0,2895.6000000089407,1292.5,
A27B0BV6MNTEPZ,minimal,The whiteboard is North of Ali. Ali turns around. The whiteboard is BLANK Ali.,a375252e-8be0-5a31-8826-ab7a09baa72d,North of,South of,North of,South of,South of,0,2858.1000000089407,2595.5,
A27B0BV6MNTEPZ,minimal,The street is North of Ali. Ali turns around. The street is BLANK Ali.,51679ab6-e072-51aa-920a-095c3ab09319,North of,South of,North of,South of,South of,0,6063.70000000298,712.8000000119209,
A27B0BV6MNTEPZ,minimal,The clock is on the table. Ali bumps the lamp. The clock BLANK.,cb7a432a-c5db-586f-98f9-422792efd822,doesn't break,breaks,breaks,doesn't break,breaks,0,2210.70000000298,742.5,
A27B0BV6MNTEPZ,minimal,The mirror is on the floor. Ali bumps the table. The mirror BLANK.,c476f558-1f2e-503e-90a0-b300840ca6e1,doesn't break,breaks,breaks,doesn't break,breaks,0,2302.4000000059605,587.6999999880791,
A27B0BV6MNTEPZ,minimal,The empty thermos is on the table. Ali fills the sink. The thermos is BLANK.,ca1d2738-b7ef-5748-bc41-00d7b201a41c,dry,wet,wet,dry,dry,1,2337.20000000298,5333.79999999702,
A27B0BV6MNTEPZ,minimal,The empty tub is on the table. Ali fills the sink. The tub is BLANK.,cc2cb203-9a96-586b-9727-0a8212155c43,dry,wet,dry,wet,dry,1,2302.20000000298,5087.79999999702,
A27B0BV6MNTEPZ,minimal,The empty vase is on the table. Ali knocks the vase over. The table is BLANK.,c79d12ce-733d-590c-bf09-4db1c50645ce,dry,wet,dry,wet,dry,1,6997.0,7404.79999999702,
A27B0BV6MNTEPZ,minimal,The empty jug is on the table. Ali knocks the jug over. The table is BLANK.,2fc6d99a-038d-5235-bc08-f350777f4e86,dry,wet,wet,dry,dry,1,1555.5,3069.9000000059605,
A27B0BV6MNTEPZ,minimal,The fish is on the table. Ali turns on the stove. The fish gets BLANK.,4ec9870c-0c7d-5611-b076-993ce15358f1,colder,warmer,colder,warmer,colder,1,1682.6000000089407,5405.79999999702,
A19S4W3QLLQJ0T,minimal,The plate is on the table. Ali bumps the lamp. The plate BLANK.,aaa1f7f2-1b97-5138-9daa-38fb1bd7bc25,doesn't break,breaks,breaks,doesn't break,breaks,0,5110.200000001118,1117.0,
A19S4W3QLLQJ0T,minimal,The empty jug is on the table. Ali fills the sink. The jug is BLANK.,654f6276-9e9e-52c2-867d-b66c3aa70976,dry,wet,wet,dry,dry,1,7589.400000000372,1577.300000000745,
A19S4W3QLLQJ0T,minimal,The painting is North of Ali. Ali turns around. The painting is BLANK Ali.,64e3f33d-f1bb-5469-960d-6b974ada7e0a,North of,South of,South of,North of,South of,0,4780.099999999628,716.8000000007451,
A19S4W3QLLQJ0T,minimal,The vase is North of Ali. Ali turns around. The vase is BLANK Ali.,a3aa7fe8-9da6-5cc8-8664-c4fd06944bd2,North of,South of,North of,South of,South of,0,547.0999999996275,6393.599999999628,
A19S4W3QLLQJ0T,minimal,The empty carton is on the table. Ali knocks the carton over. The table is BLANK.,6bb50e85-6ac5-52a5-b623-32e416664177,dry,wet,wet,dry,dry,1,6702.60000000149,2506.5999999996275,
A19S4W3QLLQJ0T,minimal,The dog is North of Ali. Ali turns around. The dog is BLANK Ali.,51f91196-934d-5ef1-b798-f0d70fe6a0c2,North of,South of,North of,South of,South of,0,5671.0,724.7000000011176,
A19S4W3QLLQJ0T,minimal,The empty cup is on the table. Ali knocks the cup over. The table is BLANK.,e6aecef6-eb29-5c41-a462-92c423095047,dry,wet,wet,dry,dry,1,7125.599999999628,669.0999999996275,
A19S4W3QLLQJ0T,minimal,The mug is on the table. Ali bumps the lamp. The mug BLANK.,81e84bb2-9f95-5bbd-bbe3-af94794b6123,doesn't break,breaks,breaks,doesn't break,doesn't break,1,7099.800000000745,3038.5999999996275,
A19S4W3QLLQJ0T,minimal,The plate is on the floor. Ali bumps the table. The plate BLANK.,746aa902-d880-5b36-add1-a3457a31beb3,doesn't break,breaks,doesn't break,breaks,doesn't break,1,14262.800000000743,891.7999999988824,
A19S4W3QLLQJ0T,minimal,The tea is on the table. Ali turns on the stove. The tea gets BLANK.,f4d79629-266b-5267-8ea1-847001b48e5a,colder,warmer,warmer,colder,colder,1,3681.2999999988815,1105.9000000003723,
A19S4W3QLLQJ0T,minimal,The empty pitcher is on the table. Ali fills the sink. The pitcher is BLANK.,ee9b763e-9f9e-59f8-9bc5-1c6e2075abae,dry,wet,wet,dry,dry,1,4116.199999999255,2444.300000000745,
A19S4W3QLLQJ0T,minimal,The laptop is on the floor. Ali bumps the table. The laptop BLANK.,88059c09-088b-5009-bafd-b7e931442077,doesn't break,breaks,doesn't break,breaks,doesn't break,1,13398.400000000373,897.0,
A19S4W3QLLQJ0T,minimal,The sauce is on the table. Ali turns on the stove. The sauce gets BLANK.,7ba8e937-510d-512c-ac3a-9877388c0eec,colder,warmer,colder,warmer,colder,1,13191.0,1333.2999999988824,
A27LCUA35LPVM8,minimal,The television is on the table. Ali bumps the lamp. The television BLANK.,60833207-b675-5f32-ab67-85a791ce814f,doesn't break,breaks,doesn't break,breaks,doesn't break,1,4573.5,2607.9000000953674,
A27LCUA35LPVM8,minimal,The empty box is on the table. Ali fills the sink. The box is BLANK.,58b88005-7f83-54dc-8994-ba230c248673,dry,wet,wet,dry,dry,1,1006.899999976158,767.0,
A27LCUA35LPVM8,minimal,The museum is North of Ali. Ali turns around. The museum is BLANK Ali.,11d7dec7-34c3-5381-80c8-460155badd74,North of,South of,South of,North of,South of,0,983.0,607.0999999046326,
A27LCUA35LPVM8,minimal,The empty teapot is on the table. Ali knocks the teapot over. The table is BLANK.,35b3312e-b7e0-59b8-933b-ec0336ad5162,dry,wet,dry,wet,wet,0,2214.0,4488.100000023842,
A27LCUA35LPVM8,minimal,The tree is North of Ali. Ali turns around. The tree is BLANK Ali.,f8a90dad-f837-555e-beb1-3a5da5eb35ef,North of,South of,South of,North of,North of,1,3839.799999952316,4415.0,
A27LCUA35LPVM8,minimal,The empty bowl is on the table. Ali fills the sink. The bowl is BLANK.,b53176cd-e250-5a59-b3be-ceaba45ea634,dry,wet,dry,wet,dry,1,3894.700000047684,1352.5999999046326,
A27LCUA35LPVM8,minimal,The empty wineglass is on the table. Ali knocks the wineglass over. The table is BLANK.,dfb0bf34-70f6-5390-b055-469ef8e6506c,dry,wet,dry,wet,wet,0,3688.1999999284735,863.5,
A27LCUA35LPVM8,minimal,The cup is on the floor. Ali bumps the table. The cup BLANK.,852b0651-2c81-5807-ba4a-d3f2a56a5e5d,doesn't break,breaks,doesn't break,breaks,doesn't break,1,3871.100000023842,2824.600000023842,
A27LCUA35LPVM8,minimal,The water is on the table. Ali turns on the stove. The water gets BLANK.,d363d97e-3c05-5ea9-b0af-4bfba2258626,colder,warmer,warmer,colder,warmer,0,2094.099999904633,1447.0999999046326,
A27LCUA35LPVM8,minimal,The jar is on the floor. Ali bumps the table. The jar BLANK.,272fb3b8-f899-5ff0-ae86-55a1cddaa8e6,doesn't break,breaks,breaks,doesn't break,doesn't break,1,2551.0,927.2000000476836,
A27LCUA35LPVM8,minimal,The cup is on the table. Ali bumps the lamp. The cup BLANK.,e9a925cf-de07-55f7-8ab3-9f28791b3728,doesn't break,breaks,breaks,doesn't break,breaks,0,656.1000000238419,3727.0,
A27LCUA35LPVM8,minimal,The pasta is on the table. Ali turns on the stove. The pasta gets BLANK.,a74a9014-1030-5c5d-b1d0-43ada1ff9c9d,colder,warmer,warmer,colder,colder,1,5438.899999976158,1174.7999999523165,
A27LCUA35LPVM8,minimal,The museum is North of Ali. Ali turns around. The museum is BLANK Ali.,11d7dec7-34c3-5381-80c8-460155badd74,North of,South of,South of,North of,North of,1,10375.200000047684,4495.299999952316,
A27LCUA35LPVM8,minimal,The museum is North of Ali. Ali turns around. The museum is BLANK Ali.,11d7dec7-34c3-5381-80c8-460155badd74,North of,South of,,,North of,-1,,,It's still north no matter what direction she is facing.
A27LCUA35LPVM8,minimal,The empty teapot is on the table. Ali knocks the teapot over. The table is BLANK.,35b3312e-b7e0-59b8-933b-ec0336ad5162,dry,wet,dry,wet,wet,0,11822.799999952316,1439.600000023842,
A27LCUA35LPVM8,minimal,The empty teapot is on the table. Ali knocks the teapot over. The table is BLANK.,35b3312e-b7e0-59b8-933b-ec0336ad5162,dry,wet,,,wet,-1,,,The teapot spilled water onto the table.
A27LCUA35LPVM8,minimal,The empty wineglass is on the table. Ali knocks the wineglass over. The table is BLANK.,dfb0bf34-70f6-5390-b055-469ef8e6506c,dry,wet,wet,dry,wet,0,9759.200000047684,15871.599999904633,
A27LCUA35LPVM8,minimal,The empty wineglass is on the table. Ali knocks the wineglass over. The table is BLANK.,dfb0bf34-70f6-5390-b055-469ef8e6506c,dry,wet,,,wet,-1,,,Wine spilled on the table.
A27LCUA35LPVM8,minimal,The cup is on the floor. Ali bumps the table. The cup BLANK.,852b0651-2c81-5807-ba4a-d3f2a56a5e5d,doesn't break,breaks,breaks,doesn't break,doesn't break,1,2070.7999999523163,4791.5,
A27LCUA35LPVM8,minimal,The cup is on the floor. Ali bumps the table. The cup BLANK.,852b0651-2c81-5807-ba4a-d3f2a56a5e5d,doesn't break,breaks,,,doesn't break,-1,,,The cup wasn't affected by Ali.
A27LCUA35LPVM8,minimal,The water is on the table. Ali turns on the stove. The water gets BLANK.,d363d97e-3c05-5ea9-b0af-4bfba2258626,colder,warmer,colder,warmer,warmer,0,4298.799999952316,2199.7999999523163,
A27LCUA35LPVM8,minimal,The water is on the table. Ali turns on the stove. The water gets BLANK.,d363d97e-3c05-5ea9-b0af-4bfba2258626,colder,warmer,,,warmer,-1,,,The stove heats the water.
A27LCUA35LPVM8,minimal,The jar is on the floor. Ali bumps the table. The jar BLANK.,272fb3b8-f899-5ff0-ae86-55a1cddaa8e6,doesn't break,breaks,doesn't break,breaks,doesn't break,1,1254.3000000715256,6023.5,
A27LCUA35LPVM8,minimal,The jar is on the floor. Ali bumps the table. The jar BLANK.,272fb3b8-f899-5ff0-ae86-55a1cddaa8e6,doesn't break,breaks,,,doesn't break,-1,,,The jar wasn't affected.
A27LCUA35LPVM8,minimal,The cup is on the table. Ali bumps the lamp. The cup BLANK.,e9a925cf-de07-55f7-8ab3-9f28791b3728,doesn't break,breaks,breaks,doesn't break,doesn't break,1,2215.399999976158,31487.89999997616,
A27LCUA35LPVM8,minimal,The cup is on the table. Ali bumps the lamp. The cup BLANK.,e9a925cf-de07-55f7-8ab3-9f28791b3728,doesn't break,breaks,,,doesn't break,-1,,,It wasn't clear where the lamp and cup were in relation to each other.
A1BDJJ3Z71CDKL,minimal,The empty glass is on the table. Ali knocks the glass over. The table is BLANK.,03be173e-02aa-5a79-968a-ce8ea00117d3,dry,wet,dry,wet,wet,0,7234.800000011921,1231.300000011921,
A1BDJJ3Z71CDKL,minimal,The statue is North of Ali. Ali turns around. The statue is BLANK Ali.,54f3455a-0981-5b04-b253-5891eb7c16e5,North of,South of,North of,South of,North of,1,7680.5,11005.900000035765,
A1BDJJ3Z71CDKL,minimal,The empty glass is on the table. Ali knocks the glass over. The table is BLANK.,03be173e-02aa-5a79-968a-ce8ea00117d3,dry,wet,dry,wet,wet,0,3152.199999988079,1058.2999999523165,
A1BDJJ3Z71CDKL,minimal,The glass is on the table. Ali bumps the lamp. The glass BLANK.,4c8e019f-3f91-5c88-bdea-d68026fd0446,doesn't break,breaks,doesn't break,breaks,doesn't break,1,7263.300000011921,5792.600000023842,
A1BDJJ3Z71CDKL,minimal,The painting is North of Ali. Ali turns around. The painting is BLANK Ali.,64e3f33d-f1bb-5469-960d-6b974ada7e0a,North of,South of,North of,South of,North of,1,2544.800000011921,1725.600000023842,
A1BDJJ3Z71CDKL,minimal,The empty cup is on the table. Ali fills the sink. The cup is BLANK.,01ab1e92-2477-582f-a9a9-917cb2a0983b,dry,wet,dry,wet,dry,1,2982.0,11104.400000035765,
A1BDJJ3Z71CDKL,minimal,The glass is on the floor. Ali bumps the table. The glass BLANK.,2a5f6d9c-8b03-5fe5-8a19-87971947d204,doesn't break,breaks,breaks,doesn't break,doesn't break,1,4076.0,1548.9000000357628,
A1BDJJ3Z71CDKL,minimal,The soup is on the table. Ali turns on the stove. The soup gets BLANK.,43bffc24-3955-522c-a74b-5fd4b204d283,colder,warmer,warmer,colder,colder,1,1108.199999988079,4165.399999976158,
A1BDJJ3Z71CDKL,minimal,The empty glass is on the table. Ali fills the sink. The glass is BLANK.,34ea25b7-8077-5b64-bc1b-17e62828dfb0,dry,wet,dry,wet,dry,1,3003.5,2178.300000011921,
A1BDJJ3Z71CDKL,minimal,The porridge is on the table. Ali turns on the stove. The porridge gets BLANK.,2b80b416-13b1-5a5a-9b61-4c40aac5cf9e,colder,warmer,warmer,colder,colder,1,2787.400000035763,2495.100000023842,
A1BDJJ3Z71CDKL,minimal,The vase is on the table. Ali bumps the lamp. The vase BLANK.,2f76e57c-aad0-59fa-99e3-ad747c8c14d1,doesn't break,breaks,doesn't break,breaks,doesn't break,1,4801.699999988079,2225.5,
A1BDJJ3Z71CDKL,minimal,The vase is on the floor. Ali bumps the table. The vase BLANK.,b981d9fe-77c9-531c-afc1-fc37c2d11e04,doesn't break,breaks,doesn't break,breaks,doesn't break,1,2749.0,842.1000000238419,
A1BDJJ3Z71CDKL,minimal,The empty mug is on the table. Ali knocks the mug over. The table is BLANK.,7f7d49b6-0545-5dd9-9166-80fc48a498e7,dry,wet,wet,dry,dry,1,3172.899999976158,4182.699999988079,
A2B0FLA55RH047,minimal,The street is North of Ali. Ali turns around. The street is BLANK Ali.,51679ab6-e072-51aa-920a-095c3ab09319,North of,South of,North of,South of,South of,0,5627.0,1077.0,
A2B0FLA55RH047,minimal,The empty tub is on the table. Ali fills the sink. The tub is BLANK.,cc2cb203-9a96-586b-9727-0a8212155c43,dry,wet,dry,wet,dry,1,10786.0,1990.0,
A2B0FLA55RH047,minimal,The steak is on the table. Ali turns on the stove. The steak gets BLANK.,403f4fa5-5200-5d22-9f1b-6e2c2edf755c,colder,warmer,warmer,colder,colder,1,7799.0,3973.0,
A2B0FLA55RH047,minimal,The empty jug is on the table. Ali knocks the jug over. The table is BLANK.,2fc6d99a-038d-5235-bc08-f350777f4e86,dry,wet,dry,wet,dry,1,6316.0,4470.0,
A2B0FLA55RH047,minimal,The whiteboard is North of Ali. Ali turns around. The whiteboard is BLANK Ali.,a375252e-8be0-5a31-8826-ab7a09baa72d,North of,South of,South of,North of,South of,0,9713.0,1564.0,
A2B0FLA55RH047,minimal,The empty thermos is on the table. Ali fills the sink. The thermos is BLANK.,ca1d2738-b7ef-5748-bc41-00d7b201a41c,dry,wet,dry,wet,dry,1,7125.0,1062.0,
A2B0FLA55RH047,minimal,The clock is on the table. Ali bumps the lamp. The clock BLANK.,cb7a432a-c5db-586f-98f9-422792efd822,doesn't break,breaks,breaks,doesn't break,doesn't break,1,5726.0,1664.0,
A2B0FLA55RH047,minimal,The fish is on the table. Ali turns on the stove. The fish gets BLANK.,4ec9870c-0c7d-5611-b076-993ce15358f1,colder,warmer,colder,warmer,colder,1,3565.0,2422.0,
A2B0FLA55RH047,minimal,The empty vase is on the table. Ali knocks the vase over. The table is BLANK.,c79d12ce-733d-590c-bf09-4db1c50645ce,dry,wet,wet,dry,dry,1,9735.0,3225.0,
A2B0FLA55RH047,minimal,The mirror is on the floor. Ali bumps the table. The mirror BLANK.,c476f558-1f2e-503e-90a0-b300840ca6e1,doesn't break,breaks,doesn't break,breaks,doesn't break,1,4171.0,1201.0,
A2B0FLA55RH047,minimal,The sculpture is on the table. Ali bumps the lamp. The sculpture BLANK.,8f5095bc-b58d-59fb-94fa-7c121e14b746,doesn't break,breaks,doesn't break,breaks,doesn't break,1,2265.0,6138.0,
A2B0FLA55RH047,minimal,The television is on the floor. Ali bumps the table. The television BLANK.,4e7ee80f-f119-5b6d-82df-ba4d4ad03735,doesn't break,breaks,doesn't break,breaks,doesn't break,1,2609.0,1719.0,
A1DXGBSF4E3WTI,minimal,The steak is on the table. Ali turns on the stove. The steak gets BLANK.,403f4fa5-5200-5d22-9f1b-6e2c2edf755c,colder,warmer,colder,warmer,colder,1,7123.300000190735,2935.699999809265,
A1DXGBSF4E3WTI,minimal,The whiteboard is North of Ali. Ali turns around. The whiteboard is BLANK Ali.,a375252e-8be0-5a31-8826-ab7a09baa72d,North of,South of,South of,North of,North of,1,9611.900000095367,3801.800000190735,
A1DXGBSF4E3WTI,minimal,The television is on the floor. Ali bumps the table. The television BLANK.,4e7ee80f-f119-5b6d-82df-ba4d4ad03735,doesn't break,breaks,breaks,doesn't break,doesn't break,1,11425.300000190737,1579.5,
A1DXGBSF4E3WTI,minimal,The empty vase is on the table. Ali knocks the vase over. The table is BLANK.,c79d12ce-733d-590c-bf09-4db1c50645ce,dry,wet,wet,dry,wet,0,2686.599999904633,5444.200000286102,
A1DXGBSF4E3WTI,minimal,The fish is on the table. Ali turns on the stove. The fish gets BLANK.,4ec9870c-0c7d-5611-b076-993ce15358f1,colder,warmer,colder,warmer,colder,1,11917.400000095367,1307.3000001907349,
A1DXGBSF4E3WTI,minimal,The empty jug is on the table. Ali knocks the jug over. The table is BLANK.,2fc6d99a-038d-5235-bc08-f350777f4e86,dry,wet,wet,dry,dry,1,4191.800000190735,1170.5999999046326,
A1DXGBSF4E3WTI,minimal,The sculpture is on the table. Ali bumps the lamp. The sculpture BLANK.,8f5095bc-b58d-59fb-94fa-7c121e14b746,doesn't break,breaks,doesn't break,breaks,doesn't break,1,10579.599999904633,6369.599999904633,
A1DXGBSF4E3WTI,minimal,The empty thermos is on the table. Ali fills the sink. The thermos is BLANK.,ca1d2738-b7ef-5748-bc41-00d7b201a41c,dry,wet,dry,wet,dry,1,7325.599999904633,2054.2000002861023,
A1DXGBSF4E3WTI,minimal,The street is North of Ali. Ali turns around. The street is BLANK Ali.,51679ab6-e072-51aa-920a-095c3ab09319,North of,South of,North of,South of,North of,1,5954.0,2311.7999997138977,
A1DXGBSF4E3WTI,minimal,The mirror is on the floor. Ali bumps the table. The mirror BLANK.,c476f558-1f2e-503e-90a0-b300840ca6e1,doesn't break,breaks,doesn't break,breaks,doesn't break,1,4783.700000286102,3224.599999904633,
A1DXGBSF4E3WTI,minimal,The empty tub is on the table. Ali fills the sink. The tub is BLANK.,cc2cb203-9a96-586b-9727-0a8212155c43,dry,wet,dry,wet,dry,1,3511.199999809265,869.7999997138977,
A1DXGBSF4E3WTI,minimal,The clock is on the table. Ali bumps the lamp. The clock BLANK.,cb7a432a-c5db-586f-98f9-422792efd822,doesn't break,breaks,doesn't break,breaks,doesn't break,1,3255.9000000953674,1545.9000000953674,
A27OAV65FAM3DM,minimal,The empty glass is on the table. Ali fills the sink. The glass is BLANK.,34ea25b7-8077-5b64-bc1b-17e62828dfb0,dry,wet,dry,wet,dry,1,4468.699999809265,4815.5,
A27OAV65FAM3DM,minimal,The porridge is on the table. Ali turns on the stove. The porridge gets BLANK.,2b80b416-13b1-5a5a-9b61-4c40aac5cf9e,colder,warmer,warmer,colder,warmer,0,3794.799999952316,2163.899999856949,
A27OAV65FAM3DM,minimal,The statue is North of Ali. Ali turns around. The statue is BLANK Ali.,54f3455a-0981-5b04-b253-5891eb7c16e5,North of,South of,South of,North of,South of,0,3405.599999904633,2416.0,
A27OAV65FAM3DM,minimal,The painting is North of Ali. Ali turns around. The painting is BLANK Ali.,64e3f33d-f1bb-5469-960d-6b974ada7e0a,North of,South of,South of,North of,South of,0,2220.200000047684,1112.5,
A27OAV65FAM3DM,minimal,The glass is on the floor. Ali bumps the table. The glass BLANK.,2a5f6d9c-8b03-5fe5-8a19-87971947d204,doesn't break,breaks,doesn't break,breaks,doesn't break,1,2108.2999999523163,1709.0,
A27OAV65FAM3DM,minimal,The vase is on the table. Ali bumps the lamp. The vase BLANK.,2f76e57c-aad0-59fa-99e3-ad747c8c14d1,doesn't break,breaks,breaks,doesn't break,breaks,0,3017.899999856949,1370.7999999523165,
A27OAV65FAM3DM,minimal,The empty glass is on the table. Ali knocks the glass over. The table is BLANK.,03be173e-02aa-5a79-968a-ce8ea00117d3,dry,wet,wet,dry,wet,0,3549.7999999523163,1557.8000001907349,
A27OAV65FAM3DM,minimal,The empty glass is on the table. Ali knocks the glass over. The table is BLANK.,03be173e-02aa-5a79-968a-ce8ea00117d3,dry,wet,wet,dry,wet,0,556.2999999523163,1657.0999999046326,
A27OAV65FAM3DM,minimal,The empty cup is on the table. Ali fills the sink. The cup is BLANK.,01ab1e92-2477-582f-a9a9-917cb2a0983b,dry,wet,wet,dry,dry,1,2640.0,751.9000000953674,
A27OAV65FAM3DM,minimal,The vase is on the floor. Ali bumps the table. The vase BLANK.,b981d9fe-77c9-531c-afc1-fc37c2d11e04,doesn't break,breaks,breaks,doesn't break,breaks,0,1571.1999998092651,951.7999999523164,
A27OAV65FAM3DM,minimal,The empty mug is on the table. Ali knocks the mug over. The table is BLANK.,7f7d49b6-0545-5dd9-9166-80fc48a498e7,dry,wet,dry,wet,wet,0,2573.0,1019.9000000953674,
A27OAV65FAM3DM,minimal,The glass is on the table. Ali bumps the lamp. The glass BLANK.,4c8e019f-3f91-5c88-bdea-d68026fd0446,doesn't break,breaks,doesn't break,breaks,doesn't break,1,1715.9000000953674,758.7999999523163,
A27OAV65FAM3DM,minimal,The soup is on the table. Ali turns on the stove. The soup gets BLANK.,43bffc24-3955-522c-a74b-5fd4b204d283,colder,warmer,warmer,colder,warmer,0,1753.6000001430511,782.4000000953674,
A281NYJUA83Y3Y,minimal,The glass is on the table. Ali bumps the lamp. The glass BLANK.,4c8e019f-3f91-5c88-bdea-d68026fd0446,doesn't break,breaks,breaks,doesn't break,breaks,0,3639.800000011921,1560.9000000357628,
A281NYJUA83Y3Y,minimal,The empty glass is on the table. Ali knocks the glass over. The table is BLANK.,03be173e-02aa-5a79-968a-ce8ea00117d3,dry,wet,dry,wet,dry,1,528.2999999523163,4469.800000011921,
A281NYJUA83Y3Y,minimal,The vase is on the table. Ali bumps the lamp. The vase BLANK.,2f76e57c-aad0-59fa-99e3-ad747c8c14d1,doesn't break,breaks,breaks,doesn't break,doesn't break,1,9543.0,4244.400000035763,
A281NYJUA83Y3Y,minimal,The empty glass is on the table. Ali fills the sink. The glass is BLANK.,34ea25b7-8077-5b64-bc1b-17e62828dfb0,dry,wet,dry,wet,dry,1,2794.600000023842,1233.5,
A281NYJUA83Y3Y,minimal,The glass is on the floor. Ali bumps the table. The glass BLANK.,2a5f6d9c-8b03-5fe5-8a19-87971947d204,doesn't break,breaks,doesn't break,breaks,doesn't break,1,3541.100000023842,818.3000000119209,
A281NYJUA83Y3Y,minimal,The empty glass is on the table. Ali knocks the glass over. The table is BLANK.,03be173e-02aa-5a79-968a-ce8ea00117d3,dry,wet,wet,dry,dry,1,4520.099999964237,830.3000000119209,
A281NYJUA83Y3Y,minimal,The soup is on the table. Ali turns on the stove. The soup gets BLANK.,43bffc24-3955-522c-a74b-5fd4b204d283,colder,warmer,warmer,colder,colder,1,2433.900000035763,1663.7000000476835,
A281NYJUA83Y3Y,minimal,The vase is on the floor. Ali bumps the table. The vase BLANK.,b981d9fe-77c9-531c-afc1-fc37c2d11e04,doesn't break,breaks,doesn't break,breaks,doesn't break,1,3068.5,581.1000000238419,
A281NYJUA83Y3Y,minimal,The porridge is on the table. Ali turns on the stove. The porridge gets BLANK.,2b80b416-13b1-5a5a-9b61-4c40aac5cf9e,colder,warmer,colder,warmer,warmer,0,7916.100000023842,604.1999999880791,
A281NYJUA83Y3Y,minimal,The empty cup is on the table. Ali fills the sink. The cup is BLANK.,01ab1e92-2477-582f-a9a9-917cb2a0983b,dry,wet,wet,dry,dry,1,2238.5,850.6000000238419,
A281NYJUA83Y3Y,minimal,The empty mug is on the table. Ali knocks the mug over. The table is BLANK.,7f7d49b6-0545-5dd9-9166-80fc48a498e7,dry,wet,wet,dry,dry,1,2031.5,559.5999999642372,
A281NYJUA83Y3Y,minimal,The statue is North of Ali. Ali turns around. The statue is BLANK Ali.,54f3455a-0981-5b04-b253-5891eb7c16e5,North of,South of,South of,North of,South of,0,1572.0,2310.0,
A281NYJUA83Y3Y,minimal,The painting is North of Ali. Ali turns around. The painting is BLANK Ali.,64e3f33d-f1bb-5469-960d-6b974ada7e0a,North of,South of,North of,South of,North of,1,3324.599999964237,616.1999999880791,
A281NYJUA83Y3Y,minimal,The glass is on the table. Ali bumps the lamp. The glass BLANK.,4c8e019f-3f91-5c88-bdea-d68026fd0446,doesn't break,breaks,doesn't break,breaks,doesn't break,1,2133.400000035763,888.8999999761581,
A281NYJUA83Y3Y,minimal,The glass is on the table. Ali bumps the lamp. The glass BLANK.,4c8e019f-3f91-5c88-bdea-d68026fd0446,doesn't break,breaks,,,doesn't break,-1,,,"I answered doesn't break, because I do not know if the lamp is also on the table."
A281NYJUA83Y3Y,minimal,The glass is on the floor. Ali bumps the table. The glass BLANK.,2a5f6d9c-8b03-5fe5-8a19-87971947d204,doesn't break,breaks,doesn't break,breaks,doesn't break,1,1867.4000000357628,1086.899999976158,
A281NYJUA83Y3Y,minimal,The glass is on the floor. Ali bumps the table. The glass BLANK.,2a5f6d9c-8b03-5fe5-8a19-87971947d204,doesn't break,breaks,,,doesn't break,-1,,,The glass isn't on the table so Ali bumping it shouldn't make it fall.
A281NYJUA83Y3Y,minimal,The empty glass is on the table. Ali knocks the glass over. The table is BLANK.,03be173e-02aa-5a79-968a-ce8ea00117d3,dry,wet,dry,wet,dry,1,5532.199999988079,1730.699999988079,
A281NYJUA83Y3Y,minimal,The empty glass is on the table. Ali knocks the glass over. The table is BLANK.,03be173e-02aa-5a79-968a-ce8ea00117d3,dry,wet,,,dry,-1,,,The glass is empty so it shouldn't spill on the table.
A281NYJUA83Y3Y,minimal,The soup is on the table. Ali turns on the stove. The soup gets BLANK.,43bffc24-3955-522c-a74b-5fd4b204d283,colder,warmer,colder,warmer,colder,1,1730.4000000357628,1092.0,
A281NYJUA83Y3Y,minimal,The soup is on the table. Ali turns on the stove. The soup gets BLANK.,43bffc24-3955-522c-a74b-5fd4b204d283,colder,warmer,,,colder,-1,,,The soup is not on the stove so it should be getting colder.
A281NYJUA83Y3Y,minimal,The porridge is on the table. Ali turns on the stove. The porridge gets BLANK.,2b80b416-13b1-5a5a-9b61-4c40aac5cf9e,colder,warmer,colder,warmer,colder,1,2376.400000035763,779.2999999523163,
A281NYJUA83Y3Y,minimal,The porridge is on the table. Ali turns on the stove. The porridge gets BLANK.,2b80b416-13b1-5a5a-9b61-4c40aac5cf9e,colder,warmer,,,colder,-1,,,"The porridge is not on the stove, so it should get colder."
A281NYJUA83Y3Y,minimal,The statue is North of Ali. Ali turns around. The statue is BLANK Ali.,54f3455a-0981-5b04-b253-5891eb7c16e5,North of,South of,South of,North of,South of,0,1829.9000000357628,1023.1999999880792,
A281NYJUA83Y3Y,minimal,The statue is North of Ali. Ali turns around. The statue is BLANK Ali.,54f3455a-0981-5b04-b253-5891eb7c16e5,North of,South of,,,South of,-1,,,Ali turned around flipping the statue's location to him.
A1EMKR3TP9UL9F,minimal,The gumbo is on the table. Ali turns on the stove. The gumbo gets BLANK.,052dddd5-a2cf-5e97-90ed-7e2d2e91f62e,colder,warmer,warmer,colder,warmer,0,1998.4000000059605,834.3999999910593,
A1EMKR3TP9UL9F,minimal,The empty flask is on the table. Ali fills the sink. The flask is BLANK.,9727b31c-2a14-5db5-9980-0074c623524f,dry,wet,dry,wet,wet,0,3889.1000000089407,1143.2999999970198,
A1EMKR3TP9UL9F,minimal,The emtpy can is on the table. Ali fills the sink. The can is BLANK.,23582299-2316-5e9e-a72f-ef1038bc4df3,dry,wet,dry,wet,dry,1,2384.29999999702,1860.70000000298,
A1EMKR3TP9UL9F,minimal,The lamp is on the floor. Ali bumps the table. The lamp BLANK.,730042f0-d8b0-5c6c-8bf7-410416a84eb5,doesn't break,breaks,breaks,doesn't break,doesn't break,1,1664.2000000029802,867.6999999880791,
A1EMKR3TP9UL9F,minimal,The tablet is on the table. Ali bumps the lamp. The tablet BLANK.,1859f2b1-26a2-5a64-959f-fab9926dbb6d,doesn't break,breaks,doesn't break,breaks,doesn't break,1,1961.20000000298,960.7999999970198,
A1EMKR3TP9UL9F,minimal,The empty pitcher is on the table. Ali knocks the pitcher over. The table is BLANK.,ce777ad4-6e7f-5a27-bd97-42231b86b999,dry,wet,wet,dry,dry,1,1932.699999988079,2562.5,
A1EMKR3TP9UL9F,minimal,The house is North of Ali. Ali turns around. The house is BLANK Ali.,168b3f9d-5c7e-5e03-948e-a8b96b9e08a7,North of,South of,North of,South of,South of,0,1692.9000000059605,547.2000000029802,
A1EMKR3TP9UL9F,minimal,The sculpture is on the floor. Ali bumps the table. The sculpture BLANK.,6837d037-fd89-5325-945f-ec953cdaf8fc,doesn't break,breaks,doesn't break,breaks,doesn't break,1,2893.6000000089407,583.5,
A1EMKR3TP9UL9F,minimal,The ornament is on the table. Ali bumps the lamp. The ornament BLANK.,95cf280f-0045-5691-9286-ca2825f711f3,doesn't break,breaks,breaks,doesn't break,doesn't break,1,1431.7999999970198,1043.0,
A1EMKR3TP9UL9F,minimal,The empty jar is on the table. Ali knocks the jar over. The table is BLANK.,d0c6d46f-fa2f-5c0a-93d2-5ebf343adfef,dry,wet,dry,wet,dry,1,2540.300000011921,872.4000000059605,
A1EMKR3TP9UL9F,minimal,The chili is on the table. Ali turns on the stove. The chili gets BLANK.,688b9409-948b-5506-a5bd-8f72bd8f0cdd,colder,warmer,colder,warmer,colder,1,1839.5,4883.20000000298,
A1EMKR3TP9UL9F,minimal,The mountain is North of Ali. Ali turns around. The mountain is BLANK Ali.,cbe70172-4bc2-5518-ae97-53e795d58f6a,North of,South of,South of,North of,South of,0,1920.6000000089407,552.2999999970198,
A2EXM21XS6NZV5,minimal,The gumbo is on the table. Ali turns on the stove. The gumbo gets BLANK.,052dddd5-a2cf-5e97-90ed-7e2d2e91f62e,colder,warmer,warmer,colder,warmer,0,5010.800000000745,1581.300000000745,
A2EXM21XS6NZV5,minimal,The empty flask is on the table. Ali fills the sink. The flask is BLANK.,9727b31c-2a14-5db5-9980-0074c623524f,dry,wet,dry,wet,dry,1,2064.099999997765,9015.60000000149,
A2EXM21XS6NZV5,minimal,The chili is on the table. Ali turns on the stove. The chili gets BLANK.,688b9409-948b-5506-a5bd-8f72bd8f0cdd,colder,warmer,colder,warmer,warmer,0,3329.800000000745,821.0999999977648,
A2EXM21XS6NZV5,minimal,The sculpture is on the floor. Ali bumps the table. The sculpture BLANK.,6837d037-fd89-5325-945f-ec953cdaf8fc,doesn't break,breaks,breaks,doesn't break,doesn't break,1,3978.800000000745,1245.5,
A2EXM21XS6NZV5,minimal,The mountain is North of Ali. Ali turns around. The mountain is BLANK Ali.,cbe70172-4bc2-5518-ae97-53e795d58f6a,North of,South of,South of,North of,South of,0,2369.0,2660.599999997765,
A2EXM21XS6NZV5,minimal,The emtpy can is on the table. Ali fills the sink. The can is BLANK.,23582299-2316-5e9e-a72f-ef1038bc4df3,dry,wet,wet,dry,wet,0,3662.800000000745,1221.0,
A2EXM21XS6NZV5,minimal,The ornament is on the table. Ali bumps the lamp. The ornament BLANK.,95cf280f-0045-5691-9286-ca2825f711f3,doesn't break,breaks,breaks,doesn't break,doesn't break,1,5125.5,1148.89999999851,
A2EXM21XS6NZV5,minimal,The house is North of Ali. Ali turns around. The house is BLANK Ali.,168b3f9d-5c7e-5e03-948e-a8b96b9e08a7,North of,South of,North of,South of,South of,0,1672.699999999255,503.9000000022352,
A2EXM21XS6NZV5,minimal,The empty pitcher is on the table. Ali knocks the pitcher over. The table is BLANK.,ce777ad4-6e7f-5a27-bd97-42231b86b999,dry,wet,dry,wet,dry,1,4143.400000002235,3825.699999999255,
A2EXM21XS6NZV5,minimal,The empty jar is on the table. Ali knocks the jar over. The table is BLANK.,d0c6d46f-fa2f-5c0a-93d2-5ebf343adfef,dry,wet,wet,dry,dry,1,2395.300000000745,1297.4000000022352,
A2EXM21XS6NZV5,minimal,The lamp is on the floor. Ali bumps the table. The lamp BLANK.,730042f0-d8b0-5c6c-8bf7-410416a84eb5,doesn't break,breaks,doesn't break,breaks,doesn't break,1,2570.300000000745,913.4000000022352,
A2EXM21XS6NZV5,minimal,The tablet is on the table. Ali bumps the lamp. The tablet BLANK.,1859f2b1-26a2-5a64-959f-fab9926dbb6d,doesn't break,breaks,breaks,doesn't break,doesn't break,1,3348.20000000298,2191.5,
A1G3KH4F058XY0,minimal,The empty glass is on the table. Ali fills the sink. The glass is BLANK.,34ea25b7-8077-5b64-bc1b-17e62828dfb0,dry,wet,dry,wet,dry,1,2181.300000011921,6019.799999952316,
A1G3KH4F058XY0,minimal,The soup is on the table. Ali turns on the stove. The soup gets BLANK.,43bffc24-3955-522c-a74b-5fd4b204d283,colder,warmer,warmer,colder,warmer,0,885.1000000238419,2593.600000023842,
A1G3KH4F058XY0,minimal,The empty glass is on the table. Ali knocks the glass over. The table is BLANK.,03be173e-02aa-5a79-968a-ce8ea00117d3,dry,wet,wet,dry,wet,0,463.5,2071.100000023842,
A1G3KH4F058XY0,minimal,The empty cup is on the table. Ali fills the sink. The cup is BLANK.,01ab1e92-2477-582f-a9a9-917cb2a0983b,dry,wet,wet,dry,dry,1,1662.600000023842,6351.399999976158,
A1G3KH4F058XY0,minimal,The glass is on the floor. Ali bumps the table. The glass BLANK.,2a5f6d9c-8b03-5fe5-8a19-87971947d204,doesn't break,breaks,doesn't break,breaks,breaks,0,652.4000000357628,3279.899999976158,
A1G3KH4F058XY0,minimal,The statue is North of Ali. Ali turns around. The statue is BLANK Ali.,54f3455a-0981-5b04-b253-5891eb7c16e5,North of,South of,North of,South of,North of,1,719.6999999880791,8501.599999964237,
A1G3KH4F058XY0,minimal,The porridge is on the table. Ali turns on the stove. The porridge gets BLANK.,2b80b416-13b1-5a5a-9b61-4c40aac5cf9e,colder,warmer,warmer,colder,warmer,0,1462.800000011921,1701.199999988079,
A1G3KH4F058XY0,minimal,The empty glass is on the table. Ali knocks the glass over. The table is BLANK.,03be173e-02aa-5a79-968a-ce8ea00117d3,dry,wet,wet,dry,wet,0,1178.100000023842,3344.100000023842,
A1G3KH4F058XY0,minimal,The empty mug is on the table. Ali knocks the mug over. The table is BLANK.,7f7d49b6-0545-5dd9-9166-80fc48a498e7,dry,wet,dry,wet,dry,1,1045.699999988079,3568.800000011921,
A1G3KH4F058XY0,minimal,The vase is on the floor. Ali bumps the table. The vase BLANK.,b981d9fe-77c9-531c-afc1-fc37c2d11e04,doesn't break,breaks,doesn't break,breaks,breaks,0,859.5,1569.2000000476835,
A1G3KH4F058XY0,minimal,The vase is on the table. Ali bumps the lamp. The vase BLANK.,2f76e57c-aad0-59fa-99e3-ad747c8c14d1,doesn't break,breaks,doesn't break,breaks,breaks,0,689.0,2460.300000011921,
A1G3KH4F058XY0,minimal,The painting is North of Ali. Ali turns around. The painting is BLANK Ali.,64e3f33d-f1bb-5469-960d-6b974ada7e0a,North of,South of,South of,North of,North of,1,487.2999999523163,8709.300000011921,
A1G3KH4F058XY0,minimal,The glass is on the table. Ali bumps the lamp. The glass BLANK.,4c8e019f-3f91-5c88-bdea-d68026fd0446,doesn't break,breaks,doesn't break,breaks,breaks,0,561.2000000476837,1249.600000023842,
A1G3KH4F058XY0,minimal,The soup is on the table. Ali turns on the stove. The soup gets BLANK.,43bffc24-3955-522c-a74b-5fd4b204d283,colder,warmer,warmer,colder,warmer,0,1107.800000011921,3134.900000035763,
A1G3KH4F058XY0,minimal,The soup is on the table. Ali turns on the stove. The soup gets BLANK.,43bffc24-3955-522c-a74b-5fd4b204d283,colder,warmer,,,warmer,-1,,,heat will increase the temperature of the soup.
A1G3KH4F058XY0,minimal,The empty glass is on the table. Ali knocks the glass over. The table is BLANK.,03be173e-02aa-5a79-968a-ce8ea00117d3,dry,wet,wet,dry,dry,1,952.7999999523164,4186.5,
A1G3KH4F058XY0,minimal,The empty glass is on the table. Ali knocks the glass over. The table is BLANK.,03be173e-02aa-5a79-968a-ce8ea00117d3,dry,wet,,,dry,-1,,,"There was no liquid in the glass, so the table will remain dry"
A1G3KH4F058XY0,minimal,The glass is on the floor. Ali bumps the table. The glass BLANK.,2a5f6d9c-8b03-5fe5-8a19-87971947d204,doesn't break,breaks,breaks,doesn't break,breaks,0,1022.399999976158,2104.699999988079,
A1G3KH4F058XY0,minimal,The glass is on the floor. Ali bumps the table. The glass BLANK.,2a5f6d9c-8b03-5fe5-8a19-87971947d204,doesn't break,breaks,,,breaks,-1,,,putting a force on the table makes it reasonable that the glass will break.
A1G3KH4F058XY0,minimal,The statue is North of Ali. Ali turns around. The statue is BLANK Ali.,54f3455a-0981-5b04-b253-5891eb7c16e5,North of,South of,South of,North of,North of,1,870.1999999880791,3717.899999976158,
A1G3KH4F058XY0,minimal,The statue is North of Ali. Ali turns around. The statue is BLANK Ali.,54f3455a-0981-5b04-b253-5891eb7c16e5,North of,South of,,,North of,-1,,,"Ali did not change his position, just turned. The statue remains north of Ali."
A1G3KH4F058XY0,minimal,The porridge is on the table. Ali turns on the stove. The porridge gets BLANK.,2b80b416-13b1-5a5a-9b61-4c40aac5cf9e,colder,warmer,colder,warmer,warmer,0,850.8000000119209,2113.100000023842,
A1G3KH4F058XY0,minimal,The porridge is on the table. Ali turns on the stove. The porridge gets BLANK.,2b80b416-13b1-5a5a-9b61-4c40aac5cf9e,colder,warmer,,,warmer,-1,,,Stoves heat objects. The porridge will get warmer.
A1G3KH4F058XY0,minimal,The empty glass is on the table. Ali knocks the glass over. The table is BLANK.,03be173e-02aa-5a79-968a-ce8ea00117d3,dry,wet,dry,wet,dry,1,927.3000000119208,3331.5,
A1G3KH4F058XY0,minimal,The empty glass is on the table. Ali knocks the glass over. The table is BLANK.,03be173e-02aa-5a79-968a-ce8ea00117d3,dry,wet,,,dry,-1,,,A dry glass would not spill any liquid. The table will remain dry.
A1G3KH4F058XY0,minimal,The vase is on the floor. Ali bumps the table. The vase BLANK.,b981d9fe-77c9-531c-afc1-fc37c2d11e04,doesn't break,breaks,doesn't break,breaks,breaks,0,800.2000000476837,1945.5,
A1G3KH4F058XY0,minimal,The vase is on the floor. Ali bumps the table. The vase BLANK.,b981d9fe-77c9-531c-afc1-fc37c2d11e04,doesn't break,breaks,,,breaks,-1,,,"Bumping a table, it is reasonable to expect that an item will break."
A1G3KH4F058XY0,minimal,The vase is on the table. Ali bumps the lamp. The vase BLANK.,2f76e57c-aad0-59fa-99e3-ad747c8c14d1,doesn't break,breaks,doesn't break,breaks,breaks,0,877.5,953.1999999880792,
A1G3KH4F058XY0,minimal,The vase is on the table. Ali bumps the lamp. The vase BLANK.,2f76e57c-aad0-59fa-99e3-ad747c8c14d1,doesn't break,breaks,,,breaks,-1,,,"Ali bumped the table, putting a force on the vase. It will probably break it."
A2GC6RYOYAZAP7,minimal,The lake is North of Ali. Ali turns around. The lake is BLANK Ali.,9c900f5c-ba5e-50dd-ad14-ff2e930698e4,North of,South of,South of,North of,South of,0,8167.0,7950.399999856949,
A2GC6RYOYAZAP7,minimal,The empty bottle is on the table. Ali fills the sink. The bottle is BLANK.,f20343fe-adbf-5f1f-984e-58ee5b7c2b91,dry,wet,dry,wet,wet,0,1879.2999999523165,7337.200000047684,
A2GC6RYOYAZAP7,minimal,The empty pot is on the table. Ali knocks the pot over. The table is BLANK.,3bc3df7d-a91c-5999-8bb6-788efd21d35e,dry,wet,dry,wet,wet,0,1552.5,11705.399999856949,
A2GC6RYOYAZAP7,minimal,The phone is on the floor. Ali bumps the table. The phone BLANK.,a0089e09-ecb1-5910-97f4-de47ef22bfcd,doesn't break,breaks,doesn't break,breaks,breaks,0,1130.7999999523165,7134.400000095367,
A2GC6RYOYAZAP7,minimal,The city is North of Ali. Ali turns around. The city is BLANK Ali.,d67a4a6d-bc61-537a-8b65-178cf81511b2,North of,South of,North of,South of,South of,0,1046.1000001430511,6873.200000047684,
A2GC6RYOYAZAP7,minimal,The empty bottle is on the table. Ali knocks the bottle over. The table is BLANK.,f1c8f5cb-5ef5-5bd2-b1ae-37722af5ab13,dry,wet,wet,dry,dry,1,1073.0999999046326,6475.700000047684,
A2GC6RYOYAZAP7,minimal,The stew is on the table. Ali turns on the stove. The stew gets BLANK.,03c79cd5-cadc-5704-b773-cdd109719ae3,colder,warmer,colder,warmer,warmer,0,962.6000001430511,7717.700000047684,
A2GC6RYOYAZAP7,minimal,The phone is on the table. Ali bumps the lamp. The phone BLANK.,2828fd38-836b-534a-a861-283f930b7d39,doesn't break,breaks,breaks,doesn't break,doesn't break,1,904.2000000476836,8206.0,
A2GC6RYOYAZAP7,minimal,The mirror is on the table. Ali bumps the lamp. The mirror BLANK.,cc6308c4-fe93-592d-bd7c-c3c3495dfb04,doesn't break,breaks,breaks,doesn't break,doesn't break,1,873.3000001907349,9366.599999904633,
A2GC6RYOYAZAP7,minimal,The empty container is on the table. Ali fills the sink. The container is BLANK.,8e3a22ae-91ba-581e-9943-23bcec0a345d,dry,wet,wet,dry,dry,1,1043.6000001430511,7265.099999904633,
A2GC6RYOYAZAP7,minimal,The rice is on the table. Ali turns on the stove. The rice gets BLANK.,ff215e3b-d72f-5802-b7c5-e74b4bbbdb7c,colder,warmer,warmer,colder,warmer,0,1397.0,8945.900000095367,
A2GC6RYOYAZAP7,minimal,The pot is on the floor. Ali bumps the table. The pot BLANK.,0318a66a-6207-5568-9d40-200aa1786c0b,doesn't break,breaks,doesn't break,breaks,doesn't break,1,981.7000000476836,7470.599999904633,
A2GC6RYOYAZAP7,minimal,The lake is North of Ali. Ali turns around. The lake is BLANK Ali.,9c900f5c-ba5e-50dd-ad14-ff2e930698e4,North of,South of,South of,North of,South of,0,958.4000000953674,8097.700000047684,
A2GC6RYOYAZAP7,minimal,The lake is North of Ali. Ali turns around. The lake is BLANK Ali.,9c900f5c-ba5e-50dd-ad14-ff2e930698e4,North of,South of,,,South of,-1,,,he is facing the other way.
A2GC6RYOYAZAP7,minimal,The empty bottle is on the table. Ali fills the sink. The bottle is BLANK.,f20343fe-adbf-5f1f-984e-58ee5b7c2b91,dry,wet,wet,dry,dry,1,3718.0,5581.799999952316,
A2GC6RYOYAZAP7,minimal,The empty bottle is on the table. Ali fills the sink. The bottle is BLANK.,f20343fe-adbf-5f1f-984e-58ee5b7c2b91,dry,wet,,,dry,-1,,,"the bottle didn't move
"
A2GC6RYOYAZAP7,minimal,The empty pot is on the table. Ali knocks the pot over. The table is BLANK.,3bc3df7d-a91c-5999-8bb6-788efd21d35e,dry,wet,dry,wet,dry,1,9394.599999904633,3196.4000000953674,
A2GC6RYOYAZAP7,minimal,The empty pot is on the table. Ali knocks the pot over. The table is BLANK.,3bc3df7d-a91c-5999-8bb6-788efd21d35e,dry,wet,,,dry,-1,,,the pot was already empty.
A2GC6RYOYAZAP7,minimal,The phone is on the floor. Ali bumps the table. The phone BLANK.,a0089e09-ecb1-5910-97f4-de47ef22bfcd,doesn't break,breaks,breaks,doesn't break,doesn't break,1,7527.199999809265,3013.5,
A2GC6RYOYAZAP7,minimal,The phone is on the floor. Ali bumps the table. The phone BLANK.,a0089e09-ecb1-5910-97f4-de47ef22bfcd,doesn't break,breaks,,,doesn't break,-1,,,the phone wasn't touched.
A2GC6RYOYAZAP7,minimal,The city is North of Ali. Ali turns around. The city is BLANK Ali.,d67a4a6d-bc61-537a-8b65-178cf81511b2,North of,South of,North of,South of,South of,0,9403.599999904633,1746.5,
A2GC6RYOYAZAP7,minimal,The city is North of Ali. Ali turns around. The city is BLANK Ali.,d67a4a6d-bc61-537a-8b65-178cf81511b2,North of,South of,,,South of,-1,,,south is on oppoisite side of north.
A2GC6RYOYAZAP7,minimal,The empty bottle is on the table. Ali knocks the bottle over. The table is BLANK.,f1c8f5cb-5ef5-5bd2-b1ae-37722af5ab13,dry,wet,wet,dry,dry,1,6872.400000095367,2043.200000047684,
A2GC6RYOYAZAP7,minimal,The empty bottle is on the table. Ali knocks the bottle over. The table is BLANK.,f1c8f5cb-5ef5-5bd2-b1ae-37722af5ab13,dry,wet,,,dry,-1,,,"the bottle was empty, dry."
A2GC6RYOYAZAP7,minimal,The stew is on the table. Ali turns on the stove. The stew gets BLANK.,03c79cd5-cadc-5704-b773-cdd109719ae3,colder,warmer,warmer,colder,warmer,0,7835.5,2666.200000047684,
A2GC6RYOYAZAP7,minimal,The stew is on the table. Ali turns on the stove. The stew gets BLANK.,03c79cd5-cadc-5704-b773-cdd109719ae3,colder,warmer,,,warmer,-1,,,the stove makes things hotter.
A2GC6RYOYAZAP7,minimal,The mirror is on the table. Ali bumps the lamp. The mirror BLANK.,cc6308c4-fe93-592d-bd7c-c3c3495dfb04,doesn't break,breaks,doesn't break,breaks,doesn't break,1,6685.200000047684,2624.200000047684,
A2GC6RYOYAZAP7,minimal,The mirror is on the table. Ali bumps the lamp. The mirror BLANK.,cc6308c4-fe93-592d-bd7c-c3c3495dfb04,doesn't break,breaks,,,doesn't break,-1,,,the mirror wasn't touched.
A2GC6RYOYAZAP7,minimal,The rice is on the table. Ali turns on the stove. The rice gets BLANK.,ff215e3b-d72f-5802-b7c5-e74b4bbbdb7c,colder,warmer,warmer,colder,colder,1,7966.599999904633,4068.299999952316,
A2GC6RYOYAZAP7,minimal,The rice is on the table. Ali turns on the stove. The rice gets BLANK.,ff215e3b-d72f-5802-b7c5-e74b4bbbdb7c,colder,warmer,,,colder,-1,,,the stove wasn't near the table.
A2GC6RYOYAZAP7,minimal,The pot is on the floor. Ali bumps the table. The pot BLANK.,0318a66a-6207-5568-9d40-200aa1786c0b,doesn't break,breaks,doesn't break,breaks,doesn't break,1,6104.5,2747.4000000953674,
A2GC6RYOYAZAP7,minimal,The pot is on the floor. Ali bumps the table. The pot BLANK.,0318a66a-6207-5568-9d40-200aa1786c0b,doesn't break,breaks,,,doesn't break,-1,,,the pot wasn't touched.
A1CRE2Z623JZ6V,minimal,The tree is North of Ali. Ali turns around. The tree is BLANK Ali.,f8a90dad-f837-555e-beb1-3a5da5eb35ef,North of,South of,South of,North of,North of,1,6493.200000047684,821.2000000476837,
A1CRE2Z623JZ6V,minimal,The television is on the table. Ali bumps the lamp. The television BLANK.,60833207-b675-5f32-ab67-85a791ce814f,doesn't break,breaks,breaks,doesn't break,doesn't break,1,1434.5,861.8999998569489,
A1CRE2Z623JZ6V,minimal,The jar is on the floor. Ali bumps the table. The jar BLANK.,272fb3b8-f899-5ff0-ae86-55a1cddaa8e6,doesn't break,breaks,breaks,doesn't break,breaks,0,472.19999980926514,473.5,
A1CRE2Z623JZ6V,minimal,The cup is on the floor. Ali bumps the table. The cup BLANK.,852b0651-2c81-5807-ba4a-d3f2a56a5e5d,doesn't break,breaks,breaks,doesn't break,breaks,0,349.2000000476837,358.30000019073486,
A1CRE2Z623JZ6V,minimal,The cup is on the table. Ali bumps the lamp. The cup BLANK.,e9a925cf-de07-55f7-8ab3-9f28791b3728,doesn't break,breaks,breaks,doesn't break,doesn't break,1,905.4000000953674,334.40000009536743,
A1CRE2Z623JZ6V,minimal,The empty wineglass is on the table. Ali knocks the wineglass over. The table is BLANK.,dfb0bf34-70f6-5390-b055-469ef8e6506c,dry,wet,dry,wet,dry,1,346.7999999523163,359.2999999523163,
A1CRE2Z623JZ6V,minimal,The water is on the table. Ali turns on the stove. The water gets BLANK.,d363d97e-3c05-5ea9-b0af-4bfba2258626,colder,warmer,colder,warmer,warmer,0,333.2999999523163,324.69999980926514,
A1CRE2Z623JZ6V,minimal,The empty bowl is on the table. Ali fills the sink. The bowl is BLANK.,b53176cd-e250-5a59-b3be-ceaba45ea634,dry,wet,dry,wet,wet,0,235.40000009536743,283.2000000476837,
A1CRE2Z623JZ6V,minimal,The empty box is on the table. Ali fills the sink. The box is BLANK.,58b88005-7f83-54dc-8994-ba230c248673,dry,wet,wet,dry,dry,1,241.0,205.5,
A1CRE2Z623JZ6V,minimal,The empty teapot is on the table. Ali knocks the teapot over. The table is BLANK.,35b3312e-b7e0-59b8-933b-ec0336ad5162,dry,wet,dry,wet,wet,0,246.89999985694885,278.5,
A1CRE2Z623JZ6V,minimal,The museum is North of Ali. Ali turns around. The museum is BLANK Ali.,11d7dec7-34c3-5381-80c8-460155badd74,North of,South of,North of,South of,North of,1,235.8000001907349,520.5,
A1CRE2Z623JZ6V,minimal,The pasta is on the table. Ali turns on the stove. The pasta gets BLANK.,a74a9014-1030-5c5d-b1d0-43ada1ff9c9d,colder,warmer,warmer,colder,warmer,0,686.7999999523163,364.0,
A2HBEEK2WP2IYB,minimal,The empty pitcher is on the table. Ali fills the sink. The pitcher is BLANK.,ee9b763e-9f9e-59f8-9bc5-1c6e2075abae,dry,wet,dry,wet,wet,0,1484.0,1873.8999998569489,
A2HBEEK2WP2IYB,minimal,The painting is North of Ali. Ali turns around. The painting is BLANK Ali.,64e3f33d-f1bb-5469-960d-6b974ada7e0a,North of,South of,North of,South of,North of,1,685.7000000476837,828.5,
A2HBEEK2WP2IYB,minimal,The empty carton is on the table. Ali knocks the carton over. The table is BLANK.,6bb50e85-6ac5-52a5-b623-32e416664177,dry,wet,wet,dry,wet,0,759.7000000476837,688.0,
A2HBEEK2WP2IYB,minimal,The plate is on the floor. Ali bumps the table. The plate BLANK.,746aa902-d880-5b36-add1-a3457a31beb3,doesn't break,breaks,breaks,doesn't break,breaks,0,706.0,719.5,
A2HBEEK2WP2IYB,minimal,The laptop is on the floor. Ali bumps the table. The laptop BLANK.,88059c09-088b-5009-bafd-b7e931442077,doesn't break,breaks,doesn't break,breaks,breaks,0,2220.100000143051,929.7999999523164,
A2HBEEK2WP2IYB,minimal,The empty jug is on the table. Ali fills the sink. The jug is BLANK.,654f6276-9e9e-52c2-867d-b66c3aa70976,dry,wet,wet,dry,wet,0,1050.2999999523165,807.2999999523163,
A2HBEEK2WP2IYB,minimal,The mug is on the table. Ali bumps the lamp. The mug BLANK.,81e84bb2-9f95-5bbd-bbe3-af94794b6123,doesn't break,breaks,breaks,doesn't break,breaks,0,639.8999998569489,745.7000000476837,
A2HBEEK2WP2IYB,minimal,The vase is North of Ali. Ali turns around. The vase is BLANK Ali.,a3aa7fe8-9da6-5cc8-8664-c4fd06944bd2,North of,South of,North of,South of,North of,1,734.0,1423.5999999046326,
A2HBEEK2WP2IYB,minimal,The empty cup is on the table. Ali knocks the cup over. The table is BLANK.,e6aecef6-eb29-5c41-a462-92c423095047,dry,wet,dry,wet,dry,1,1499.7999999523165,800.0,
A2HBEEK2WP2IYB,minimal,The plate is on the table. Ali bumps the lamp. The plate BLANK.,aaa1f7f2-1b97-5138-9daa-38fb1bd7bc25,doesn't break,breaks,breaks,doesn't break,breaks,0,673.5999999046326,671.9000000953674,
A2HBEEK2WP2IYB,minimal,The sauce is on the table. Ali turns on the stove. The sauce gets BLANK.,7ba8e937-510d-512c-ac3a-9877388c0eec,colder,warmer,warmer,colder,colder,1,947.4000000953674,686.0,
A2HBEEK2WP2IYB,minimal,The tea is on the table. Ali turns on the stove. The tea gets BLANK.,f4d79629-266b-5267-8ea1-847001b48e5a,colder,warmer,warmer,colder,warmer,0,1289.7999999523165,738.0999999046326,
A2HBEEK2WP2IYB,minimal,The dog is North of Ali. Ali turns around. The dog is BLANK Ali.,51f91196-934d-5ef1-b798-f0d70fe6a0c2,North of,South of,South of,North of,North of,1,2359.7999999523163,680.1000001430511,
A2HBEEK2WP2IYB,minimal,The empty pitcher is on the table. Ali fills the sink. The pitcher is BLANK.,ee9b763e-9f9e-59f8-9bc5-1c6e2075abae,dry,wet,wet,dry,wet,0,1464.0,1459.7999999523165,
A2HBEEK2WP2IYB,minimal,The empty pitcher is on the table. Ali fills the sink. The pitcher is BLANK.,ee9b763e-9f9e-59f8-9bc5-1c6e2075abae,dry,wet,,,wet,-1,,,the pitcher is wet.
A2HBEEK2WP2IYB,minimal,The empty carton is on the table. Ali knocks the carton over. The table is BLANK.,6bb50e85-6ac5-52a5-b623-32e416664177,dry,wet,dry,wet,dry,1,829.2000000476837,810.0,
A2HBEEK2WP2IYB,minimal,The empty carton is on the table. Ali knocks the carton over. The table is BLANK.,6bb50e85-6ac5-52a5-b623-32e416664177,dry,wet,,,dry,-1,,,the table is dry.
A2HBEEK2WP2IYB,minimal,The plate is on the floor. Ali bumps the table. The plate BLANK.,746aa902-d880-5b36-add1-a3457a31beb3,doesn't break,breaks,doesn't break,breaks,doesn't break,1,929.3999998569489,1301.7999999523165,
A2HBEEK2WP2IYB,minimal,The plate is on the floor. Ali bumps the table. The plate BLANK.,746aa902-d880-5b36-add1-a3457a31beb3,doesn't break,breaks,,,doesn't break,-1,,,the plate doesn't break.
A2HBEEK2WP2IYB,minimal,The laptop is on the floor. Ali bumps the table. The laptop BLANK.,88059c09-088b-5009-bafd-b7e931442077,doesn't break,breaks,doesn't break,breaks,breaks,0,824.7000000476837,1887.700000047684,
A2HBEEK2WP2IYB,minimal,The laptop is on the floor. Ali bumps the table. The laptop BLANK.,88059c09-088b-5009-bafd-b7e931442077,doesn't break,breaks,,,breaks,-1,,,the laptop breaks
A2HBEEK2WP2IYB,minimal,The empty jug is on the table. Ali fills the sink. The jug is BLANK.,654f6276-9e9e-52c2-867d-b66c3aa70976,dry,wet,dry,wet,dry,1,983.2999999523164,885.7000000476837,
A2HBEEK2WP2IYB,minimal,The empty jug is on the table. Ali fills the sink. The jug is BLANK.,654f6276-9e9e-52c2-867d-b66c3aa70976,dry,wet,,,dry,-1,,,the jug is dry.
A2HBEEK2WP2IYB,minimal,The mug is on the table. Ali bumps the lamp. The mug BLANK.,81e84bb2-9f95-5bbd-bbe3-af94794b6123,doesn't break,breaks,doesn't break,breaks,breaks,0,1492.7999999523165,1984.0,
A2HBEEK2WP2IYB,minimal,The mug is on the table. Ali bumps the lamp. The mug BLANK.,81e84bb2-9f95-5bbd-bbe3-af94794b6123,doesn't break,breaks,,,breaks,-1,,,the mug breaks.
A2HBEEK2WP2IYB,minimal,The vase is North of Ali. Ali turns around. The vase is BLANK Ali.,a3aa7fe8-9da6-5cc8-8664-c4fd06944bd2,North of,South of,South of,North of,South of,0,1041.7000000476835,779.3000001907349,
A2HBEEK2WP2IYB,minimal,The vase is North of Ali. Ali turns around. The vase is BLANK Ali.,a3aa7fe8-9da6-5cc8-8664-c4fd06944bd2,North of,South of,,,South of,-1,,,the vase is south of ali.
A2HBEEK2WP2IYB,minimal,The plate is on the table. Ali bumps the lamp. The plate BLANK.,aaa1f7f2-1b97-5138-9daa-38fb1bd7bc25,doesn't break,breaks,breaks,doesn't break,breaks,0,1049.2999999523165,899.8999998569489,
A2HBEEK2WP2IYB,minimal,The plate is on the table. Ali bumps the lamp. The plate BLANK.,aaa1f7f2-1b97-5138-9daa-38fb1bd7bc25,doesn't break,breaks,,,breaks,-1,,,the plate breaks.
A2HBEEK2WP2IYB,minimal,The tea is on the table. Ali turns on the stove. The tea gets BLANK.,f4d79629-266b-5267-8ea1-847001b48e5a,colder,warmer,warmer,colder,warmer,0,955.1000001430511,734.4000000953674,
A2HBEEK2WP2IYB,minimal,The tea is on the table. Ali turns on the stove. The tea gets BLANK.,f4d79629-266b-5267-8ea1-847001b48e5a,colder,warmer,,,warmer,-1,,,the tea gets warmer.
A1FC8366I3W0C9,minimal,The empty pitcher is on the table. Ali knocks the pitcher over. The table is BLANK.,ce777ad4-6e7f-5a27-bd97-42231b86b999,dry,wet,dry,wet,wet,0,2513.0,2131.0,
A1WHJXYBN0BA8Q,minimal,The pasta is on the table. Ali turns on the stove. The pasta gets BLANK.,a74a9014-1030-5c5d-b1d0-43ada1ff9c9d,colder,warmer,colder,warmer,warmer,0,5701.0,5120.0,
A1WHJXYBN0BA8Q,minimal,The empty teapot is on the table. Ali knocks the teapot over. The table is BLANK.,35b3312e-b7e0-59b8-933b-ec0336ad5162,dry,wet,wet,dry,wet,0,1881.0,5800.0,
A1WHJXYBN0BA8Q,minimal,The jar is on the floor. Ali bumps the table. The jar BLANK.,272fb3b8-f899-5ff0-ae86-55a1cddaa8e6,doesn't break,breaks,doesn't break,breaks,doesn't break,1,733.0000000000291,24555.0,
A1WHJXYBN0BA8Q,minimal,The cup is on the floor. Ali bumps the table. The cup BLANK.,852b0651-2c81-5807-ba4a-d3f2a56a5e5d,doesn't break,breaks,breaks,doesn't break,doesn't break,1,1308.0,7682.0,
A1WHJXYBN0BA8Q,minimal,The empty bowl is on the table. Ali fills the sink. The bowl is BLANK.,b53176cd-e250-5a59-b3be-ceaba45ea634,dry,wet,wet,dry,dry,1,639.0,10151.0,
A1WHJXYBN0BA8Q,minimal,The cup is on the table. Ali bumps the lamp. The cup BLANK.,e9a925cf-de07-55f7-8ab3-9f28791b3728,doesn't break,breaks,breaks,doesn't break,doesn't break,1,2364.0,4393.0,
A1WHJXYBN0BA8Q,minimal,The water is on the table. Ali turns on the stove. The water gets BLANK.,d363d97e-3c05-5ea9-b0af-4bfba2258626,colder,warmer,colder,warmer,colder,1,1995.0,4601.0,
A1WHJXYBN0BA8Q,minimal,The empty wineglass is on the table. Ali knocks the wineglass over. The table is BLANK.,dfb0bf34-70f6-5390-b055-469ef8e6506c,dry,wet,wet,dry,dry,1,6227.999999999942,2224.000000000058,
A1WHJXYBN0BA8Q,minimal,The museum is North of Ali. Ali turns around. The museum is BLANK Ali.,11d7dec7-34c3-5381-80c8-460155badd74,North of,South of,North of,South of,North of,1,7313.999999999942,2810.0,
A1WHJXYBN0BA8Q,minimal,The television is on the table. Ali bumps the lamp. The television BLANK.,60833207-b675-5f32-ab67-85a791ce814f,doesn't break,breaks,doesn't break,breaks,doesn't break,1,713.0,5153.0,
A1WHJXYBN0BA8Q,minimal,The empty box is on the table. Ali fills the sink. The box is BLANK.,58b88005-7f83-54dc-8994-ba230c248673,dry,wet,wet,dry,dry,1,1778.0,3895.0,
A1WHJXYBN0BA8Q,minimal,The tree is North of Ali. Ali turns around. The tree is BLANK Ali.,f8a90dad-f837-555e-beb1-3a5da5eb35ef,North of,South of,South of,North of,North of,1,1038.0,3729.000000000058,
A23ONWDSVICDCY,minimal,The ornament is on the table. Ali bumps the lamp. The ornament BLANK.,95cf280f-0045-5691-9286-ca2825f711f3,doesn't break,breaks,breaks,doesn't break,doesn't break,1,3918.0,3360.0,
A23ONWDSVICDCY,minimal,The gumbo is on the table. Ali turns on the stove. The gumbo gets BLANK.,052dddd5-a2cf-5e97-90ed-7e2d2e91f62e,colder,warmer,colder,warmer,warmer,0,3150.0,1920.0,
A23ONWDSVICDCY,minimal,The sculpture is on the floor. Ali bumps the table. The sculpture BLANK.,6837d037-fd89-5325-945f-ec953cdaf8fc,doesn't break,breaks,breaks,doesn't break,doesn't break,1,4015.0,1881.0,
A23ONWDSVICDCY,minimal,The house is North of Ali. Ali turns around. The house is BLANK Ali.,168b3f9d-5c7e-5e03-948e-a8b96b9e08a7,North of,South of,North of,South of,South of,0,5873.0,1198.0,
A23ONWDSVICDCY,minimal,The chili is on the table. Ali turns on the stove. The chili gets BLANK.,688b9409-948b-5506-a5bd-8f72bd8f0cdd,colder,warmer,warmer,colder,warmer,0,412.0,3361.0,
A23ONWDSVICDCY,minimal,The empty flask is on the table. Ali fills the sink. The flask is BLANK.,9727b31c-2a14-5db5-9980-0074c623524f,dry,wet,wet,dry,wet,0,3873.0,2753.0,
A23ONWDSVICDCY,minimal,The emtpy can is on the table. Ali fills the sink. The can is BLANK.,23582299-2316-5e9e-a72f-ef1038bc4df3,dry,wet,wet,dry,dry,1,3830.0,6336.0,
A23ONWDSVICDCY,minimal,The mountain is North of Ali. Ali turns around. The mountain is BLANK Ali.,cbe70172-4bc2-5518-ae97-53e795d58f6a,North of,South of,North of,South of,South of,0,2715.0,4061.0,
A23ONWDSVICDCY,minimal,The empty pitcher is on the table. Ali knocks the pitcher over. The table is BLANK.,ce777ad4-6e7f-5a27-bd97-42231b86b999,dry,wet,dry,wet,dry,1,4541.0,4302.0,
A23ONWDSVICDCY,minimal,The tablet is on the table. Ali bumps the lamp. The tablet BLANK.,1859f2b1-26a2-5a64-959f-fab9926dbb6d,doesn't break,breaks,breaks,doesn't break,doesn't break,1,3224.0,783.0,
A23ONWDSVICDCY,minimal,The empty jar is on the table. Ali knocks the jar over. The table is BLANK.,d0c6d46f-fa2f-5c0a-93d2-5ebf343adfef,dry,wet,dry,wet,dry,1,3489.0,2634.0,
A23ONWDSVICDCY,minimal,The lamp is on the floor. Ali bumps the table. The lamp BLANK.,730042f0-d8b0-5c6c-8bf7-410416a84eb5,doesn't break,breaks,doesn't break,breaks,doesn't break,1,3396.0,4213.0,
A1FJAVZWHRQ4HH,minimal,The empty vase is on the table. Ali knocks the vase over. The table is BLANK.,c79d12ce-733d-590c-bf09-4db1c50645ce,dry,wet,wet,dry,dry,1,2542.599999904633,3544.4000000953674,
A1FJAVZWHRQ4HH,minimal,The clock is on the table. Ali bumps the lamp. The clock BLANK.,cb7a432a-c5db-586f-98f9-422792efd822,doesn't break,breaks,doesn't break,breaks,doesn't break,1,2127.9000000953674,5169.299999952316,
A1FJAVZWHRQ4HH,minimal,The sculpture is on the table. Ali bumps the lamp. The sculpture BLANK.,8f5095bc-b58d-59fb-94fa-7c121e14b746,doesn't break,breaks,breaks,doesn't break,doesn't break,1,2279.2999999523163,880.1000001430511,
A1FJAVZWHRQ4HH,minimal,The fish is on the table. Ali turns on the stove. The fish gets BLANK.,4ec9870c-0c7d-5611-b076-993ce15358f1,colder,warmer,colder,warmer,warmer,0,3543.9000000953674,5854.900000095367,
A1FJAVZWHRQ4HH,minimal,The empty jug is on the table. Ali knocks the jug over. The table is BLANK.,2fc6d99a-038d-5235-bc08-f350777f4e86,dry,wet,wet,dry,dry,1,2823.899999856949,744.0,
A1FJAVZWHRQ4HH,minimal,The television is on the floor. Ali bumps the table. The television BLANK.,4e7ee80f-f119-5b6d-82df-ba4d4ad03735,doesn't break,breaks,breaks,doesn't break,doesn't break,1,1185.8999998569489,2189.599999904633,
A1FJAVZWHRQ4HH,minimal,The empty tub is on the table. Ali fills the sink. The tub is BLANK.,cc2cb203-9a96-586b-9727-0a8212155c43,dry,wet,wet,dry,dry,1,1623.5,2600.700000047684,
A1FJAVZWHRQ4HH,minimal,The empty thermos is on the table. Ali fills the sink. The thermos is BLANK.,ca1d2738-b7ef-5748-bc41-00d7b201a41c,dry,wet,wet,dry,dry,1,1630.9000000953674,1401.0,
A1FJAVZWHRQ4HH,minimal,The whiteboard is North of Ali. Ali turns around. The whiteboard is BLANK Ali.,a375252e-8be0-5a31-8826-ab7a09baa72d,North of,South of,South of,North of,South of,0,1336.6999998092651,4599.0,
A1FJAVZWHRQ4HH,minimal,The street is North of Ali. Ali turns around. The street is BLANK Ali.,51679ab6-e072-51aa-920a-095c3ab09319,North of,South of,South of,North of,South of,0,1214.0999999046326,4434.799999952316,
A1FJAVZWHRQ4HH,minimal,The steak is on the table. Ali turns on the stove. The steak gets BLANK.,403f4fa5-5200-5d22-9f1b-6e2c2edf755c,colder,warmer,warmer,colder,warmer,0,1512.6000001430511,1407.2000000476835,
A1FJAVZWHRQ4HH,minimal,The mirror is on the floor. Ali bumps the table. The mirror BLANK.,c476f558-1f2e-503e-90a0-b300840ca6e1,doesn't break,breaks,breaks,doesn't break,doesn't break,1,1654.2000000476835,2369.0,
A1GBDCXA3GVO03,minimal,The jar is on the table. Ali bumps the lamp. The jar BLANK.,ca149acc-4333-5d4e-9b73-b3954089e0b3,doesn't break,breaks,breaks,doesn't break,breaks,0,5121.200000047684,3536.0,
A1GBDCXA3GVO03,minimal,The empty can is on the table. Ali knocks the can over. The table is BLANK.,7b0ff26b-5f65-57c0-b1e1-7dac2ab25032,dry,wet,wet,dry,wet,0,10407.5,3351.5,
A1GBDCXA3GVO03,minimal,The man is North of Ali. Ali turns around. The man is BLANK Ali.,42f4e9ba-3d9f-52aa-aa48-aaf77bdffda2,North of,South of,North of,South of,North of,1,8007.599999904633,6800.200000047684,
A1GBDCXA3GVO03,minimal,The empty thermos is on the table. Ali knocks the thermos over. The table is BLANK.,504496f0-2b75-5a26-8866-95cbb113f5a4,dry,wet,dry,wet,wet,0,6415.299999952316,775.6999998092651,
A1GBDCXA3GVO03,minimal,The empty mug is on the table. Ali fills the sink. The mug is BLANK.,36794563-6ac8-5075-8df5-b2ecbd8f8c8b,dry,wet,dry,wet,dry,1,7271.400000095367,2624.0,
A1GBDCXA3GVO03,minimal,The ocean is North of Ali. Ali turns around. The ocean is BLANK Ali.,8e94a295-1159-50a9-9ebf-d12558060a5d,North of,South of,South of,North of,South of,0,4055.5,2927.7999999523163,
A1GBDCXA3GVO03,minimal,The bottle is on the table. Ali bumps the lamp. The bottle BLANK.,8e5290bc-3ba2-56b3-b1c5-33531c9a12ae,doesn't break,breaks,doesn't break,breaks,doesn't break,1,4823.799999952316,3912.0,
A1GBDCXA3GVO03,minimal,The glass is on the floor. Ali bumps the table. The glass BLANK.,2a5f6d9c-8b03-5fe5-8a19-87971947d204,doesn't break,breaks,doesn't break,breaks,doesn't break,1,4711.599999904633,3807.700000047684,
A1GBDCXA3GVO03,minimal,The coffee is on the table. Ali turns on the stove. The coffee gets BLANK.,aad29bfa-c5cb-5d6a-9c3f-296137723195,colder,warmer,warmer,colder,colder,1,3520.0,9391.599999904633,
A1GBDCXA3GVO03,minimal,The clock is on the floor. Ali bumps the table. The clock BLANK.,581ab406-6472-5213-8fa5-924e54aadbbb,doesn't break,breaks,doesn't break,breaks,doesn't break,1,6607.799999952316,1287.5999999046326,
A1GBDCXA3GVO03,minimal,The mug is on the floor. Ali bumps the table. The mug BLANK.,af3ddb77-e0ef-5dc6-a71f-322ffe4f1f53,doesn't break,breaks,breaks,doesn't break,doesn't break,1,6847.700000047684,1064.1000001430511,
A1GBDCXA3GVO03,minimal,The broth is on the table. Ali turns on the stove. The broth gets BLANK.,304f867c-d22c-5f80-8b58-04c39ecc54c7,colder,warmer,warmer,colder,colder,1,5823.800000190735,2063.4000000953674,
A1GBDCXA3GVO03,minimal,The empty vase is on the table. Ali fills the sink. The vase is BLANK.,608b5972-0b7e-5142-995f-b84143ea7b33,dry,wet,dry,wet,dry,1,3776.0,679.5,
A2FFNTNG0M630N,minimal,The soup is on the table. Ali turns on the stove. The soup gets BLANK.,43bffc24-3955-522c-a74b-5fd4b204d283,colder,warmer,colder,warmer,warmer,0,786.0,3816.599999964237,
A2FFNTNG0M630N,minimal,The vase is on the floor. Ali bumps the table. The vase BLANK.,b981d9fe-77c9-531c-afc1-fc37c2d11e04,doesn't break,breaks,doesn't break,breaks,breaks,0,1190.5,2290.100000023842,
A2FFNTNG0M630N,minimal,The empty glass is on the table. Ali knocks the glass over. The table is BLANK.,03be173e-02aa-5a79-968a-ce8ea00117d3,dry,wet,dry,wet,wet,0,842.5999999642372,6477.699999988079,
A2FFNTNG0M630N,minimal,The empty glass is on the table. Ali knocks the glass over. The table is BLANK.,03be173e-02aa-5a79-968a-ce8ea00117d3,dry,wet,dry,wet,wet,0,516.6000000238419,3847.600000023842,
A2FFNTNG0M630N,minimal,The vase is on the table. Ali bumps the lamp. The vase BLANK.,2f76e57c-aad0-59fa-99e3-ad747c8c14d1,doesn't break,breaks,breaks,doesn't break,breaks,0,703.6000000238419,4507.800000011921,
A2FFNTNG0M630N,minimal,The glass is on the floor. Ali bumps the table. The glass BLANK.,2a5f6d9c-8b03-5fe5-8a19-87971947d204,doesn't break,breaks,doesn't break,breaks,breaks,0,1888.300000011921,5736.800000011921,
A2FFNTNG0M630N,minimal,The empty mug is on the table. Ali knocks the mug over. The table is BLANK.,7f7d49b6-0545-5dd9-9166-80fc48a498e7,dry,wet,dry,wet,wet,0,2077.5,4330.299999952316,
A2FFNTNG0M630N,minimal,The porridge is on the table. Ali turns on the stove. The porridge gets BLANK.,2b80b416-13b1-5a5a-9b61-4c40aac5cf9e,colder,warmer,colder,warmer,warmer,0,3181.300000011921,1334.199999988079,
A2FFNTNG0M630N,minimal,The empty glass is on the table. Ali fills the sink. The glass is BLANK.,34ea25b7-8077-5b64-bc1b-17e62828dfb0,dry,wet,dry,wet,wet,0,978.8000000119208,3401.199999988079,
A2FFNTNG0M630N,minimal,The empty cup is on the table. Ali fills the sink. The cup is BLANK.,01ab1e92-2477-582f-a9a9-917cb2a0983b,dry,wet,dry,wet,wet,0,2347.899999976158,480.1999999880791,
A2FFNTNG0M630N,minimal,The statue is North of Ali. Ali turns around. The statue is BLANK Ali.,54f3455a-0981-5b04-b253-5891eb7c16e5,North of,South of,North of,South of,South of,0,691.3000000119209,4834.5,
A2FFNTNG0M630N,minimal,The glass is on the table. Ali bumps the lamp. The glass BLANK.,4c8e019f-3f91-5c88-bdea-d68026fd0446,doesn't break,breaks,doesn't break,breaks,breaks,0,481.60000002384186,3469.300000011921,
A2FFNTNG0M630N,minimal,The painting is North of Ali. Ali turns around. The painting is BLANK Ali.,64e3f33d-f1bb-5469-960d-6b974ada7e0a,North of,South of,South of,North of,South of,0,831.6999999880791,3044.599999964237,
A1H4GJFI4NJWKV,minimal,The empty can is on the table. Ali knocks the can over. The table is BLANK.,7b0ff26b-5f65-57c0-b1e1-7dac2ab25032,dry,wet,dry,wet,wet,0,7148.399999999907,1577.6999999999534,
A1H4GJFI4NJWKV,minimal,The bottle is on the table. Ali bumps the lamp. The bottle BLANK.,8e5290bc-3ba2-56b3-b1c5-33531c9a12ae,doesn't break,breaks,breaks,doesn't break,doesn't break,1,11872.100000000091,1452.0999999998603,
A1H4GJFI4NJWKV,minimal,The empty mug is on the table. Ali fills the sink. The mug is BLANK.,36794563-6ac8-5075-8df5-b2ecbd8f8c8b,dry,wet,wet,dry,dry,1,3875.700000000186,2686.3000000000466,
A1H4GJFI4NJWKV,minimal,The coffee is on the table. Ali turns on the stove. The coffee gets BLANK.,aad29bfa-c5cb-5d6a-9c3f-296137723195,colder,warmer,warmer,colder,colder,1,2545.399999999907,3196.199999999953,
A1H4GJFI4NJWKV,minimal,The glass is on the floor. Ali bumps the table. The glass BLANK.,2a5f6d9c-8b03-5fe5-8a19-87971947d204,doesn't break,breaks,doesn't break,breaks,doesn't break,1,7542.40000000014,2808.5,
A1H4GJFI4NJWKV,minimal,The clock is on the floor. Ali bumps the table. The clock BLANK.,581ab406-6472-5213-8fa5-924e54aadbbb,doesn't break,breaks,breaks,doesn't break,doesn't break,1,844.1999999999534,2591.199999999953,
A1H4GJFI4NJWKV,minimal,The jar is on the table. Ali bumps the lamp. The jar BLANK.,ca149acc-4333-5d4e-9b73-b3954089e0b3,doesn't break,breaks,doesn't break,breaks,doesn't break,1,103473.6000000001,2080.399999999907,
A1H4GJFI4NJWKV,minimal,The empty vase is on the table. Ali fills the sink. The vase is BLANK.,608b5972-0b7e-5142-995f-b84143ea7b33,dry,wet,dry,wet,dry,1,3283.0,1647.5,
A1H4GJFI4NJWKV,minimal,The man is North of Ali. Ali turns around. The man is BLANK Ali.,42f4e9ba-3d9f-52aa-aa48-aaf77bdffda2,North of,South of,North of,South of,North of,1,3932.40000000014,2747.40000000014,
A1H4GJFI4NJWKV,minimal,The broth is on the table. Ali turns on the stove. The broth gets BLANK.,304f867c-d22c-5f80-8b58-04c39ecc54c7,colder,warmer,colder,warmer,colder,1,3766.5,1962.90000000014,
A1H4GJFI4NJWKV,minimal,The empty thermos is on the table. Ali knocks the thermos over. The table is BLANK.,504496f0-2b75-5a26-8866-95cbb113f5a4,dry,wet,wet,dry,dry,1,18978.00000000024,2106.3000000002794,
A1H4GJFI4NJWKV,minimal,The ocean is North of Ali. Ali turns around. The ocean is BLANK Ali.,8e94a295-1159-50a9-9ebf-d12558060a5d,North of,South of,South of,North of,South of,0,3195.0,456.0,
A1H4GJFI4NJWKV,minimal,The mug is on the floor. Ali bumps the table. The mug BLANK.,af3ddb77-e0ef-5dc6-a71f-322ffe4f1f53,doesn't break,breaks,doesn't break,breaks,doesn't break,1,2030.600000000093,825.4000000003725,
A1H4GJFI4NJWKV,minimal,The empty can is on the table. Ali knocks the can over. The table is BLANK.,7b0ff26b-5f65-57c0-b1e1-7dac2ab25032,dry,wet,dry,wet,dry,1,4376.399999999907,2276.899999999907,
A1H4GJFI4NJWKV,minimal,The empty can is on the table. Ali knocks the can over. The table is BLANK.,7b0ff26b-5f65-57c0-b1e1-7dac2ab25032,dry,wet,,,dry,-1,,,The can is empty so nothing is in it.
A1H4GJFI4NJWKV,minimal,The glass is on the floor. Ali bumps the table. The glass BLANK.,2a5f6d9c-8b03-5fe5-8a19-87971947d204,doesn't break,breaks,breaks,doesn't break,doesn't break,1,1463.0,5174.5,
A1H4GJFI4NJWKV,minimal,The glass is on the floor. Ali bumps the table. The glass BLANK.,2a5f6d9c-8b03-5fe5-8a19-87971947d204,doesn't break,breaks,,,doesn't break,-1,,,The glass is not on the table to break.
A1H4GJFI4NJWKV,minimal,The jar is on the table. Ali bumps the lamp. The jar BLANK.,ca149acc-4333-5d4e-9b73-b3954089e0b3,doesn't break,breaks,breaks,doesn't break,doesn't break,1,1523.8999999999069,3727.6999999997206,
A1H4GJFI4NJWKV,minimal,The jar is on the table. Ali bumps the lamp. The jar BLANK.,ca149acc-4333-5d4e-9b73-b3954089e0b3,doesn't break,breaks,,,doesn't break,-1,,,She doesn't bump the table so the jar is uneffected.
A1H4GJFI4NJWKV,minimal,The empty vase is on the table. Ali fills the sink. The vase is BLANK.,608b5972-0b7e-5142-995f-b84143ea7b33,dry,wet,dry,wet,dry,1,225661.1000000001,3850.399999999907,
A1H4GJFI4NJWKV,minimal,The empty vase is on the table. Ali fills the sink. The vase is BLANK.,608b5972-0b7e-5142-995f-b84143ea7b33,dry,wet,,,dry,-1,,,The vase has nothing to do with the sink.
A1H4GJFI4NJWKV,minimal,The ocean is North of Ali. Ali turns around. The ocean is BLANK Ali.,8e94a295-1159-50a9-9ebf-d12558060a5d,North of,South of,South of,North of,South of,0,3952.899999999907,1115.4000000003723,
A1H4GJFI4NJWKV,minimal,The ocean is North of Ali. Ali turns around. The ocean is BLANK Ali.,8e94a295-1159-50a9-9ebf-d12558060a5d,North of,South of,,,South of,-1,,,She turned the opposite.
A1H4GJFI4NJWKV,minimal,The mug is on the floor. Ali bumps the table. The mug BLANK.,af3ddb77-e0ef-5dc6-a71f-322ffe4f1f53,doesn't break,breaks,doesn't break,breaks,doesn't break,1,15768.700000000186,3133.0,
A1H4GJFI4NJWKV,minimal,The mug is on the floor. Ali bumps the table. The mug BLANK.,af3ddb77-e0ef-5dc6-a71f-322ffe4f1f53,doesn't break,breaks,,,doesn't break,-1,,,The mug is not on the table.
A2GMCWY993EEYE,minimal,The empty thermos is on the table. Ali fills the sink. The thermos is BLANK.,ca1d2738-b7ef-5748-bc41-00d7b201a41c,dry,wet,wet,dry,dry,1,4999.399999856949,3552.2999999523163,
A2GMCWY993EEYE,minimal,The sculpture is on the table. Ali bumps the lamp. The sculpture BLANK.,8f5095bc-b58d-59fb-94fa-7c121e14b746,doesn't break,breaks,doesn't break,breaks,breaks,0,1087.5,3791.899999856949,
A2GMCWY993EEYE,minimal,The clock is on the table. Ali bumps the lamp. The clock BLANK.,cb7a432a-c5db-586f-98f9-422792efd822,doesn't break,breaks,breaks,doesn't break,doesn't break,1,2958.9000000953674,4776.299999952316,
A2GMCWY993EEYE,minimal,The fish is on the table. Ali turns on the stove. The fish gets BLANK.,4ec9870c-0c7d-5611-b076-993ce15358f1,colder,warmer,warmer,colder,colder,1,4872.0,2231.7999999523163,
A2GMCWY993EEYE,minimal,The empty vase is on the table. Ali knocks the vase over. The table is BLANK.,c79d12ce-733d-590c-bf09-4db1c50645ce,dry,wet,wet,dry,wet,0,3232.0,2415.700000047684,
A2GMCWY993EEYE,minimal,The television is on the floor. Ali bumps the table. The television BLANK.,4e7ee80f-f119-5b6d-82df-ba4d4ad03735,doesn't break,breaks,breaks,doesn't break,doesn't break,1,4655.700000047684,919.5999999046326,
A2GMCWY993EEYE,minimal,The empty jug is on the table. Ali knocks the jug over. The table is BLANK.,2fc6d99a-038d-5235-bc08-f350777f4e86,dry,wet,wet,dry,wet,0,3071.7999999523163,1015.7999999523164,
A2GMCWY993EEYE,minimal,The mirror is on the floor. Ali bumps the table. The mirror BLANK.,c476f558-1f2e-503e-90a0-b300840ca6e1,doesn't break,breaks,breaks,doesn't break,doesn't break,1,4695.699999809265,807.9000000953674,
A2GMCWY993EEYE,minimal,The whiteboard is North of Ali. Ali turns around. The whiteboard is BLANK Ali.,a375252e-8be0-5a31-8826-ab7a09baa72d,North of,South of,South of,North of,South of,0,3504.100000143051,2759.800000190735,
A2GMCWY993EEYE,minimal,The street is North of Ali. Ali turns around. The street is BLANK Ali.,51679ab6-e072-51aa-920a-095c3ab09319,North of,South of,South of,North of,North of,1,2863.699999809265,1247.9000000953674,
A2GMCWY993EEYE,minimal,The empty tub is on the table. Ali fills the sink. The tub is BLANK.,cc2cb203-9a96-586b-9727-0a8212155c43,dry,wet,dry,wet,dry,1,4687.599999904633,688.2000000476837,
A2GMCWY993EEYE,minimal,The steak is on the table. Ali turns on the stove. The steak gets BLANK.,403f4fa5-5200-5d22-9f1b-6e2c2edf755c,colder,warmer,colder,warmer,colder,1,3799.799999952316,1352.2000000476835,
A1KDWFKTPB9LHM,minimal,The empty pitcher is on the table. Ali fills the sink. The pitcher is BLANK.,ee9b763e-9f9e-59f8-9bc5-1c6e2075abae,dry,wet,dry,wet,dry,1,6474.4000000059605,8458.79999999702,
A1KDWFKTPB9LHM,minimal,The painting is North of Ali. Ali turns around. The painting is BLANK Ali.,64e3f33d-f1bb-5469-960d-6b974ada7e0a,North of,South of,North of,South of,North of,1,6969.29999999702,3211.9000000059605,
A1KDWFKTPB9LHM,minimal,The empty jug is on the table. Ali fills the sink. The jug is BLANK.,654f6276-9e9e-52c2-867d-b66c3aa70976,dry,wet,dry,wet,dry,1,8548.40000000596,1157.300000011921,
A1KDWFKTPB9LHM,minimal,The vase is North of Ali. Ali turns around. The vase is BLANK Ali.,a3aa7fe8-9da6-5cc8-8664-c4fd06944bd2,North of,South of,North of,South of,North of,1,5681.800000011921,648.8000000119209,
A1KDWFKTPB9LHM,minimal,The empty cup is on the table. Ali knocks the cup over. The table is BLANK.,e6aecef6-eb29-5c41-a462-92c423095047,dry,wet,dry,wet,dry,1,4273.0,1050.5,
A1KDWFKTPB9LHM,minimal,The empty carton is on the table. Ali knocks the carton over. The table is BLANK.,6bb50e85-6ac5-52a5-b623-32e416664177,dry,wet,wet,dry,dry,1,4018.70000000298,3537.6000000089407,
A1KDWFKTPB9LHM,minimal,The laptop is on the floor. Ali bumps the table. The laptop BLANK.,88059c09-088b-5009-bafd-b7e931442077,doesn't break,breaks,doesn't break,breaks,doesn't break,1,3843.5,2019.5,
A1KDWFKTPB9LHM,minimal,The plate is on the floor. Ali bumps the table. The plate BLANK.,746aa902-d880-5b36-add1-a3457a31beb3,doesn't break,breaks,breaks,doesn't break,doesn't break,1,3164.0,3742.5,
A1KDWFKTPB9LHM,minimal,The sauce is on the table. Ali turns on the stove. The sauce gets BLANK.,7ba8e937-510d-512c-ac3a-9877388c0eec,colder,warmer,warmer,colder,colder,1,4278.0,5623.5,
A1KDWFKTPB9LHM,minimal,The dog is North of Ali. Ali turns around. The dog is BLANK Ali.,51f91196-934d-5ef1-b798-f0d70fe6a0c2,North of,South of,South of,North of,North of,1,4075.400000005961,8956.09999999404,
A1KDWFKTPB9LHM,minimal,The plate is on the table. Ali bumps the lamp. The plate BLANK.,aaa1f7f2-1b97-5138-9daa-38fb1bd7bc25,doesn't break,breaks,breaks,doesn't break,doesn't break,1,2405.0999999940395,2781.70000000298,
A1KDWFKTPB9LHM,minimal,The tea is on the table. Ali turns on the stove. The tea gets BLANK.,f4d79629-266b-5267-8ea1-847001b48e5a,colder,warmer,warmer,colder,colder,1,3167.70000000298,2622.800000011921,
A1KDWFKTPB9LHM,minimal,The mug is on the table. Ali bumps the lamp. The mug BLANK.,81e84bb2-9f95-5bbd-bbe3-af94794b6123,doesn't break,breaks,doesn't break,breaks,doesn't break,1,2888.79999999702,2491.70000000298,
A2J2SUYN1P96HB,minimal,The rice is on the table. Ali turns on the stove. The rice gets BLANK.,ff215e3b-d72f-5802-b7c5-e74b4bbbdb7c,colder,warmer,warmer,colder,warmer,0,3225.9000000953674,1538.2999999523165,
A2J2SUYN1P96HB,minimal,The phone is on the floor. Ali bumps the table. The phone BLANK.,a0089e09-ecb1-5910-97f4-de47ef22bfcd,doesn't break,breaks,breaks,doesn't break,doesn't break,1,2595.899999856949,3331.7999999523163,
A2J2SUYN1P96HB,minimal,The stew is on the table. Ali turns on the stove. The stew gets BLANK.,03c79cd5-cadc-5704-b773-cdd109719ae3,colder,warmer,colder,warmer,warmer,0,3545.0,635.2999999523163,
A2J2SUYN1P96HB,minimal,The empty bottle is on the table. Ali fills the sink. The bottle is BLANK.,f20343fe-adbf-5f1f-984e-58ee5b7c2b91,dry,wet,wet,dry,wet,0,2827.5,2057.4000000953674,
A2J2SUYN1P96HB,minimal,The empty pot is on the table. Ali knocks the pot over. The table is BLANK.,3bc3df7d-a91c-5999-8bb6-788efd21d35e,dry,wet,dry,wet,wet,0,3256.700000047684,1558.0,
A2J2SUYN1P96HB,minimal,The pot is on the floor. Ali bumps the table. The pot BLANK.,0318a66a-6207-5568-9d40-200aa1786c0b,doesn't break,breaks,doesn't break,breaks,breaks,0,3824.800000190735,3176.9000000953674,
A2J2SUYN1P96HB,minimal,The lake is North of Ali. Ali turns around. The lake is BLANK Ali.,9c900f5c-ba5e-50dd-ad14-ff2e930698e4,North of,South of,South of,North of,South of,0,1358.2999999523165,1776.0,
A2J2SUYN1P96HB,minimal,The mirror is on the table. Ali bumps the lamp. The mirror BLANK.,cc6308c4-fe93-592d-bd7c-c3c3495dfb04,doesn't break,breaks,breaks,doesn't break,doesn't break,1,4063.799999952316,3121.5,
A2J2SUYN1P96HB,minimal,The empty container is on the table. Ali fills the sink. The container is BLANK.,8e3a22ae-91ba-581e-9943-23bcec0a345d,dry,wet,dry,wet,dry,1,2387.899999856949,1852.7999999523165,
A2J2SUYN1P96HB,minimal,The empty bottle is on the table. Ali knocks the bottle over. The table is BLANK.,f1c8f5cb-5ef5-5bd2-b1ae-37722af5ab13,dry,wet,wet,dry,dry,1,3484.599999904633,2158.700000047684,
A2J2SUYN1P96HB,minimal,The phone is on the table. Ali bumps the lamp. The phone BLANK.,2828fd38-836b-534a-a861-283f930b7d39,doesn't break,breaks,doesn't break,breaks,doesn't break,1,3101.5,988.1000001430511,
A2J2SUYN1P96HB,minimal,The city is North of Ali. Ali turns around. The city is BLANK Ali.,d67a4a6d-bc61-537a-8b65-178cf81511b2,North of,South of,South of,North of,South of,0,1783.3999998569489,2981.5,
A1JKG2JLEUK3LJ,minimal,The porridge is on the table. Ali turns on the stove. The porridge gets BLANK.,2b80b416-13b1-5a5a-9b61-4c40aac5cf9e,colder,warmer,warmer,colder,colder,1,4733.0,2944.0,
A1JKG2JLEUK3LJ,minimal,The glass is on the floor. Ali bumps the table. The glass BLANK.,2a5f6d9c-8b03-5fe5-8a19-87971947d204,doesn't break,breaks,breaks,doesn't break,doesn't break,1,3286.0,991.0,
A1JKG2JLEUK3LJ,minimal,The vase is on the floor. Ali bumps the table. The vase BLANK.,b981d9fe-77c9-531c-afc1-fc37c2d11e04,doesn't break,breaks,breaks,doesn't break,doesn't break,1,2591.0,598.0,
A1JKG2JLEUK3LJ,minimal,The painting is North of Ali. Ali turns around. The painting is BLANK Ali.,64e3f33d-f1bb-5469-960d-6b974ada7e0a,North of,South of,North of,South of,South of,0,4399.0,807.0,
A1JKG2JLEUK3LJ,minimal,The empty glass is on the table. Ali knocks the glass over. The table is BLANK.,03be173e-02aa-5a79-968a-ce8ea00117d3,dry,wet,wet,dry,wet,0,5464.0,1919.0,
A1JKG2JLEUK3LJ,minimal,The statue is North of Ali. Ali turns around. The statue is BLANK Ali.,54f3455a-0981-5b04-b253-5891eb7c16e5,North of,South of,North of,South of,North of,1,5999.0,736.0,
A1JKG2JLEUK3LJ,minimal,The empty glass is on the table. Ali fills the sink. The glass is BLANK.,34ea25b7-8077-5b64-bc1b-17e62828dfb0,dry,wet,wet,dry,dry,1,3055.0,839.0,
A1JKG2JLEUK3LJ,minimal,The empty cup is on the table. Ali fills the sink. The cup is BLANK.,01ab1e92-2477-582f-a9a9-917cb2a0983b,dry,wet,wet,dry,dry,1,2510.0,496.0,
A1JKG2JLEUK3LJ,minimal,The empty glass is on the table. Ali knocks the glass over. The table is BLANK.,03be173e-02aa-5a79-968a-ce8ea00117d3,dry,wet,wet,dry,dry,1,5791.0,584.0,
A1JKG2JLEUK3LJ,minimal,The vase is on the table. Ali bumps the lamp. The vase BLANK.,2f76e57c-aad0-59fa-99e3-ad747c8c14d1,doesn't break,breaks,doesn't break,breaks,doesn't break,1,5936.0,1135.0,
A1JKG2JLEUK3LJ,minimal,The soup is on the table. Ali turns on the stove. The soup gets BLANK.,43bffc24-3955-522c-a74b-5fd4b204d283,colder,warmer,colder,warmer,colder,1,2431.0,1096.0,
A1JKG2JLEUK3LJ,minimal,The glass is on the table. Ali bumps the lamp. The glass BLANK.,4c8e019f-3f91-5c88-bdea-d68026fd0446,doesn't break,breaks,doesn't break,breaks,doesn't break,1,2166.0,758.0,
A1JKG2JLEUK3LJ,minimal,The empty mug is on the table. Ali knocks the mug over. The table is BLANK.,7f7d49b6-0545-5dd9-9166-80fc48a498e7,dry,wet,wet,dry,dry,1,2656.0,567.0,
A2HM35CWB7IIFM,minimal,The emtpy can is on the table. Ali fills the sink. The can is BLANK.,23582299-2316-5e9e-a72f-ef1038bc4df3,dry,wet,dry,wet,dry,1,11768.199999809263,3863.599999904633,
A2HM35CWB7IIFM,minimal,The ornament is on the table. Ali bumps the lamp. The ornament BLANK.,95cf280f-0045-5691-9286-ca2825f711f3,doesn't break,breaks,doesn't break,breaks,breaks,0,7920.899999856949,3538.300000190735,
A2HM35CWB7IIFM,minimal,The sculpture is on the floor. Ali bumps the table. The sculpture BLANK.,6837d037-fd89-5325-945f-ec953cdaf8fc,doesn't break,breaks,doesn't break,breaks,doesn't break,1,4520.0,1159.5,
A2HM35CWB7IIFM,minimal,The mountain is North of Ali. Ali turns around. The mountain is BLANK Ali.,cbe70172-4bc2-5518-ae97-53e795d58f6a,North of,South of,North of,South of,South of,0,7440.5,1576.2000000476835,
A2HM35CWB7IIFM,minimal,The tablet is on the table. Ali bumps the lamp. The tablet BLANK.,1859f2b1-26a2-5a64-959f-fab9926dbb6d,doesn't break,breaks,doesn't break,breaks,doesn't break,1,5209.099999904633,1370.2000000476835,
A2HM35CWB7IIFM,minimal,The house is North of Ali. Ali turns around. The house is BLANK Ali.,168b3f9d-5c7e-5e03-948e-a8b96b9e08a7,North of,South of,North of,South of,South of,0,3580.599999904633,1136.1000001430511,
A2HM35CWB7IIFM,minimal,The empty jar is on the table. Ali knocks the jar over. The table is BLANK.,d0c6d46f-fa2f-5c0a-93d2-5ebf343adfef,dry,wet,wet,dry,dry,1,5753.900000095367,2820.099999904633,
A2HM35CWB7IIFM,minimal,The empty flask is on the table. Ali fills the sink. The flask is BLANK.,9727b31c-2a14-5db5-9980-0074c623524f,dry,wet,wet,dry,dry,1,6370.899999856949,1861.400000095368,
A2HM35CWB7IIFM,minimal,The chili is on the table. Ali turns on the stove. The chili gets BLANK.,688b9409-948b-5506-a5bd-8f72bd8f0cdd,colder,warmer,warmer,colder,warmer,0,4629.400000095367,3299.300000190735,
A2HM35CWB7IIFM,minimal,The lamp is on the floor. Ali bumps the table. The lamp BLANK.,730042f0-d8b0-5c6c-8bf7-410416a84eb5,doesn't break,breaks,doesn't break,breaks,doesn't break,1,4170.199999809265,955.5,
A2HM35CWB7IIFM,minimal,The gumbo is on the table. Ali turns on the stove. The gumbo gets BLANK.,052dddd5-a2cf-5e97-90ed-7e2d2e91f62e,colder,warmer,warmer,colder,warmer,0,5960.299999952316,1690.2999999523165,
A2HM35CWB7IIFM,minimal,The empty pitcher is on the table. Ali knocks the pitcher over. The table is BLANK.,ce777ad4-6e7f-5a27-bd97-42231b86b999,dry,wet,wet,dry,dry,1,4346.399999856949,2324.399999856949,
A1IFIK8J49WBER,minimal,The rice is on the table. Ali turns on the stove. The rice gets BLANK.,ff215e3b-d72f-5802-b7c5-e74b4bbbdb7c,colder,warmer,warmer,colder,warmer,0,4683.199999988079,1584.5,
A1IFIK8J49WBER,minimal,The empty container is on the table. Ali fills the sink. The container is BLANK.,8e3a22ae-91ba-581e-9943-23bcec0a345d,dry,wet,dry,wet,dry,1,12824.30000001192,6019.09999999404,
A1IFIK8J49WBER,minimal,The stew is on the table. Ali turns on the stove. The stew gets BLANK.,03c79cd5-cadc-5704-b773-cdd109719ae3,colder,warmer,warmer,colder,warmer,0,5504.4000000059605,929.8000000119208,
A1IFIK8J49WBER,minimal,The empty bottle is on the table. Ali knocks the bottle over. The table is BLANK.,f1c8f5cb-5ef5-5bd2-b1ae-37722af5ab13,dry,wet,wet,dry,wet,0,7095.800000011921,2607.5,
A1IFIK8J49WBER,minimal,The pot is on the floor. Ali bumps the table. The pot BLANK.,0318a66a-6207-5568-9d40-200aa1786c0b,doesn't break,breaks,breaks,doesn't break,doesn't break,1,5732.700000017881,1508.7000000178814,
A1IFIK8J49WBER,minimal,The phone is on the table. Ali bumps the lamp. The phone BLANK.,2828fd38-836b-534a-a861-283f930b7d39,doesn't break,breaks,breaks,doesn't break,doesn't break,1,3625.5,1443.0,
A1IFIK8J49WBER,minimal,The mirror is on the table. Ali bumps the lamp. The mirror BLANK.,cc6308c4-fe93-592d-bd7c-c3c3495dfb04,doesn't break,breaks,breaks,doesn't break,doesn't break,1,5021.800000011921,777.4000000059605,
A1IFIK8J49WBER,minimal,The lake is North of Ali. Ali turns around. The lake is BLANK Ali.,9c900f5c-ba5e-50dd-ad14-ff2e930698e4,North of,South of,North of,South of,North of,1,6975.9000000059605,1046.9000000059605,
A1IFIK8J49WBER,minimal,The empty bottle is on the table. Ali fills the sink. The bottle is BLANK.,f20343fe-adbf-5f1f-984e-58ee5b7c2b91,dry,wet,wet,dry,dry,1,7187.100000023842,1046.5999999940395,
A1IFIK8J49WBER,minimal,The city is North of Ali. Ali turns around. The city is BLANK Ali.,d67a4a6d-bc61-537a-8b65-178cf81511b2,North of,South of,South of,North of,North of,1,6130.0,2306.300000011921,
A1IFIK8J49WBER,minimal,The phone is on the floor. Ali bumps the table. The phone BLANK.,a0089e09-ecb1-5910-97f4-de47ef22bfcd,doesn't break,breaks,doesn't break,breaks,doesn't break,1,4608.0,993.3000000119208,
A1IFIK8J49WBER,minimal,The empty pot is on the table. Ali knocks the pot over. The table is BLANK.,3bc3df7d-a91c-5999-8bb6-788efd21d35e,dry,wet,wet,dry,dry,1,4952.0,2031.0999999940395,
A2LTOS0AZ3B28A,minimal,The house is North of Ali. Ali turns around. The house is BLANK Ali.,168b3f9d-5c7e-5e03-948e-a8b96b9e08a7,North of,South of,North of,South of,South of,0,3286.0,679.0,
A2LTOS0AZ3B28A,minimal,The chili is on the table. Ali turns on the stove. The chili gets BLANK.,688b9409-948b-5506-a5bd-8f72bd8f0cdd,colder,warmer,colder,warmer,warmer,0,3862.0,959.0,
A2LTOS0AZ3B28A,minimal,The tablet is on the table. Ali bumps the lamp. The tablet BLANK.,1859f2b1-26a2-5a64-959f-fab9926dbb6d,doesn't break,breaks,doesn't break,breaks,breaks,0,3438.0,959.0,
A2LTOS0AZ3B28A,minimal,The sculpture is on the floor. Ali bumps the table. The sculpture BLANK.,6837d037-fd89-5325-945f-ec953cdaf8fc,doesn't break,breaks,breaks,doesn't break,breaks,0,2390.0,1000.0,
A2LTOS0AZ3B28A,minimal,The gumbo is on the table. Ali turns on the stove. The gumbo gets BLANK.,052dddd5-a2cf-5e97-90ed-7e2d2e91f62e,colder,warmer,colder,warmer,warmer,0,2799.0,560.0,
A2LTOS0AZ3B28A,minimal,The mountain is North of Ali. Ali turns around. The mountain is BLANK Ali.,cbe70172-4bc2-5518-ae97-53e795d58f6a,North of,South of,North of,South of,South of,0,2143.0,711.0,
A2LTOS0AZ3B28A,minimal,The emtpy can is on the table. Ali fills the sink. The can is BLANK.,23582299-2316-5e9e-a72f-ef1038bc4df3,dry,wet,dry,wet,dry,1,2967.0,1247.0,
A2LTOS0AZ3B28A,minimal,The ornament is on the table. Ali bumps the lamp. The ornament BLANK.,95cf280f-0045-5691-9286-ca2825f711f3,doesn't break,breaks,breaks,doesn't break,doesn't break,1,2272.0,632.0,
A2LTOS0AZ3B28A,minimal,The empty pitcher is on the table. Ali knocks the pitcher over. The table is BLANK.,ce777ad4-6e7f-5a27-bd97-42231b86b999,dry,wet,wet,dry,wet,0,3479.0,912.0,
A2LTOS0AZ3B28A,minimal,The empty jar is on the table. Ali knocks the jar over. The table is BLANK.,d0c6d46f-fa2f-5c0a-93d2-5ebf343adfef,dry,wet,wet,dry,dry,1,3183.0,760.0,
A2LTOS0AZ3B28A,minimal,The empty flask is on the table. Ali fills the sink. The flask is BLANK.,9727b31c-2a14-5db5-9980-0074c623524f,dry,wet,wet,dry,wet,0,3191.0,630.0,
A2LTOS0AZ3B28A,minimal,The lamp is on the floor. Ali bumps the table. The lamp BLANK.,730042f0-d8b0-5c6c-8bf7-410416a84eb5,doesn't break,breaks,breaks,doesn't break,doesn't break,1,3488.0,528.0,
A1JZI9YO5DGXJC,minimal,The empty glass is on the table. Ali fills the sink. The glass is BLANK.,34ea25b7-8077-5b64-bc1b-17e62828dfb0,dry,wet,dry,wet,dry,1,7538.199999999255,7189.599999997765,
A1JZI9YO5DGXJC,minimal,The glass is on the table. Ali bumps the lamp. The glass BLANK.,4c8e019f-3f91-5c88-bdea-d68026fd0446,doesn't break,breaks,doesn't break,breaks,doesn't break,1,4992.5,4074.10000000149,
A1JZI9YO5DGXJC,minimal,The painting is North of Ali. Ali turns around. The painting is BLANK Ali.,64e3f33d-f1bb-5469-960d-6b974ada7e0a,North of,South of,North of,South of,North of,1,8636.900000002235,1270.4000000022352,
A1JZI9YO5DGXJC,minimal,The glass is on the floor. Ali bumps the table. The glass BLANK.,2a5f6d9c-8b03-5fe5-8a19-87971947d204,doesn't break,breaks,breaks,doesn't break,doesn't break,1,2260.800000000745,4408.699999999255,
A1JZI9YO5DGXJC,minimal,The empty mug is on the table. Ali knocks the mug over. The table is BLANK.,7f7d49b6-0545-5dd9-9166-80fc48a498e7,dry,wet,dry,wet,wet,0,2316.699999999255,3951.5,
A1JZI9YO5DGXJC,minimal,The porridge is on the table. Ali turns on the stove. The porridge gets BLANK.,2b80b416-13b1-5a5a-9b61-4c40aac5cf9e,colder,warmer,colder,warmer,colder,1,1600.89999999851,4929.800000000745,
A1JZI9YO5DGXJC,minimal,The vase is on the table. Ali bumps the lamp. The vase BLANK.,2f76e57c-aad0-59fa-99e3-ad747c8c14d1,doesn't break,breaks,doesn't break,breaks,doesn't break,1,1737.89999999851,3502.699999999255,
A1JZI9YO5DGXJC,minimal,The statue is North of Ali. Ali turns around. The statue is BLANK Ali.,54f3455a-0981-5b04-b253-5891eb7c16e5,North of,South of,North of,South of,North of,1,1471.7000000029802,2867.5,
A1JZI9YO5DGXJC,minimal,The soup is on the table. Ali turns on the stove. The soup gets BLANK.,43bffc24-3955-522c-a74b-5fd4b204d283,colder,warmer,colder,warmer,colder,1,5372.89999999851,3712.699999999255,
A1JZI9YO5DGXJC,minimal,The empty cup is on the table. Ali fills the sink. The cup is BLANK.,01ab1e92-2477-582f-a9a9-917cb2a0983b,dry,wet,wet,dry,dry,1,1645.0999999977648,5547.0,
A1JZI9YO5DGXJC,minimal,The empty glass is on the table. Ali knocks the glass over. The table is BLANK.,03be173e-02aa-5a79-968a-ce8ea00117d3,dry,wet,dry,wet,dry,1,1945.8999999985097,5211.39999999851,
A1JZI9YO5DGXJC,minimal,The vase is on the floor. Ali bumps the table. The vase BLANK.,b981d9fe-77c9-531c-afc1-fc37c2d11e04,doesn't break,breaks,breaks,doesn't break,doesn't break,1,2639.699999999255,3050.300000000745,
A1JZI9YO5DGXJC,minimal,The empty glass is on the table. Ali knocks the glass over. The table is BLANK.,03be173e-02aa-5a79-968a-ce8ea00117d3,dry,wet,dry,wet,dry,1,956.10000000149,4014.400000002235,
A2LM0RPKPK6WYW,minimal,The dog is North of Ali. Ali turns around. The dog is BLANK Ali.,51f91196-934d-5ef1-b798-f0d70fe6a0c2,North of,South of,South of,North of,North of,1,1294.0,719.3999999761581,
A2LM0RPKPK6WYW,minimal,The empty jug is on the table. Ali fills the sink. The jug is BLANK.,654f6276-9e9e-52c2-867d-b66c3aa70976,dry,wet,wet,dry,wet,0,3543.899999976158,742.5999999642372,
A2LM0RPKPK6WYW,minimal,The empty cup is on the table. Ali knocks the cup over. The table is BLANK.,e6aecef6-eb29-5c41-a462-92c423095047,dry,wet,dry,wet,wet,0,3847.100000023842,752.3000000119209,
A2LM0RPKPK6WYW,minimal,The tea is on the table. Ali turns on the stove. The tea gets BLANK.,f4d79629-266b-5267-8ea1-847001b48e5a,colder,warmer,warmer,colder,colder,1,989.6999999880792,743.5,
A2LM0RPKPK6WYW,minimal,The empty pitcher is on the table. Ali fills the sink. The pitcher is BLANK.,ee9b763e-9f9e-59f8-9bc5-1c6e2075abae,dry,wet,dry,wet,dry,1,816.3999999761581,943.4000000357628,
A2LM0RPKPK6WYW,minimal,The mug is on the table. Ali bumps the lamp. The mug BLANK.,81e84bb2-9f95-5bbd-bbe3-af94794b6123,doesn't break,breaks,breaks,doesn't break,breaks,0,1179.5999999642372,1636.0999999642372,
A2LM0RPKPK6WYW,minimal,The sauce is on the table. Ali turns on the stove. The sauce gets BLANK.,7ba8e937-510d-512c-ac3a-9877388c0eec,colder,warmer,colder,warmer,warmer,0,1335.800000011921,3703.800000011921,
A2LM0RPKPK6WYW,minimal,The laptop is on the floor. Ali bumps the table. The laptop BLANK.,88059c09-088b-5009-bafd-b7e931442077,doesn't break,breaks,breaks,doesn't break,doesn't break,1,872.6999999880791,814.6999999880791,
A2LM0RPKPK6WYW,minimal,The plate is on the table. Ali bumps the lamp. The plate BLANK.,aaa1f7f2-1b97-5138-9daa-38fb1bd7bc25,doesn't break,breaks,doesn't break,breaks,doesn't break,1,1071.199999988079,860.0,
A2LM0RPKPK6WYW,minimal,The painting is North of Ali. Ali turns around. The painting is BLANK Ali.,64e3f33d-f1bb-5469-960d-6b974ada7e0a,North of,South of,South of,North of,South of,0,1112.300000011921,792.0999999642372,
A2LM0RPKPK6WYW,minimal,The vase is North of Ali. Ali turns around. The vase is BLANK Ali.,a3aa7fe8-9da6-5cc8-8664-c4fd06944bd2,North of,South of,South of,North of,North of,1,877.3999999761581,719.5,
A2LM0RPKPK6WYW,minimal,The plate is on the floor. Ali bumps the table. The plate BLANK.,746aa902-d880-5b36-add1-a3457a31beb3,doesn't break,breaks,breaks,doesn't break,breaks,0,1857.5,1039.9000000357628,
A2LM0RPKPK6WYW,minimal,The empty carton is on the table. Ali knocks the carton over. The table is BLANK.,6bb50e85-6ac5-52a5-b623-32e416664177,dry,wet,dry,wet,dry,1,1301.9000000357628,866.0999999642372,
A2LM0RPKPK6WYW,minimal,The empty jug is on the table. Ali fills the sink. The jug is BLANK.,654f6276-9e9e-52c2-867d-b66c3aa70976,dry,wet,dry,wet,dry,1,3285.199999988079,1921.9000000357628,
A2LM0RPKPK6WYW,minimal,The empty jug is on the table. Ali fills the sink. The jug is BLANK.,654f6276-9e9e-52c2-867d-b66c3aa70976,dry,wet,,,dry,-1,,,more useful
A2LM0RPKPK6WYW,minimal,The empty cup is on the table. Ali knocks the cup over. The table is BLANK.,e6aecef6-eb29-5c41-a462-92c423095047,dry,wet,dry,wet,dry,1,1671.0,1707.899999976158,
A2LM0RPKPK6WYW,minimal,The empty cup is on the table. Ali knocks the cup over. The table is BLANK.,e6aecef6-eb29-5c41-a462-92c423095047,dry,wet,,,dry,-1,,,the cup of dry
A2LM0RPKPK6WYW,minimal,The tea is on the table. Ali turns on the stove. The tea gets BLANK.,f4d79629-266b-5267-8ea1-847001b48e5a,colder,warmer,warmer,colder,colder,1,1289.300000011921,2043.800000011921,
A2LM0RPKPK6WYW,minimal,The tea is on the table. Ali turns on the stove. The tea gets BLANK.,f4d79629-266b-5267-8ea1-847001b48e5a,colder,warmer,,,colder,-1,,,the colder stove
A2LM0RPKPK6WYW,minimal,The mug is on the table. Ali bumps the lamp. The mug BLANK.,81e84bb2-9f95-5bbd-bbe3-af94794b6123,doesn't break,breaks,doesn't break,breaks,doesn't break,1,1103.699999988079,1520.0,
A2LM0RPKPK6WYW,minimal,The mug is on the table. Ali bumps the lamp. The mug BLANK.,81e84bb2-9f95-5bbd-bbe3-af94794b6123,doesn't break,breaks,,,doesn't break,-1,,,ali bumps the lamp doesn't break
A2LM0RPKPK6WYW,minimal,The sauce is on the table. Ali turns on the stove. The sauce gets BLANK.,7ba8e937-510d-512c-ac3a-9877388c0eec,colder,warmer,colder,warmer,warmer,0,1439.199999988079,4150.099999964237,
A2LM0RPKPK6WYW,minimal,The sauce is on the table. Ali turns on the stove. The sauce gets BLANK.,7ba8e937-510d-512c-ac3a-9877388c0eec,colder,warmer,,,warmer,-1,,,warmer on the stove.
A2LM0RPKPK6WYW,minimal,The plate is on the table. Ali bumps the lamp. The plate BLANK.,aaa1f7f2-1b97-5138-9daa-38fb1bd7bc25,doesn't break,breaks,doesn't break,breaks,breaks,0,1257.0,2378.0,
A2LM0RPKPK6WYW,minimal,The plate is on the table. Ali bumps the lamp. The plate BLANK.,aaa1f7f2-1b97-5138-9daa-38fb1bd7bc25,doesn't break,breaks,,,breaks,-1,,,the breaks 
A2LM0RPKPK6WYW,minimal,The painting is North of Ali. Ali turns around. The painting is BLANK Ali.,64e3f33d-f1bb-5469-960d-6b974ada7e0a,North of,South of,North of,South of,North of,1,1575.2000000476835,2617.900000035763,
A2LM0RPKPK6WYW,minimal,The painting is North of Ali. Ali turns around. The painting is BLANK Ali.,64e3f33d-f1bb-5469-960d-6b974ada7e0a,North of,South of,,,North of,-1,,,north of the state
A2LM0RPKPK6WYW,minimal,The plate is on the floor. Ali bumps the table. The plate BLANK.,746aa902-d880-5b36-add1-a3457a31beb3,doesn't break,breaks,breaks,doesn't break,breaks,0,1229.5,2350.0,
A2LM0RPKPK6WYW,minimal,The plate is on the floor. Ali bumps the table. The plate BLANK.,746aa902-d880-5b36-add1-a3457a31beb3,doesn't break,breaks,,,breaks,-1,,,my breaks in a heart
A1MMC6X3ZNJ9OT,minimal,The stew is on the table. Ali turns on the stove. The stew gets BLANK.,03c79cd5-cadc-5704-b773-cdd109719ae3,colder,warmer,colder,warmer,warmer,0,12840.40000000596,7583.20000000298,
A1MMC6X3ZNJ9OT,minimal,The empty bottle is on the table. Ali knocks the bottle over. The table is BLANK.,f1c8f5cb-5ef5-5bd2-b1ae-37722af5ab13,dry,wet,dry,wet,dry,1,4181.29999999702,3448.20000000298,
A1MMC6X3ZNJ9OT,minimal,The pot is on the floor. Ali bumps the table. The pot BLANK.,0318a66a-6207-5568-9d40-200aa1786c0b,doesn't break,breaks,breaks,doesn't break,doesn't break,1,2844.0999999940395,12515.90000000596,
A1MMC6X3ZNJ9OT,minimal,The empty container is on the table. Ali fills the sink. The container is BLANK.,8e3a22ae-91ba-581e-9943-23bcec0a345d,dry,wet,wet,dry,dry,1,2177.70000000298,16468.09999999404,
A1MMC6X3ZNJ9OT,minimal,The empty bottle is on the table. Ali fills the sink. The bottle is BLANK.,f20343fe-adbf-5f1f-984e-58ee5b7c2b91,dry,wet,dry,wet,dry,1,1483.2000000029802,5139.0,
A1MMC6X3ZNJ9OT,minimal,The city is North of Ali. Ali turns around. The city is BLANK Ali.,d67a4a6d-bc61-537a-8b65-178cf81511b2,North of,South of,South of,North of,South of,0,1419.0,9624.29999999702,
A1MMC6X3ZNJ9OT,minimal,The empty pot is on the table. Ali knocks the pot over. The table is BLANK.,3bc3df7d-a91c-5999-8bb6-788efd21d35e,dry,wet,wet,dry,wet,0,1068.5,8828.79999999702,
A1MMC6X3ZNJ9OT,minimal,The phone is on the floor. Ali bumps the table. The phone BLANK.,a0089e09-ecb1-5910-97f4-de47ef22bfcd,doesn't break,breaks,doesn't break,breaks,breaks,0,3750.70000000298,10508.0,
A1MMC6X3ZNJ9OT,minimal,The phone is on the table. Ali bumps the lamp. The phone BLANK.,2828fd38-836b-534a-a861-283f930b7d39,doesn't break,breaks,doesn't break,breaks,doesn't break,1,1573.9000000059605,17470.29999999702,
A1MMC6X3ZNJ9OT,minimal,The lake is North of Ali. Ali turns around. The lake is BLANK Ali.,9c900f5c-ba5e-50dd-ad14-ff2e930698e4,North of,South of,South of,North of,South of,0,1021.2999999970198,11105.60000000894,
A1MMC6X3ZNJ9OT,minimal,The rice is on the table. Ali turns on the stove. The rice gets BLANK.,ff215e3b-d72f-5802-b7c5-e74b4bbbdb7c,colder,warmer,warmer,colder,colder,1,1076.0,27486.40000000596,
A1MMC6X3ZNJ9OT,minimal,The mirror is on the table. Ali bumps the lamp. The mirror BLANK.,cc6308c4-fe93-592d-bd7c-c3c3495dfb04,doesn't break,breaks,doesn't break,breaks,doesn't break,1,6325.399999991059,2907.79999999702,
A2I67YMVNN0O4J,minimal,The television is on the table. Ali bumps the lamp. The television BLANK.,60833207-b675-5f32-ab67-85a791ce814f,doesn't break,breaks,breaks,doesn't break,doesn't break,1,1257.4000000357628,12745.5,
A2I67YMVNN0O4J,minimal,The empty box is on the table. Ali fills the sink. The box is BLANK.,58b88005-7f83-54dc-8994-ba230c248673,dry,wet,dry,wet,dry,1,2132.5,12261.19999998808,
A2I67YMVNN0O4J,minimal,The jar is on the floor. Ali bumps the table. The jar BLANK.,272fb3b8-f899-5ff0-ae86-55a1cddaa8e6,doesn't break,breaks,breaks,doesn't break,doesn't break,1,1065.800000011921,6542.399999976158,
A2I67YMVNN0O4J,minimal,The museum is North of Ali. Ali turns around. The museum is BLANK Ali.,11d7dec7-34c3-5381-80c8-460155badd74,North of,South of,South of,North of,North of,1,693.6000000238419,13110.399999976158,
A2I67YMVNN0O4J,minimal,The pasta is on the table. Ali turns on the stove. The pasta gets BLANK.,a74a9014-1030-5c5d-b1d0-43ada1ff9c9d,colder,warmer,warmer,colder,warmer,0,844.3000000119209,27548.0,
A2I67YMVNN0O4J,minimal,The empty bowl is on the table. Ali fills the sink. The bowl is BLANK.,b53176cd-e250-5a59-b3be-ceaba45ea634,dry,wet,wet,dry,dry,1,835.8999999761581,14899.80000001192,
A2I67YMVNN0O4J,minimal,The cup is on the floor. Ali bumps the table. The cup BLANK.,852b0651-2c81-5807-ba4a-d3f2a56a5e5d,doesn't break,breaks,doesn't break,breaks,doesn't break,1,1214.399999976158,6609.0,
A2I67YMVNN0O4J,minimal,The empty teapot is on the table. Ali knocks the teapot over. The table is BLANK.,35b3312e-b7e0-59b8-933b-ec0336ad5162,dry,wet,wet,dry,dry,1,843.3999999761581,49849.0,
A2I67YMVNN0O4J,minimal,The tree is North of Ali. Ali turns around. The tree is BLANK Ali.,f8a90dad-f837-555e-beb1-3a5da5eb35ef,North of,South of,South of,North of,North of,1,1101.300000011921,7850.700000047684,
A2I67YMVNN0O4J,minimal,The empty wineglass is on the table. Ali knocks the wineglass over. The table is BLANK.,dfb0bf34-70f6-5390-b055-469ef8e6506c,dry,wet,dry,wet,dry,1,699.1000000238419,10174.100000023842,
A2I67YMVNN0O4J,minimal,The cup is on the table. Ali bumps the lamp. The cup BLANK.,e9a925cf-de07-55f7-8ab3-9f28791b3728,doesn't break,breaks,doesn't break,breaks,doesn't break,1,1561.699999988079,3123.400000035763,
A2I67YMVNN0O4J,minimal,The water is on the table. Ali turns on the stove. The water gets BLANK.,d363d97e-3c05-5ea9-b0af-4bfba2258626,colder,warmer,warmer,colder,colder,1,1171.600000023842,3577.399999976158,
A2HR0V0K34J4PE,minimal,The empty teapot is on the table. Ali knocks the teapot over. The table is BLANK.,35b3312e-b7e0-59b8-933b-ec0336ad5162,dry,wet,dry,wet,wet,0,4402.0,4099.0,
A2HR0V0K34J4PE,minimal,The water is on the table. Ali turns on the stove. The water gets BLANK.,d363d97e-3c05-5ea9-b0af-4bfba2258626,colder,warmer,warmer,colder,warmer,0,2373.0,1062.0,
A2HR0V0K34J4PE,minimal,The empty wineglass is on the table. Ali knocks the wineglass over. The table is BLANK.,dfb0bf34-70f6-5390-b055-469ef8e6506c,dry,wet,wet,dry,dry,1,14884.0,4950.0,
A2HR0V0K34J4PE,minimal,The television is on the table. Ali bumps the lamp. The television BLANK.,60833207-b675-5f32-ab67-85a791ce814f,doesn't break,breaks,doesn't break,breaks,doesn't break,1,5459.0,5945.0,
A2HR0V0K34J4PE,minimal,The cup is on the floor. Ali bumps the table. The cup BLANK.,852b0651-2c81-5807-ba4a-d3f2a56a5e5d,doesn't break,breaks,breaks,doesn't break,doesn't break,1,3663.0,2434.0,
A2HR0V0K34J4PE,minimal,The empty bowl is on the table. Ali fills the sink. The bowl is BLANK.,b53176cd-e250-5a59-b3be-ceaba45ea634,dry,wet,dry,wet,dry,1,5155.0,3602.0,
A2HR0V0K34J4PE,minimal,The pasta is on the table. Ali turns on the stove. The pasta gets BLANK.,a74a9014-1030-5c5d-b1d0-43ada1ff9c9d,colder,warmer,warmer,colder,colder,1,7121.0,3697.0,
A2HR0V0K34J4PE,minimal,The museum is North of Ali. Ali turns around. The museum is BLANK Ali.,11d7dec7-34c3-5381-80c8-460155badd74,North of,South of,South of,North of,North of,1,1431.0,9176.0,
A2HR0V0K34J4PE,minimal,The cup is on the table. Ali bumps the lamp. The cup BLANK.,e9a925cf-de07-55f7-8ab3-9f28791b3728,doesn't break,breaks,breaks,doesn't break,doesn't break,1,1960.0,6406.0,
A2HR0V0K34J4PE,minimal,The tree is North of Ali. Ali turns around. The tree is BLANK Ali.,f8a90dad-f837-555e-beb1-3a5da5eb35ef,North of,South of,South of,North of,South of,0,8179.0,25993.0,
A2HR0V0K34J4PE,minimal,The jar is on the floor. Ali bumps the table. The jar BLANK.,272fb3b8-f899-5ff0-ae86-55a1cddaa8e6,doesn't break,breaks,breaks,doesn't break,doesn't break,1,559.0,164313.0,
A2HR0V0K34J4PE,minimal,The empty box is on the table. Ali fills the sink. The box is BLANK.,58b88005-7f83-54dc-8994-ba230c248673,dry,wet,dry,wet,dry,1,1161.0,3027.0,
A1LBJ5IX3YHCUK,minimal,The empty jar is on the table. Ali fills the sink. The jar is BLANK.,637372ba-bac0-5ffc-95af-27467657d0b0,dry,wet,dry,wet,dry,1,3882.900000095368,3344.7999999523163,
A1LBJ5IX3YHCUK,minimal,The computer is North of Ali. Ali turns around. The computer is BLANK Ali.,40691f9e-5ca7-5c21-98cb-f1f3e90fece7,North of,South of,South of,North of,North of,1,4586.599999904633,7466.300000190735,
A1LBJ5IX3YHCUK,minimal,The tablet is on the floor. Ali bumps the table. The tablet BLANK.,c746580e-0ddd-5f98-b93a-f4cca7c1f161,doesn't break,breaks,breaks,doesn't break,doesn't break,1,4323.800000190735,3561.700000047684,
A1LBJ5IX3YHCUK,minimal,The ornament is on the floor. Ali bumps the table. The ornament BLANK.,e5ae0bb2-4f9a-5c05-8a70-d24d352debe0,doesn't break,breaks,doesn't break,breaks,doesn't break,1,4592.900000095367,1210.2000000476835,
A1LBJ5IX3YHCUK,minimal,The chicken is on the table. Ali turns on the stove. The chicken gets BLANK.,6fbad9b4-9231-5796-a9b4-b8e8fb940654,colder,warmer,colder,warmer,colder,1,3725.5,1678.2999999523165,
A1LBJ5IX3YHCUK,minimal,The empty kettle is on the table. Ali fills the sink. The kettle is BLANK.,335be0e6-a5ed-5801-80f1-5c6cab349d24,dry,wet,dry,wet,dry,1,4532.900000095367,1135.4000000953674,
A1LBJ5IX3YHCUK,minimal,The empty flask is on the table. Ali knocks the flask over. The table is BLANK.,4d25e5cd-4b9f-54f6-abe2-eafde27f21c2,dry,wet,wet,dry,dry,1,3020.300000190735,766.7000000476837,
A1LBJ5IX3YHCUK,minimal,The book is North of Ali. Ali turns around. The book is BLANK Ali.,68d84e25-fe4e-5077-a48e-f046d48af2fc,North of,South of,South of,North of,North of,1,4820.599999904633,634.1000001430511,
A1LBJ5IX3YHCUK,minimal,The candle is on the table. Ali bumps the lamp. The candle BLANK.,0edfc764-15dc-56a4-97f0-79696d42e604,doesn't break,breaks,breaks,doesn't break,doesn't break,1,7518.5,1648.5,
A1LBJ5IX3YHCUK,minimal,The curry is on the table. Ali turns on the stove. The curry gets BLANK.,b0f42dcc-e0f5-5341-907b-8832326e0521,colder,warmer,colder,warmer,colder,1,4465.900000095367,1165.2000000476835,
A1LBJ5IX3YHCUK,minimal,The empty bowl is on the table. Ali knocks the bowl over. The table is BLANK.,06b16899-ccf7-506d-b8e7-c094839d0ed7,dry,wet,wet,dry,dry,1,7359.399999856949,1121.7000000476835,
A1LBJ5IX3YHCUK,minimal,The portrait is on the table. Ali bumps the lamp. The portrait BLANK.,887ddffd-f870-51c3-a4da-9d16882413d5,doesn't break,breaks,doesn't break,breaks,doesn't break,1,6597.5,928.7999999523164,
A2LEY4X3LD8G26,minimal,The clock is on the floor. Ali bumps the table. The clock BLANK.,581ab406-6472-5213-8fa5-924e54aadbbb,doesn't break,breaks,doesn't break,breaks,breaks,0,5281.099999904633,2427.100000143051,
A2LEY4X3LD8G26,minimal,The jar is on the table. Ali bumps the lamp. The jar BLANK.,ca149acc-4333-5d4e-9b73-b3954089e0b3,doesn't break,breaks,doesn't break,breaks,doesn't break,1,505.2000000476837,6277.400000095367,
A2LEY4X3LD8G26,minimal,The empty can is on the table. Ali knocks the can over. The table is BLANK.,7b0ff26b-5f65-57c0-b1e1-7dac2ab25032,dry,wet,dry,wet,dry,1,476.9000000953674,9664.300000190737,
A2LEY4X3LD8G26,minimal,The empty mug is on the table. Ali fills the sink. The mug is BLANK.,36794563-6ac8-5075-8df5-b2ecbd8f8c8b,dry,wet,wet,dry,wet,0,952.6999998092653,8365.599999904633,
A2LEY4X3LD8G26,minimal,The glass is on the floor. Ali bumps the table. The glass BLANK.,2a5f6d9c-8b03-5fe5-8a19-87971947d204,doesn't break,breaks,doesn't break,breaks,breaks,0,3922.0,4643.600000143051,
A2LEY4X3LD8G26,minimal,The man is North of Ali. Ali turns around. The man is BLANK Ali.,42f4e9ba-3d9f-52aa-aa48-aaf77bdffda2,North of,South of,South of,North of,South of,0,2551.0,1966.8999998569489,
A2LEY4X3LD8G26,minimal,The broth is on the table. Ali turns on the stove. The broth gets BLANK.,304f867c-d22c-5f80-8b58-04c39ecc54c7,colder,warmer,warmer,colder,colder,1,488.7000000476837,6698.700000047684,
A2LEY4X3LD8G26,minimal,The bottle is on the table. Ali bumps the lamp. The bottle BLANK.,8e5290bc-3ba2-56b3-b1c5-33531c9a12ae,doesn't break,breaks,doesn't break,breaks,doesn't break,1,471.5,4006.0,
A2LEY4X3LD8G26,minimal,The mug is on the floor. Ali bumps the table. The mug BLANK.,af3ddb77-e0ef-5dc6-a71f-322ffe4f1f53,doesn't break,breaks,breaks,doesn't break,doesn't break,1,346.2000000476837,2525.899999856949,
A2LEY4X3LD8G26,minimal,The coffee is on the table. Ali turns on the stove. The coffee gets BLANK.,aad29bfa-c5cb-5d6a-9c3f-296137723195,colder,warmer,warmer,colder,colder,1,1083.1000001430511,3886.800000190735,
A2LEY4X3LD8G26,minimal,The empty vase is on the table. Ali fills the sink. The vase is BLANK.,608b5972-0b7e-5142-995f-b84143ea7b33,dry,wet,dry,wet,dry,1,327.09999990463257,5140.899999856949,
A2LEY4X3LD8G26,minimal,The empty thermos is on the table. Ali knocks the thermos over. The table is BLANK.,504496f0-2b75-5a26-8866-95cbb113f5a4,dry,wet,wet,dry,dry,1,261.2999999523163,5014.100000143051,
A2LEY4X3LD8G26,minimal,The ocean is North of Ali. Ali turns around. The ocean is BLANK Ali.,8e94a295-1159-50a9-9ebf-d12558060a5d,North of,South of,South of,North of,South of,0,267.90000009536743,2890.9000000953674,
A1P4RP206OT6XD,minimal,The empty teapot is on the table. Ali knocks the teapot over. The table is BLANK.,35b3312e-b7e0-59b8-933b-ec0336ad5162,dry,wet,wet,dry,wet,0,13681.0,3104.699999988079,
A1P4RP206OT6XD,minimal,The tree is North of Ali. Ali turns around. The tree is BLANK Ali.,f8a90dad-f837-555e-beb1-3a5da5eb35ef,North of,South of,South of,North of,South of,0,1819.1000000238416,7481.5,
A1P4RP206OT6XD,minimal,The empty box is on the table. Ali fills the sink. The box is BLANK.,58b88005-7f83-54dc-8994-ba230c248673,dry,wet,wet,dry,wet,0,890.3999999761581,5660.699999988079,
A1P4RP206OT6XD,minimal,The empty bowl is on the table. Ali fills the sink. The bowl is BLANK.,b53176cd-e250-5a59-b3be-ceaba45ea634,dry,wet,wet,dry,wet,0,5423.300000011921,1262.199999988079,
A1P4RP206OT6XD,minimal,The cup is on the floor. Ali bumps the table. The cup BLANK.,852b0651-2c81-5807-ba4a-d3f2a56a5e5d,doesn't break,breaks,breaks,doesn't break,breaks,0,640.8000000119209,2631.100000023842,
A1P4RP206OT6XD,minimal,The television is on the table. Ali bumps the lamp. The television BLANK.,60833207-b675-5f32-ab67-85a791ce814f,doesn't break,breaks,breaks,doesn't break,breaks,0,492.60000002384186,726.1999999880791,
A1P4RP206OT6XD,minimal,The empty wineglass is on the table. Ali knocks the wineglass over. The table is BLANK.,dfb0bf34-70f6-5390-b055-469ef8e6506c,dry,wet,wet,dry,wet,0,1756.300000011921,4169.900000035763,
A1P4RP206OT6XD,minimal,The jar is on the floor. Ali bumps the table. The jar BLANK.,272fb3b8-f899-5ff0-ae86-55a1cddaa8e6,doesn't break,breaks,doesn't break,breaks,doesn't break,1,1378.699999988079,19872.0,
A1P4RP206OT6XD,minimal,The water is on the table. Ali turns on the stove. The water gets BLANK.,d363d97e-3c05-5ea9-b0af-4bfba2258626,colder,warmer,warmer,colder,warmer,0,769.6000000238419,454.2000000476837,
A1P4RP206OT6XD,minimal,The cup is on the table. Ali bumps the lamp. The cup BLANK.,e9a925cf-de07-55f7-8ab3-9f28791b3728,doesn't break,breaks,doesn't break,breaks,doesn't break,1,542.3000000119209,432.3000000119209,
A1P4RP206OT6XD,minimal,The pasta is on the table. Ali turns on the stove. The pasta gets BLANK.,a74a9014-1030-5c5d-b1d0-43ada1ff9c9d,colder,warmer,colder,warmer,colder,1,846.0,865.3000000119209,
A1P4RP206OT6XD,minimal,The museum is North of Ali. Ali turns around. The museum is BLANK Ali.,11d7dec7-34c3-5381-80c8-460155badd74,North of,South of,North of,South of,North of,1,724.6999999880791,448.3000000119209,
A1P4RP206OT6XD,minimal,The empty teapot is on the table. Ali knocks the teapot over. The table is BLANK.,35b3312e-b7e0-59b8-933b-ec0336ad5162,dry,wet,dry,wet,wet,0,25286.80000001192,17813.0,
A1P4RP206OT6XD,minimal,The empty teapot is on the table. Ali knocks the teapot over. The table is BLANK.,35b3312e-b7e0-59b8-933b-ec0336ad5162,dry,wet,,,wet,-1,,,The table would not get wet because the teapot is empty.
A1P4RP206OT6XD,minimal,The tree is North of Ali. Ali turns around. The tree is BLANK Ali.,f8a90dad-f837-555e-beb1-3a5da5eb35ef,North of,South of,North of,South of,North of,1,8220.199999988079,11233.19999998808,
A1P4RP206OT6XD,minimal,The tree is North of Ali. Ali turns around. The tree is BLANK Ali.,f8a90dad-f837-555e-beb1-3a5da5eb35ef,North of,South of,,,North of,-1,,,The tree would be still North of Ali if he turns around.
A1P4RP206OT6XD,minimal,The empty box is on the table. Ali fills the sink. The box is BLANK.,58b88005-7f83-54dc-8994-ba230c248673,dry,wet,wet,dry,dry,1,5482.900000035763,16464.30000001192,
A1P4RP206OT6XD,minimal,The empty box is on the table. Ali fills the sink. The box is BLANK.,58b88005-7f83-54dc-8994-ba230c248673,dry,wet,,,dry,-1,,,Since the box is on the table it would be dry.
A1P4RP206OT6XD,minimal,The empty bowl is on the table. Ali fills the sink. The bowl is BLANK.,b53176cd-e250-5a59-b3be-ceaba45ea634,dry,wet,dry,wet,dry,1,3059.800000011921,7995.699999988079,
A1P4RP206OT6XD,minimal,The empty bowl is on the table. Ali fills the sink. The bowl is BLANK.,b53176cd-e250-5a59-b3be-ceaba45ea634,dry,wet,,,dry,-1,,,Ali fills the sink. The empty bowl stays on the box.
A2LV5432PV1S39,minimal,The tree is North of Ali. Ali turns around. The tree is BLANK Ali.,f8a90dad-f837-555e-beb1-3a5da5eb35ef,North of,South of,South of,North of,South of,0,5251.0,1234.0,
A2LV5432PV1S39,minimal,The museum is North of Ali. Ali turns around. The museum is BLANK Ali.,11d7dec7-34c3-5381-80c8-460155badd74,North of,South of,North of,South of,South of,0,4940.0,1210.0,
A2LV5432PV1S39,minimal,The water is on the table. Ali turns on the stove. The water gets BLANK.,d363d97e-3c05-5ea9-b0af-4bfba2258626,colder,warmer,colder,warmer,colder,1,5278.0,1840.0,
A2LV5432PV1S39,minimal,The jar is on the floor. Ali bumps the table. The jar BLANK.,272fb3b8-f899-5ff0-ae86-55a1cddaa8e6,doesn't break,breaks,breaks,doesn't break,doesn't break,1,4008.0,1112.0,
A2LV5432PV1S39,minimal,The empty box is on the table. Ali fills the sink. The box is BLANK.,58b88005-7f83-54dc-8994-ba230c248673,dry,wet,wet,dry,dry,1,6567.0,1480.0,
A2LV5432PV1S39,minimal,The cup is on the table. Ali bumps the lamp. The cup BLANK.,e9a925cf-de07-55f7-8ab3-9f28791b3728,doesn't break,breaks,doesn't break,breaks,doesn't break,1,3209.0,1301.0,
A2LV5432PV1S39,minimal,The pasta is on the table. Ali turns on the stove. The pasta gets BLANK.,a74a9014-1030-5c5d-b1d0-43ada1ff9c9d,colder,warmer,warmer,colder,warmer,0,4373.0,2248.0,
A2LV5432PV1S39,minimal,The empty teapot is on the table. Ali knocks the teapot over. The table is BLANK.,35b3312e-b7e0-59b8-933b-ec0336ad5162,dry,wet,dry,wet,wet,0,4952.0,2631.0,
A2LV5432PV1S39,minimal,The empty wineglass is on the table. Ali knocks the wineglass over. The table is BLANK.,dfb0bf34-70f6-5390-b055-469ef8e6506c,dry,wet,dry,wet,dry,1,3635.0,1099.0,
A2LV5432PV1S39,minimal,The cup is on the floor. Ali bumps the table. The cup BLANK.,852b0651-2c81-5807-ba4a-d3f2a56a5e5d,doesn't break,breaks,doesn't break,breaks,doesn't break,1,3184.0,1491.0,
A2LV5432PV1S39,minimal,The empty bowl is on the table. Ali fills the sink. The bowl is BLANK.,b53176cd-e250-5a59-b3be-ceaba45ea634,dry,wet,dry,wet,dry,1,3031.0,1405.0,
A2LV5432PV1S39,minimal,The television is on the table. Ali bumps the lamp. The television BLANK.,60833207-b675-5f32-ab67-85a791ce814f,doesn't break,breaks,breaks,doesn't break,doesn't break,1,4435.0,2644.0,
A1PBFDQR599N3K,minimal,The tree is North of Ali. Ali turns around. The tree is BLANK Ali.,f8a90dad-f837-555e-beb1-3a5da5eb35ef,North of,South of,North of,South of,South of,0,1407.2999999523165,3942.600000023842,
A1PBFDQR599N3K,minimal,The empty box is on the table. Ali fills the sink. The box is BLANK.,58b88005-7f83-54dc-8994-ba230c248673,dry,wet,wet,dry,wet,0,1040.7000000476835,23073.5,
A1PBFDQR599N3K,minimal,The empty wineglass is on the table. Ali knocks the wineglass over. The table is BLANK.,dfb0bf34-70f6-5390-b055-469ef8e6506c,dry,wet,wet,dry,wet,0,848.6999999284744,5746.0,
A1PBFDQR599N3K,minimal,The water is on the table. Ali turns on the stove. The water gets BLANK.,d363d97e-3c05-5ea9-b0af-4bfba2258626,colder,warmer,colder,warmer,warmer,0,885.5,9096.199999928474,
A1PBFDQR599N3K,minimal,The jar is on the floor. Ali bumps the table. The jar BLANK.,272fb3b8-f899-5ff0-ae86-55a1cddaa8e6,doesn't break,breaks,breaks,doesn't break,doesn't break,1,985.7999999523164,3839.899999976158,
A1PBFDQR599N3K,minimal,The television is on the table. Ali bumps the lamp. The television BLANK.,60833207-b675-5f32-ab67-85a791ce814f,doesn't break,breaks,doesn't break,breaks,doesn't break,1,754.4000000953674,9950.899999976158,
A1PBFDQR599N3K,minimal,The pasta is on the table. Ali turns on the stove. The pasta gets BLANK.,a74a9014-1030-5c5d-b1d0-43ada1ff9c9d,colder,warmer,warmer,colder,colder,1,1638.5,4490.800000071526,
A1PBFDQR599N3K,minimal,The empty teapot is on the table. Ali knocks the teapot over. The table is BLANK.,35b3312e-b7e0-59b8-933b-ec0336ad5162,dry,wet,wet,dry,wet,0,5051.200000047684,2027.6000000238416,
A1PBFDQR599N3K,minimal,The cup is on the floor. Ali bumps the table. The cup BLANK.,852b0651-2c81-5807-ba4a-d3f2a56a5e5d,doesn't break,breaks,doesn't break,breaks,doesn't break,1,933.7999999523164,4932.100000023842,
A1PBFDQR599N3K,minimal,The cup is on the table. Ali bumps the lamp. The cup BLANK.,e9a925cf-de07-55f7-8ab3-9f28791b3728,doesn't break,breaks,breaks,doesn't break,doesn't break,1,1061.7999999523165,5751.299999952316,
A1PBFDQR599N3K,minimal,The museum is North of Ali. Ali turns around. The museum is BLANK Ali.,11d7dec7-34c3-5381-80c8-460155badd74,North of,South of,South of,North of,South of,0,899.3999999761581,5264.100000023842,
A1PBFDQR599N3K,minimal,The empty bowl is on the table. Ali fills the sink. The bowl is BLANK.,b53176cd-e250-5a59-b3be-ceaba45ea634,dry,wet,wet,dry,dry,1,715.0,7440.600000023842,
A2IOHBFHRC6LT4,minimal,The portrait is on the table. Ali bumps the lamp. The portrait BLANK.,887ddffd-f870-51c3-a4da-9d16882413d5,doesn't break,breaks,breaks,doesn't break,doesn't break,1,3600.0,4751.5,
A2IOHBFHRC6LT4,minimal,The chicken is on the table. Ali turns on the stove. The chicken gets BLANK.,6fbad9b4-9231-5796-a9b4-b8e8fb940654,colder,warmer,warmer,colder,warmer,0,5311.5,7152.30000000447,
A2IOHBFHRC6LT4,minimal,The curry is on the table. Ali turns on the stove. The curry gets BLANK.,b0f42dcc-e0f5-5341-907b-8832326e0521,colder,warmer,warmer,colder,warmer,0,751.5,3231.89999999851,
A2IOHBFHRC6LT4,minimal,The ornament is on the floor. Ali bumps the table. The ornament BLANK.,e5ae0bb2-4f9a-5c05-8a70-d24d352debe0,doesn't break,breaks,breaks,doesn't break,breaks,0,2719.60000000149,1375.6999999955297,
A2IOHBFHRC6LT4,minimal,The empty bowl is on the table. Ali knocks the bowl over. The table is BLANK.,06b16899-ccf7-506d-b8e7-c094839d0ed7,dry,wet,wet,dry,wet,0,3983.20000000298,4559.89999999851,
A2IOHBFHRC6LT4,minimal,The empty kettle is on the table. Ali fills the sink. The kettle is BLANK.,335be0e6-a5ed-5801-80f1-5c6cab349d24,dry,wet,wet,dry,dry,1,4095.400000005961,1919.8999999985097,
A2IOHBFHRC6LT4,minimal,The tablet is on the floor. Ali bumps the table. The tablet BLANK.,c746580e-0ddd-5f98-b93a-f4cca7c1f161,doesn't break,breaks,breaks,doesn't break,doesn't break,1,3456.20000000298,1615.39999999851,
A2IOHBFHRC6LT4,minimal,The empty flask is on the table. Ali knocks the flask over. The table is BLANK.,4d25e5cd-4b9f-54f6-abe2-eafde27f21c2,dry,wet,wet,dry,dry,1,3727.29999999702,768.0,
A2IOHBFHRC6LT4,minimal,The book is North of Ali. Ali turns around. The book is BLANK Ali.,68d84e25-fe4e-5077-a48e-f046d48af2fc,North of,South of,North of,South of,South of,0,4095.5,2175.9000000059605,
A2IOHBFHRC6LT4,minimal,The candle is on the table. Ali bumps the lamp. The candle BLANK.,0edfc764-15dc-56a4-97f0-79696d42e604,doesn't break,breaks,doesn't break,breaks,doesn't break,1,3423.70000000298,2576.10000000149,
A2IOHBFHRC6LT4,minimal,The empty jar is on the table. Ali fills the sink. The jar is BLANK.,637372ba-bac0-5ffc-95af-27467657d0b0,dry,wet,dry,wet,dry,1,3087.20000000298,1136.10000000149,
A2IOHBFHRC6LT4,minimal,The computer is North of Ali. Ali turns around. The computer is BLANK Ali.,40691f9e-5ca7-5c21-98cb-f1f3e90fece7,North of,South of,North of,South of,South of,0,3567.89999999851,879.3000000044703,
A1NMCSVPHOTPYG,minimal,The portrait is on the table. Ali bumps the lamp. The portrait BLANK.,887ddffd-f870-51c3-a4da-9d16882413d5,doesn't break,breaks,doesn't break,breaks,doesn't break,1,5760.0,2500.0,
A1NMCSVPHOTPYG,minimal,The candle is on the table. Ali bumps the lamp. The candle BLANK.,0edfc764-15dc-56a4-97f0-79696d42e604,doesn't break,breaks,breaks,doesn't break,doesn't break,1,3445.5,6418.299999952316,
A1NMCSVPHOTPYG,minimal,The chicken is on the table. Ali turns on the stove. The chicken gets BLANK.,6fbad9b4-9231-5796-a9b4-b8e8fb940654,colder,warmer,warmer,colder,colder,1,3786.600000143051,2517.100000143051,
A1NMCSVPHOTPYG,minimal,The empty kettle is on the table. Ali fills the sink. The kettle is BLANK.,335be0e6-a5ed-5801-80f1-5c6cab349d24,dry,wet,wet,dry,dry,1,4235.099999904633,3428.0,
A1NMCSVPHOTPYG,minimal,The empty flask is on the table. Ali knocks the flask over. The table is BLANK.,4d25e5cd-4b9f-54f6-abe2-eafde27f21c2,dry,wet,dry,wet,dry,1,4433.599999904633,1267.5,
A1NMCSVPHOTPYG,minimal,The empty jar is on the table. Ali fills the sink. The jar is BLANK.,637372ba-bac0-5ffc-95af-27467657d0b0,dry,wet,wet,dry,dry,1,2774.100000143051,1918.0999999046328,
A1NMCSVPHOTPYG,minimal,The tablet is on the floor. Ali bumps the table. The tablet BLANK.,c746580e-0ddd-5f98-b93a-f4cca7c1f161,doesn't break,breaks,doesn't break,breaks,doesn't break,1,2952.2999999523163,1782.7999999523165,
A1NMCSVPHOTPYG,minimal,The curry is on the table. Ali turns on the stove. The curry gets BLANK.,b0f42dcc-e0f5-5341-907b-8832326e0521,colder,warmer,colder,warmer,colder,1,4622.400000095367,1472.6000001430511,
A1NMCSVPHOTPYG,minimal,The empty bowl is on the table. Ali knocks the bowl over. The table is BLANK.,06b16899-ccf7-506d-b8e7-c094839d0ed7,dry,wet,dry,wet,dry,1,3137.0,1317.6000001430511,
A1NMCSVPHOTPYG,minimal,The ornament is on the floor. Ali bumps the table. The ornament BLANK.,e5ae0bb2-4f9a-5c05-8a70-d24d352debe0,doesn't break,breaks,doesn't break,breaks,doesn't break,1,3238.599999904633,1365.3000001907349,
A1NMCSVPHOTPYG,minimal,The book is North of Ali. Ali turns around. The book is BLANK Ali.,68d84e25-fe4e-5077-a48e-f046d48af2fc,North of,South of,North of,South of,North of,1,5631.600000143051,1157.7000000476835,
A1NMCSVPHOTPYG,minimal,The computer is North of Ali. Ali turns around. The computer is BLANK Ali.,40691f9e-5ca7-5c21-98cb-f1f3e90fece7,North of,South of,North of,South of,North of,1,3166.199999809265,1024.1999998092651,
A1UXB0KOC9GJBD,minimal,The glass is on the floor. Ali bumps the table. The glass BLANK.,2a5f6d9c-8b03-5fe5-8a19-87971947d204,doesn't break,breaks,doesn't break,breaks,doesn't break,1,2253.699999988079,1237.800000011921,
A1UXB0KOC9GJBD,minimal,The bottle is on the table. Ali bumps the lamp. The bottle BLANK.,8e5290bc-3ba2-56b3-b1c5-33531c9a12ae,doesn't break,breaks,doesn't break,breaks,doesn't break,1,2562.100000023842,1161.800000011921,
A1UXB0KOC9GJBD,minimal,The broth is on the table. Ali turns on the stove. The broth gets BLANK.,304f867c-d22c-5f80-8b58-04c39ecc54c7,colder,warmer,colder,warmer,colder,1,2861.599999964237,1920.0,
A1UXB0KOC9GJBD,minimal,The man is North of Ali. Ali turns around. The man is BLANK Ali.,42f4e9ba-3d9f-52aa-aa48-aaf77bdffda2,North of,South of,North of,South of,North of,1,4478.199999988079,675.6999999880791,
A1UXB0KOC9GJBD,minimal,The clock is on the floor. Ali bumps the table. The clock BLANK.,581ab406-6472-5213-8fa5-924e54aadbbb,doesn't break,breaks,doesn't break,breaks,doesn't break,1,5313.399999976158,749.7999999523163,
A1UXB0KOC9GJBD,minimal,The coffee is on the table. Ali turns on the stove. The coffee gets BLANK.,aad29bfa-c5cb-5d6a-9c3f-296137723195,colder,warmer,colder,warmer,colder,1,2080.900000035763,879.0,
A1UXB0KOC9GJBD,minimal,The empty vase is on the table. Ali fills the sink. The vase is BLANK.,608b5972-0b7e-5142-995f-b84143ea7b33,dry,wet,wet,dry,dry,1,2839.399999976158,1324.600000023842,
A1UXB0KOC9GJBD,minimal,The ocean is North of Ali. Ali turns around. The ocean is BLANK Ali.,8e94a295-1159-50a9-9ebf-d12558060a5d,North of,South of,North of,South of,North of,1,2146.0,629.9000000357628,
A1UXB0KOC9GJBD,minimal,The empty thermos is on the table. Ali knocks the thermos over. The table is BLANK.,504496f0-2b75-5a26-8866-95cbb113f5a4,dry,wet,wet,dry,dry,1,2883.399999976158,2751.599999964237,
A1UXB0KOC9GJBD,minimal,The mug is on the floor. Ali bumps the table. The mug BLANK.,af3ddb77-e0ef-5dc6-a71f-322ffe4f1f53,doesn't break,breaks,doesn't break,breaks,doesn't break,1,2034.399999976158,901.399999976158,
A1UXB0KOC9GJBD,minimal,The empty mug is on the table. Ali fills the sink. The mug is BLANK.,36794563-6ac8-5075-8df5-b2ecbd8f8c8b,dry,wet,dry,wet,dry,1,5705.400000035763,1013.4000000357628,
A1UXB0KOC9GJBD,minimal,The jar is on the table. Ali bumps the lamp. The jar BLANK.,ca149acc-4333-5d4e-9b73-b3954089e0b3,doesn't break,breaks,breaks,doesn't break,doesn't break,1,2467.599999964237,920.100000023842,
A1UXB0KOC9GJBD,minimal,The empty can is on the table. Ali knocks the can over. The table is BLANK.,7b0ff26b-5f65-57c0-b1e1-7dac2ab25032,dry,wet,wet,dry,dry,1,4167.699999988079,1193.600000023842,
A1Q3FR553QG5G,minimal,The empty pitcher is on the table. Ali fills the sink. The pitcher is BLANK.,ee9b763e-9f9e-59f8-9bc5-1c6e2075abae,dry,wet,dry,wet,wet,0,5255.099999999977,4852.700000000012,
A1Q3FR553QG5G,minimal,The empty carton is on the table. Ali knocks the carton over. The table is BLANK.,6bb50e85-6ac5-52a5-b623-32e416664177,dry,wet,dry,wet,wet,0,1447.5999999999767,3802.300000000047,
A1Q3FR553QG5G,minimal,The sauce is on the table. Ali turns on the stove. The sauce gets BLANK.,7ba8e937-510d-512c-ac3a-9877388c0eec,colder,warmer,colder,warmer,warmer,0,967.7000000000116,5700.5,
A1Q3FR553QG5G,minimal,The plate is on the table. Ali bumps the lamp. The plate BLANK.,aaa1f7f2-1b97-5138-9daa-38fb1bd7bc25,doesn't break,breaks,breaks,doesn't break,doesn't break,1,3664.399999999965,3543.600000000035,
A1Q3FR553QG5G,minimal,The dog is North of Ali. Ali turns around. The dog is BLANK Ali.,51f91196-934d-5ef1-b798-f0d70fe6a0c2,North of,South of,South of,North of,South of,0,2555.899999999965,997.5,
A1Q3FR553QG5G,minimal,The mug is on the table. Ali bumps the lamp. The mug BLANK.,81e84bb2-9f95-5bbd-bbe3-af94794b6123,doesn't break,breaks,breaks,doesn't break,doesn't break,1,3738.799999999989,843.4000000000233,
A1Q3FR553QG5G,minimal,The empty jug is on the table. Ali fills the sink. The jug is BLANK.,654f6276-9e9e-52c2-867d-b66c3aa70976,dry,wet,wet,dry,dry,1,3401.0,1093.5999999999767,
A1Q3FR553QG5G,minimal,The plate is on the floor. Ali bumps the table. The plate BLANK.,746aa902-d880-5b36-add1-a3457a31beb3,doesn't break,breaks,breaks,doesn't break,doesn't break,1,2880.5999999999767,1411.5999999999767,
A1Q3FR553QG5G,minimal,The vase is North of Ali. Ali turns around. The vase is BLANK Ali.,a3aa7fe8-9da6-5cc8-8664-c4fd06944bd2,North of,South of,North of,South of,South of,0,2943.5,3232.5999999999767,
A1Q3FR553QG5G,minimal,The empty cup is on the table. Ali knocks the cup over. The table is BLANK.,e6aecef6-eb29-5c41-a462-92c423095047,dry,wet,dry,wet,dry,1,3113.900000000024,3844.0,
A1Q3FR553QG5G,minimal,The laptop is on the floor. Ali bumps the table. The laptop BLANK.,88059c09-088b-5009-bafd-b7e931442077,doesn't break,breaks,breaks,doesn't break,doesn't break,1,2621.699999999953,1107.8000000000466,
A1Q3FR553QG5G,minimal,The painting is North of Ali. Ali turns around. The painting is BLANK Ali.,64e3f33d-f1bb-5469-960d-6b974ada7e0a,North of,South of,North of,South of,South of,0,4152.5,3031.8000000000466,
A1Q3FR553QG5G,minimal,The tea is on the table. Ali turns on the stove. The tea gets BLANK.,f4d79629-266b-5267-8ea1-847001b48e5a,colder,warmer,colder,warmer,colder,1,2671.699999999953,2002.100000000093,
A1N8TKTLXV92QR,minimal,The empty mug is on the table. Ali fills the sink. The mug is BLANK.,36794563-6ac8-5075-8df5-b2ecbd8f8c8b,dry,wet,wet,dry,dry,1,8114.700000047684,9240.299999952316,
A1N8TKTLXV92QR,minimal,The empty can is on the table. Ali knocks the can over. The table is BLANK.,7b0ff26b-5f65-57c0-b1e1-7dac2ab25032,dry,wet,dry,wet,dry,1,16009.100000143051,3648.299999952316,
A1N8TKTLXV92QR,minimal,The coffee is on the table. Ali turns on the stove. The coffee gets BLANK.,aad29bfa-c5cb-5d6a-9c3f-296137723195,colder,warmer,warmer,colder,colder,1,2674.7999999523163,21725.29999995232,
A1N8TKTLXV92QR,minimal,The ocean is North of Ali. Ali turns around. The ocean is BLANK Ali.,8e94a295-1159-50a9-9ebf-d12558060a5d,North of,South of,South of,North of,North of,1,12377.200000047684,3839.0,
A1N8TKTLXV92QR,minimal,The empty thermos is on the table. Ali knocks the thermos over. The table is BLANK.,504496f0-2b75-5a26-8866-95cbb113f5a4,dry,wet,wet,dry,dry,1,54427.0,8556.799999952316,
A1N8TKTLXV92QR,minimal,The bottle is on the table. Ali bumps the lamp. The bottle BLANK.,8e5290bc-3ba2-56b3-b1c5-33531c9a12ae,doesn't break,breaks,doesn't break,breaks,doesn't break,1,5674.299999952316,8235.399999856949,
A1N8TKTLXV92QR,minimal,The glass is on the floor. Ali bumps the table. The glass BLANK.,2a5f6d9c-8b03-5fe5-8a19-87971947d204,doesn't break,breaks,doesn't break,breaks,breaks,0,6719.799999952316,8182.400000095367,
A1N8TKTLXV92QR,minimal,The empty vase is on the table. Ali fills the sink. The vase is BLANK.,608b5972-0b7e-5142-995f-b84143ea7b33,dry,wet,dry,wet,dry,1,2095.099999904633,7864.900000095367,
A1N8TKTLXV92QR,minimal,The man is North of Ali. Ali turns around. The man is BLANK Ali.,42f4e9ba-3d9f-52aa-aa48-aaf77bdffda2,North of,South of,North of,South of,North of,1,1475.0,8381.299999952316,
A1N8TKTLXV92QR,minimal,The mug is on the floor. Ali bumps the table. The mug BLANK.,af3ddb77-e0ef-5dc6-a71f-322ffe4f1f53,doesn't break,breaks,doesn't break,breaks,doesn't break,1,1616.7999999523165,13496.900000095367,
A1N8TKTLXV92QR,minimal,The broth is on the table. Ali turns on the stove. The broth gets BLANK.,304f867c-d22c-5f80-8b58-04c39ecc54c7,colder,warmer,warmer,colder,colder,1,6705.599999904633,2418.700000047684,
A1N8TKTLXV92QR,minimal,The clock is on the floor. Ali bumps the table. The clock BLANK.,581ab406-6472-5213-8fa5-924e54aadbbb,doesn't break,breaks,doesn't break,breaks,doesn't break,1,3634.600000143051,6107.0,
A1N8TKTLXV92QR,minimal,The jar is on the table. Ali bumps the lamp. The jar BLANK.,ca149acc-4333-5d4e-9b73-b3954089e0b3,doesn't break,breaks,doesn't break,breaks,doesn't break,1,2506.7999999523163,6022.100000143051,
A1KFHUDQAOGWKG,minimal,The empty pot is on the table. Ali knocks the pot over. The table is BLANK.,3bc3df7d-a91c-5999-8bb6-788efd21d35e,dry,wet,dry,wet,wet,0,1105.2999999998135,6795.700000000186,
A1KFHUDQAOGWKG,minimal,The empty container is on the table. Ali fills the sink. The container is BLANK.,8e3a22ae-91ba-581e-9943-23bcec0a345d,dry,wet,dry,wet,dry,1,2582.6999999997206,6611.299999999814,
A1KFHUDQAOGWKG,minimal,The rice is on the table. Ali turns on the stove. The rice gets BLANK.,ff215e3b-d72f-5802-b7c5-e74b4bbbdb7c,colder,warmer,colder,warmer,warmer,0,760.6000000000931,3125.899999999907,
A1KFHUDQAOGWKG,minimal,The mirror is on the table. Ali bumps the lamp. The mirror BLANK.,cc6308c4-fe93-592d-bd7c-c3c3495dfb04,doesn't break,breaks,breaks,doesn't break,doesn't break,1,2398.2000000001863,3539.2000000001863,
A1KFHUDQAOGWKG,minimal,The empty bottle is on the table. Ali fills the sink. The bottle is BLANK.,f20343fe-adbf-5f1f-984e-58ee5b7c2b91,dry,wet,dry,wet,dry,1,7015.300000000279,1036.8999999999069,
A1KFHUDQAOGWKG,minimal,The pot is on the floor. Ali bumps the table. The pot BLANK.,0318a66a-6207-5568-9d40-200aa1786c0b,doesn't break,breaks,breaks,doesn't break,doesn't break,1,586.3999999999069,2511.100000000093,
A1KFHUDQAOGWKG,minimal,The phone is on the table. Ali bumps the lamp. The phone BLANK.,2828fd38-836b-534a-a861-283f930b7d39,doesn't break,breaks,doesn't break,breaks,doesn't break,1,931.0,2154.6999999997206,
A1KFHUDQAOGWKG,minimal,The city is North of Ali. Ali turns around. The city is BLANK Ali.,d67a4a6d-bc61-537a-8b65-178cf81511b2,North of,South of,South of,North of,South of,0,488.60000000009313,5561.600000000093,
A1KFHUDQAOGWKG,minimal,The stew is on the table. Ali turns on the stove. The stew gets BLANK.,03c79cd5-cadc-5704-b773-cdd109719ae3,colder,warmer,colder,warmer,warmer,0,544.0,2068.8000000002794,
A1KFHUDQAOGWKG,minimal,The phone is on the floor. Ali bumps the table. The phone BLANK.,a0089e09-ecb1-5910-97f4-de47ef22bfcd,doesn't break,breaks,breaks,doesn't break,breaks,0,1186.1000000000931,2879.0,
A1KFHUDQAOGWKG,minimal,The empty bottle is on the table. Ali knocks the bottle over. The table is BLANK.,f1c8f5cb-5ef5-5bd2-b1ae-37722af5ab13,dry,wet,dry,wet,dry,1,4062.2999999998137,2202.5,
A1KFHUDQAOGWKG,minimal,The lake is North of Ali. Ali turns around. The lake is BLANK Ali.,9c900f5c-ba5e-50dd-ad14-ff2e930698e4,North of,South of,South of,North of,South of,0,2193.7000000001863,876.3000000002794,
A1KFHUDQAOGWKG,minimal,The empty pot is on the table. Ali knocks the pot over. The table is BLANK.,3bc3df7d-a91c-5999-8bb6-788efd21d35e,dry,wet,wet,dry,dry,1,1138.8999999999069,4258.100000000093,
A1KFHUDQAOGWKG,minimal,The empty pot is on the table. Ali knocks the pot over. The table is BLANK.,3bc3df7d-a91c-5999-8bb6-788efd21d35e,dry,wet,,,dry,-1,,,"The pot never had anything in it, it started dry so the table would have nothing around it that could make it wet."
A1KFHUDQAOGWKG,minimal,The empty container is on the table. Ali fills the sink. The container is BLANK.,8e3a22ae-91ba-581e-9943-23bcec0a345d,dry,wet,dry,wet,dry,1,38742.30000000028,2883.5,
A1KFHUDQAOGWKG,minimal,The empty container is on the table. Ali fills the sink. The container is BLANK.,8e3a22ae-91ba-581e-9943-23bcec0a345d,dry,wet,,,dry,-1,,,"The container is on the table, not the sink. So filling the sink would keep the container dry."
A1KFHUDQAOGWKG,minimal,The rice is on the table. Ali turns on the stove. The rice gets BLANK.,ff215e3b-d72f-5802-b7c5-e74b4bbbdb7c,colder,warmer,warmer,colder,warmer,0,940.7999999998136,6976.299999999814,
A1KFHUDQAOGWKG,minimal,The rice is on the table. Ali turns on the stove. The rice gets BLANK.,ff215e3b-d72f-5802-b7c5-e74b4bbbdb7c,colder,warmer,,,warmer,-1,,,"Turning on the stove, makes whatever is on it increase in heat."
A1KFHUDQAOGWKG,minimal,The pot is on the floor. Ali bumps the table. The pot BLANK.,0318a66a-6207-5568-9d40-200aa1786c0b,doesn't break,breaks,breaks,doesn't break,doesn't break,1,916.2000000001864,2736.5,
A1KFHUDQAOGWKG,minimal,The pot is on the floor. Ali bumps the table. The pot BLANK.,0318a66a-6207-5568-9d40-200aa1786c0b,doesn't break,breaks,,,doesn't break,-1,,,"The pot cant break when interacting with the table since the pot is on the floor, not the table."
A1KFHUDQAOGWKG,minimal,The city is North of Ali. Ali turns around. The city is BLANK Ali.,d67a4a6d-bc61-537a-8b65-178cf81511b2,North of,South of,South of,North of,South of,0,2769.5,1701.5,
A1KFHUDQAOGWKG,minimal,The city is North of Ali. Ali turns around. The city is BLANK Ali.,d67a4a6d-bc61-537a-8b65-178cf81511b2,North of,South of,,,South of,-1,,,South is the opposite of north. Turning around would make the opposite exist.
A1KFHUDQAOGWKG,minimal,The stew is on the table. Ali turns on the stove. The stew gets BLANK.,03c79cd5-cadc-5704-b773-cdd109719ae3,colder,warmer,colder,warmer,warmer,0,2416.4000000003725,1342.4000000003723,
A1KFHUDQAOGWKG,minimal,The stew is on the table. Ali turns on the stove. The stew gets BLANK.,03c79cd5-cadc-5704-b773-cdd109719ae3,colder,warmer,,,warmer,-1,,,The stove behind turned on triggers warmth.
A1KFHUDQAOGWKG,minimal,The phone is on the floor. Ali bumps the table. The phone BLANK.,a0089e09-ecb1-5910-97f4-de47ef22bfcd,doesn't break,breaks,breaks,doesn't break,doesn't break,1,1691.0,1276.5999999996277,
A1KFHUDQAOGWKG,minimal,The phone is on the floor. Ali bumps the table. The phone BLANK.,a0089e09-ecb1-5910-97f4-de47ef22bfcd,doesn't break,breaks,,,doesn't break,-1,,,"The phone doesnt break because since it is on the floor, nothing you do to the table will change that."
A1KFHUDQAOGWKG,minimal,The lake is North of Ali. Ali turns around. The lake is BLANK Ali.,9c900f5c-ba5e-50dd-ad14-ff2e930698e4,North of,South of,South of,North of,South of,0,1475.2999999998135,1192.5,
A1KFHUDQAOGWKG,minimal,The lake is North of Ali. Ali turns around. The lake is BLANK Ali.,9c900f5c-ba5e-50dd-ad14-ff2e930698e4,North of,South of,,,South of,-1,,,"Turning around triggers a 180 degree difference in direction. If you started north, 180 degree difference is south."
A2MX5YW3DSQ61W,minimal,The stew is on the table. Ali turns on the stove. The stew gets BLANK.,03c79cd5-cadc-5704-b773-cdd109719ae3,colder,warmer,warmer,colder,warmer,0,6446.699999999255,3596.599999997765,
A2MX5YW3DSQ61W,minimal,The mirror is on the table. Ali bumps the lamp. The mirror BLANK.,cc6308c4-fe93-592d-bd7c-c3c3495dfb04,doesn't break,breaks,doesn't break,breaks,breaks,0,4373.699999999255,984.6999999992548,
A2MX5YW3DSQ61W,minimal,The phone is on the table. Ali bumps the lamp. The phone BLANK.,2828fd38-836b-534a-a861-283f930b7d39,doesn't break,breaks,breaks,doesn't break,breaks,0,4559.199999999255,3479.599999997765,
A2MX5YW3DSQ61W,minimal,The empty bottle is on the table. Ali fills the sink. The bottle is BLANK.,f20343fe-adbf-5f1f-984e-58ee5b7c2b91,dry,wet,wet,dry,wet,0,598.8999999985099,6044.20000000298,
A2MX5YW3DSQ61W,minimal,The rice is on the table. Ali turns on the stove. The rice gets BLANK.,ff215e3b-d72f-5802-b7c5-e74b4bbbdb7c,colder,warmer,colder,warmer,warmer,0,4083.300000000745,3643.099999997765,
A2MX5YW3DSQ61W,minimal,The pot is on the floor. Ali bumps the table. The pot BLANK.,0318a66a-6207-5568-9d40-200aa1786c0b,doesn't break,breaks,breaks,doesn't break,doesn't break,1,4871.20000000298,3399.60000000149,
A2MX5YW3DSQ61W,minimal,The city is North of Ali. Ali turns around. The city is BLANK Ali.,d67a4a6d-bc61-537a-8b65-178cf81511b2,North of,South of,North of,South of,South of,0,6283.300000000745,2518.29999999702,
A2MX5YW3DSQ61W,minimal,The empty pot is on the table. Ali knocks the pot over. The table is BLANK.,3bc3df7d-a91c-5999-8bb6-788efd21d35e,dry,wet,wet,dry,wet,0,6123.5,2939.800000000745,
A2MX5YW3DSQ61W,minimal,The empty container is on the table. Ali fills the sink. The container is BLANK.,8e3a22ae-91ba-581e-9943-23bcec0a345d,dry,wet,dry,wet,wet,0,1703.7000000029802,37973.10000000149,
A2MX5YW3DSQ61W,minimal,The lake is North of Ali. Ali turns around. The lake is BLANK Ali.,9c900f5c-ba5e-50dd-ad14-ff2e930698e4,North of,South of,North of,South of,South of,0,13295.29999999702,14464.39999999851,
A2MX5YW3DSQ61W,minimal,The empty bottle is on the table. Ali knocks the bottle over. The table is BLANK.,f1c8f5cb-5ef5-5bd2-b1ae-37722af5ab13,dry,wet,wet,dry,wet,0,2343.10000000149,99687.39999999852,
A2MX5YW3DSQ61W,minimal,The phone is on the floor. Ali bumps the table. The phone BLANK.,a0089e09-ecb1-5910-97f4-de47ef22bfcd,doesn't break,breaks,doesn't break,breaks,doesn't break,1,858.8999999985099,3360.099999997765,
A1PEEFFG1YL103,minimal,The tea is on the table. Ali turns on the stove. The tea gets BLANK.,f4d79629-266b-5267-8ea1-847001b48e5a,colder,warmer,colder,warmer,warmer,0,8059.100000023842,1615.5,
A1PEEFFG1YL103,minimal,The painting is North of Ali. Ali turns around. The painting is BLANK Ali.,64e3f33d-f1bb-5469-960d-6b974ada7e0a,North of,South of,North of,South of,South of,0,7595.199999988079,4187.5,
A1PEEFFG1YL103,minimal,The empty cup is on the table. Ali knocks the cup over. The table is BLANK.,e6aecef6-eb29-5c41-a462-92c423095047,dry,wet,dry,wet,wet,0,3396.300000011921,1194.800000011921,
A1PEEFFG1YL103,minimal,The plate is on the table. Ali bumps the lamp. The plate BLANK.,aaa1f7f2-1b97-5138-9daa-38fb1bd7bc25,doesn't break,breaks,breaks,doesn't break,doesn't break,1,5303.5,3127.699999988079,
A1PEEFFG1YL103,minimal,The empty pitcher is on the table. Ali fills the sink. The pitcher is BLANK.,ee9b763e-9f9e-59f8-9bc5-1c6e2075abae,dry,wet,dry,wet,wet,0,4181.800000011921,1593.5,
A1PEEFFG1YL103,minimal,The vase is North of Ali. Ali turns around. The vase is BLANK Ali.,a3aa7fe8-9da6-5cc8-8664-c4fd06944bd2,North of,South of,North of,South of,South of,0,6471.399999976158,1967.899999976158,
A1PEEFFG1YL103,minimal,The empty carton is on the table. Ali knocks the carton over. The table is BLANK.,6bb50e85-6ac5-52a5-b623-32e416664177,dry,wet,wet,dry,dry,1,11051.5,5411.300000011921,
A1PEEFFG1YL103,minimal,The sauce is on the table. Ali turns on the stove. The sauce gets BLANK.,7ba8e937-510d-512c-ac3a-9877388c0eec,colder,warmer,warmer,colder,warmer,0,3687.5,967.9000000357628,
A1PEEFFG1YL103,minimal,The plate is on the floor. Ali bumps the table. The plate BLANK.,746aa902-d880-5b36-add1-a3457a31beb3,doesn't break,breaks,doesn't break,breaks,doesn't break,1,3109.699999988079,1537.4000000357628,
A1PEEFFG1YL103,minimal,The dog is North of Ali. Ali turns around. The dog is BLANK Ali.,51f91196-934d-5ef1-b798-f0d70fe6a0c2,North of,South of,South of,North of,North of,1,7006.0,3921.199999988079,
A1PEEFFG1YL103,minimal,The laptop is on the floor. Ali bumps the table. The laptop BLANK.,88059c09-088b-5009-bafd-b7e931442077,doesn't break,breaks,breaks,doesn't break,doesn't break,1,5188.399999976158,2314.800000011921,
A1PEEFFG1YL103,minimal,The mug is on the table. Ali bumps the lamp. The mug BLANK.,81e84bb2-9f95-5bbd-bbe3-af94794b6123,doesn't break,breaks,breaks,doesn't break,doesn't break,1,6448.899999976158,911.8000000119208,
A1PEEFFG1YL103,minimal,The empty jug is on the table. Ali fills the sink. The jug is BLANK.,654f6276-9e9e-52c2-867d-b66c3aa70976,dry,wet,dry,wet,dry,1,3567.599999964237,1407.699999988079,
A2PE32I58ANCDD,minimal,The empty pot is on the table. Ali knocks the pot over. The table is BLANK.,3bc3df7d-a91c-5999-8bb6-788efd21d35e,dry,wet,dry,wet,wet,0,5374.0,3278.700000047684,
A2PE32I58ANCDD,minimal,The empty bottle is on the table. Ali knocks the bottle over. The table is BLANK.,f1c8f5cb-5ef5-5bd2-b1ae-37722af5ab13,dry,wet,dry,wet,wet,0,5179.899999976158,2961.200000047684,
A2PE32I58ANCDD,minimal,The mirror is on the table. Ali bumps the lamp. The mirror BLANK.,cc6308c4-fe93-592d-bd7c-c3c3495dfb04,doesn't break,breaks,breaks,doesn't break,breaks,0,5183.699999928474,5182.899999976158,
A2PE32I58ANCDD,minimal,The lake is North of Ali. Ali turns around. The lake is BLANK Ali.,9c900f5c-ba5e-50dd-ad14-ff2e930698e4,North of,South of,South of,North of,South of,0,8199.299999952316,1880.1999999284744,
A2PE32I58ANCDD,minimal,The pot is on the floor. Ali bumps the table. The pot BLANK.,0318a66a-6207-5568-9d40-200aa1786c0b,doesn't break,breaks,breaks,doesn't break,doesn't break,1,6710.100000023842,5651.199999928474,
A2PE32I58ANCDD,minimal,The stew is on the table. Ali turns on the stove. The stew gets BLANK.,03c79cd5-cadc-5704-b773-cdd109719ae3,colder,warmer,colder,warmer,colder,1,6342.5,5837.299999952316,
A2PE32I58ANCDD,minimal,The phone is on the table. Ali bumps the lamp. The phone BLANK.,2828fd38-836b-534a-a861-283f930b7d39,doesn't break,breaks,doesn't break,breaks,doesn't break,1,8713.199999928474,6321.0,
A2PE32I58ANCDD,minimal,The city is North of Ali. Ali turns around. The city is BLANK Ali.,d67a4a6d-bc61-537a-8b65-178cf81511b2,North of,South of,North of,South of,North of,1,6845.899999976158,8721.800000071526,
A2PE32I58ANCDD,minimal,The phone is on the floor. Ali bumps the table. The phone BLANK.,a0089e09-ecb1-5910-97f4-de47ef22bfcd,doesn't break,breaks,doesn't break,breaks,doesn't break,1,8398.0,1722.399999976158,
A2PE32I58ANCDD,minimal,The rice is on the table. Ali turns on the stove. The rice gets BLANK.,ff215e3b-d72f-5802-b7c5-e74b4bbbdb7c,colder,warmer,warmer,colder,colder,1,5768.600000023842,2160.200000047684,
A2PE32I58ANCDD,minimal,The empty bottle is on the table. Ali fills the sink. The bottle is BLANK.,f20343fe-adbf-5f1f-984e-58ee5b7c2b91,dry,wet,dry,wet,dry,1,7488.899999976158,4929.0,
A2PE32I58ANCDD,minimal,The empty container is on the table. Ali fills the sink. The container is BLANK.,8e3a22ae-91ba-581e-9943-23bcec0a345d,dry,wet,wet,dry,dry,1,4335.899999976158,2933.200000047684,
A1PAR1TMKFPKQE,minimal,The jar is on the floor. Ali bumps the table. The jar BLANK.,272fb3b8-f899-5ff0-ae86-55a1cddaa8e6,doesn't break,breaks,breaks,doesn't break,breaks,0,5386.800000190735,4793.400000095367,
A1PAR1TMKFPKQE,minimal,The empty wineglass is on the table. Ali knocks the wineglass over. The table is BLANK.,dfb0bf34-70f6-5390-b055-469ef8e6506c,dry,wet,dry,wet,wet,0,34784.39999985695,2585.5,
A1PAR1TMKFPKQE,minimal,The television is on the table. Ali bumps the lamp. The television BLANK.,60833207-b675-5f32-ab67-85a791ce814f,doesn't break,breaks,doesn't break,breaks,doesn't break,1,11090.299999952316,3519.5,
A1PAR1TMKFPKQE,minimal,The museum is North of Ali. Ali turns around. The museum is BLANK Ali.,11d7dec7-34c3-5381-80c8-460155badd74,North of,South of,North of,South of,South of,0,6994.299999952316,1664.0999999046326,
A1PAR1TMKFPKQE,minimal,The cup is on the table. Ali bumps the lamp. The cup BLANK.,e9a925cf-de07-55f7-8ab3-9f28791b3728,doesn't break,breaks,doesn't break,breaks,doesn't break,1,10291.0,1437.0999999046326,
A1PAR1TMKFPKQE,minimal,The pasta is on the table. Ali turns on the stove. The pasta gets BLANK.,a74a9014-1030-5c5d-b1d0-43ada1ff9c9d,colder,warmer,colder,warmer,warmer,0,4589.5,1559.2000000476835,
A1PAR1TMKFPKQE,minimal,The empty bowl is on the table. Ali fills the sink. The bowl is BLANK.,b53176cd-e250-5a59-b3be-ceaba45ea634,dry,wet,dry,wet,dry,1,5963.600000143051,2823.5,
A1PAR1TMKFPKQE,minimal,The empty box is on the table. Ali fills the sink. The box is BLANK.,58b88005-7f83-54dc-8994-ba230c248673,dry,wet,wet,dry,dry,1,15820.600000143051,2710.800000190735,
A1PAR1TMKFPKQE,minimal,The water is on the table. Ali turns on the stove. The water gets BLANK.,d363d97e-3c05-5ea9-b0af-4bfba2258626,colder,warmer,warmer,colder,colder,1,12134.900000095367,2696.4000000953674,
A1PAR1TMKFPKQE,minimal,The cup is on the floor. Ali bumps the table. The cup BLANK.,852b0651-2c81-5807-ba4a-d3f2a56a5e5d,doesn't break,breaks,doesn't break,breaks,doesn't break,1,5324.0,4306.799999952316,
A1PAR1TMKFPKQE,minimal,The tree is North of Ali. Ali turns around. The tree is BLANK Ali.,f8a90dad-f837-555e-beb1-3a5da5eb35ef,North of,South of,North of,South of,South of,0,15749.200000047684,1558.2000000476835,
A1PAR1TMKFPKQE,minimal,The empty teapot is on the table. Ali knocks the teapot over. The table is BLANK.,35b3312e-b7e0-59b8-933b-ec0336ad5162,dry,wet,dry,wet,dry,1,4450.200000047684,4868.099999904633,
A2S1ICS5N1X1KV,minimal,The vase is North of Ali. Ali turns around. The vase is BLANK Ali.,a3aa7fe8-9da6-5cc8-8664-c4fd06944bd2,North of,South of,South of,North of,South of,0,7799.29999999702,1708.5,
A2S1ICS5N1X1KV,minimal,The empty jug is on the table. Ali fills the sink. The jug is BLANK.,654f6276-9e9e-52c2-867d-b66c3aa70976,dry,wet,wet,dry,dry,1,3849.89999999851,2393.60000000149,
A2S1ICS5N1X1KV,minimal,The plate is on the floor. Ali bumps the table. The plate BLANK.,746aa902-d880-5b36-add1-a3457a31beb3,doesn't break,breaks,breaks,doesn't break,breaks,0,4385.79999999702,2947.5999999940395,
A2S1ICS5N1X1KV,minimal,The empty pitcher is on the table. Ali fills the sink. The pitcher is BLANK.,ee9b763e-9f9e-59f8-9bc5-1c6e2075abae,dry,wet,dry,wet,dry,1,3166.29999999702,1248.60000000149,
A2S1ICS5N1X1KV,minimal,The painting is North of Ali. Ali turns around. The painting is BLANK Ali.,64e3f33d-f1bb-5469-960d-6b974ada7e0a,North of,South of,North of,South of,South of,0,5645.70000000298,1444.7000000029802,
A2S1ICS5N1X1KV,minimal,The tea is on the table. Ali turns on the stove. The tea gets BLANK.,f4d79629-266b-5267-8ea1-847001b48e5a,colder,warmer,warmer,colder,warmer,0,3237.60000000149,1186.10000000149,
A2S1ICS5N1X1KV,minimal,The plate is on the table. Ali bumps the lamp. The plate BLANK.,aaa1f7f2-1b97-5138-9daa-38fb1bd7bc25,doesn't break,breaks,doesn't break,breaks,doesn't break,1,7505.79999999702,1645.9000000059605,
A2S1ICS5N1X1KV,minimal,The laptop is on the floor. Ali bumps the table. The laptop BLANK.,88059c09-088b-5009-bafd-b7e931442077,doesn't break,breaks,doesn't break,breaks,doesn't break,1,4199.70000000298,1245.39999999851,
A2S1ICS5N1X1KV,minimal,The empty carton is on the table. Ali knocks the carton over. The table is BLANK.,6bb50e85-6ac5-52a5-b623-32e416664177,dry,wet,dry,wet,dry,1,3301.5999999940395,2787.1999999955297,
A2S1ICS5N1X1KV,minimal,The sauce is on the table. Ali turns on the stove. The sauce gets BLANK.,7ba8e937-510d-512c-ac3a-9877388c0eec,colder,warmer,colder,warmer,warmer,0,3570.20000000298,1013.39999999851,
A2S1ICS5N1X1KV,minimal,The dog is North of Ali. Ali turns around. The dog is BLANK Ali.,51f91196-934d-5ef1-b798-f0d70fe6a0c2,North of,South of,South of,North of,South of,0,6114.5,940.39999999851,
A2S1ICS5N1X1KV,minimal,The mug is on the table. Ali bumps the lamp. The mug BLANK.,81e84bb2-9f95-5bbd-bbe3-af94794b6123,doesn't break,breaks,breaks,doesn't break,doesn't break,1,2722.60000000149,1026.3000000044703,
A2S1ICS5N1X1KV,minimal,The empty cup is on the table. Ali knocks the cup over. The table is BLANK.,e6aecef6-eb29-5c41-a462-92c423095047,dry,wet,wet,dry,wet,0,3236.5,901.39999999851,
A2S1ICS5N1X1KV,minimal,The vase is North of Ali. Ali turns around. The vase is BLANK Ali.,a3aa7fe8-9da6-5cc8-8664-c4fd06944bd2,North of,South of,South of,North of,South of,0,9901.60000000149,1879.8000000044703,
A2S1ICS5N1X1KV,minimal,The vase is North of Ali. Ali turns around. The vase is BLANK Ali.,a3aa7fe8-9da6-5cc8-8664-c4fd06944bd2,North of,South of,,,South of,-1,,,the vase is south of Ali
A2S1ICS5N1X1KV,minimal,The plate is on the floor. Ali bumps the table. The plate BLANK.,746aa902-d880-5b36-add1-a3457a31beb3,doesn't break,breaks,breaks,doesn't break,doesn't break,1,4298.70000000298,2598.39999999851,
A2S1ICS5N1X1KV,minimal,The plate is on the floor. Ali bumps the table. The plate BLANK.,746aa902-d880-5b36-add1-a3457a31beb3,doesn't break,breaks,,,doesn't break,-1,,,It doesn't break because it is not on the table.
A2S1ICS5N1X1KV,minimal,The empty pitcher is on the table. Ali fills the sink. The pitcher is BLANK.,ee9b763e-9f9e-59f8-9bc5-1c6e2075abae,dry,wet,wet,dry,dry,1,5673.29999999702,2899.39999999851,
A2S1ICS5N1X1KV,minimal,The empty pitcher is on the table. Ali fills the sink. The pitcher is BLANK.,ee9b763e-9f9e-59f8-9bc5-1c6e2075abae,dry,wet,,,dry,-1,,,He didn't fill the pitcher
A2S1ICS5N1X1KV,minimal,The painting is North of Ali. Ali turns around. The painting is BLANK Ali.,64e3f33d-f1bb-5469-960d-6b974ada7e0a,North of,South of,South of,North of,South of,0,7440.10000000149,2008.20000000298,
A2S1ICS5N1X1KV,minimal,The painting is North of Ali. Ali turns around. The painting is BLANK Ali.,64e3f33d-f1bb-5469-960d-6b974ada7e0a,North of,South of,,,South of,-1,,,South is opposite of north
A2S1ICS5N1X1KV,minimal,The tea is on the table. Ali turns on the stove. The tea gets BLANK.,f4d79629-266b-5267-8ea1-847001b48e5a,colder,warmer,colder,warmer,warmer,0,3297.3000000044703,1793.2000000029802,
A2S1ICS5N1X1KV,minimal,The tea is on the table. Ali turns on the stove. The tea gets BLANK.,f4d79629-266b-5267-8ea1-847001b48e5a,colder,warmer,,,warmer,-1,,,stove heats up the tea
A2S1ICS5N1X1KV,minimal,The laptop is on the floor. Ali bumps the table. The laptop BLANK.,88059c09-088b-5009-bafd-b7e931442077,doesn't break,breaks,doesn't break,breaks,doesn't break,1,4543.79999999702,2317.5,
A2S1ICS5N1X1KV,minimal,The laptop is on the floor. Ali bumps the table. The laptop BLANK.,88059c09-088b-5009-bafd-b7e931442077,doesn't break,breaks,,,doesn't break,-1,,,the laptop is not on the table
A2S1ICS5N1X1KV,minimal,The sauce is on the table. Ali turns on the stove. The sauce gets BLANK.,7ba8e937-510d-512c-ac3a-9877388c0eec,colder,warmer,warmer,colder,warmer,0,2664.79999999702,2582.5999999940395,
A2S1ICS5N1X1KV,minimal,The sauce is on the table. Ali turns on the stove. The sauce gets BLANK.,7ba8e937-510d-512c-ac3a-9877388c0eec,colder,warmer,,,warmer,-1,,,the stove heats things up
A2S1ICS5N1X1KV,minimal,The dog is North of Ali. Ali turns around. The dog is BLANK Ali.,51f91196-934d-5ef1-b798-f0d70fe6a0c2,North of,South of,South of,North of,South of,0,4860.10000000149,1836.10000000149,
A2S1ICS5N1X1KV,minimal,The dog is North of Ali. Ali turns around. The dog is BLANK Ali.,51f91196-934d-5ef1-b798-f0d70fe6a0c2,North of,South of,,,South of,-1,,,North and south are opposites
A2S1ICS5N1X1KV,minimal,The empty cup is on the table. Ali knocks the cup over. The table is BLANK.,e6aecef6-eb29-5c41-a462-92c423095047,dry,wet,wet,dry,dry,1,7468.19999999553,2511.1999999955297,
A2S1ICS5N1X1KV,minimal,The empty cup is on the table. Ali knocks the cup over. The table is BLANK.,e6aecef6-eb29-5c41-a462-92c423095047,dry,wet,,,dry,-1,,,the cup is dry
A1S7WGRS6BVBGW,minimal,The empty container is on the table. Ali fills the sink. The container is BLANK.,8e3a22ae-91ba-581e-9943-23bcec0a345d,dry,wet,dry,wet,wet,0,2962.7999999523163,2533.200000047684,
A1S7WGRS6BVBGW,minimal,The stew is on the table. Ali turns on the stove. The stew gets BLANK.,03c79cd5-cadc-5704-b773-cdd109719ae3,colder,warmer,colder,warmer,warmer,0,2232.0,1126.3000001907349,
A1S7WGRS6BVBGW,minimal,The mirror is on the table. Ali bumps the lamp. The mirror BLANK.,cc6308c4-fe93-592d-bd7c-c3c3495dfb04,doesn't break,breaks,doesn't break,breaks,doesn't break,1,3284.800000190735,2066.099999904633,
A1S7WGRS6BVBGW,minimal,The empty bottle is on the table. Ali knocks the bottle over. The table is BLANK.,f1c8f5cb-5ef5-5bd2-b1ae-37722af5ab13,dry,wet,wet,dry,wet,0,3809.399999856949,2390.099999904633,
A1S7WGRS6BVBGW,minimal,The city is North of Ali. Ali turns around. The city is BLANK Ali.,d67a4a6d-bc61-537a-8b65-178cf81511b2,North of,South of,South of,North of,North of,1,2206.7999999523163,362.5,
A1S7WGRS6BVBGW,minimal,The empty pot is on the table. Ali knocks the pot over. The table is BLANK.,3bc3df7d-a91c-5999-8bb6-788efd21d35e,dry,wet,dry,wet,wet,0,2644.0,663.9000000953674,
A1S7WGRS6BVBGW,minimal,The lake is North of Ali. Ali turns around. The lake is BLANK Ali.,9c900f5c-ba5e-50dd-ad14-ff2e930698e4,North of,South of,North of,South of,South of,0,1926.700000047684,350.0,
A1S7WGRS6BVBGW,minimal,The phone is on the table. Ali bumps the lamp. The phone BLANK.,2828fd38-836b-534a-a861-283f930b7d39,doesn't break,breaks,breaks,doesn't break,doesn't break,1,3619.199999809265,659.1999998092651,
A1S7WGRS6BVBGW,minimal,The phone is on the floor. Ali bumps the table. The phone BLANK.,a0089e09-ecb1-5910-97f4-de47ef22bfcd,doesn't break,breaks,doesn't break,breaks,doesn't break,1,4441.5,573.0,
A1S7WGRS6BVBGW,minimal,The pot is on the floor. Ali bumps the table. The pot BLANK.,0318a66a-6207-5568-9d40-200aa1786c0b,doesn't break,breaks,breaks,doesn't break,doesn't break,1,2187.4000000953674,459.7000000476837,
A1S7WGRS6BVBGW,minimal,The rice is on the table. Ali turns on the stove. The rice gets BLANK.,ff215e3b-d72f-5802-b7c5-e74b4bbbdb7c,colder,warmer,warmer,colder,warmer,0,2575.5,839.5999999046326,
A1S7WGRS6BVBGW,minimal,The empty bottle is on the table. Ali fills the sink. The bottle is BLANK.,f20343fe-adbf-5f1f-984e-58ee5b7c2b91,dry,wet,dry,wet,dry,1,4378.100000143051,707.0999999046326,
A2SWQM5X54P1O5,minimal,The computer is North of Ali. Ali turns around. The computer is BLANK Ali.,40691f9e-5ca7-5c21-98cb-f1f3e90fece7,North of,South of,South of,North of,South of,0,4447.60000000149,2421.60000000149,
A2SWQM5X54P1O5,minimal,The empty jar is on the table. Ali fills the sink. The jar is BLANK.,637372ba-bac0-5ffc-95af-27467657d0b0,dry,wet,wet,dry,wet,0,948.7999999970198,6683.39999999851,
A2SWQM5X54P1O5,minimal,The chicken is on the table. Ali turns on the stove. The chicken gets BLANK.,6fbad9b4-9231-5796-a9b4-b8e8fb940654,colder,warmer,colder,warmer,warmer,0,4021.70000000298,1052.10000000149,
A2SWQM5X54P1O5,minimal,The candle is on the table. Ali bumps the lamp. The candle BLANK.,0edfc764-15dc-56a4-97f0-79696d42e604,doesn't break,breaks,breaks,doesn't break,breaks,0,2493.60000000149,3682.400000005961,
A2SWQM5X54P1O5,minimal,The portrait is on the table. Ali bumps the lamp. The portrait BLANK.,887ddffd-f870-51c3-a4da-9d16882413d5,doesn't break,breaks,breaks,doesn't break,breaks,0,2089.60000000149,1762.1999999955297,
A2SWQM5X54P1O5,minimal,The tablet is on the floor. Ali bumps the table. The tablet BLANK.,c746580e-0ddd-5f98-b93a-f4cca7c1f161,doesn't break,breaks,doesn't break,breaks,breaks,0,3091.60000000149,832.6000000014901,
A2SWQM5X54P1O5,minimal,The curry is on the table. Ali turns on the stove. The curry gets BLANK.,b0f42dcc-e0f5-5341-907b-8832326e0521,colder,warmer,warmer,colder,warmer,0,2033.6999999955297,648.8999999985099,
A2SWQM5X54P1O5,minimal,The empty flask is on the table. Ali knocks the flask over. The table is BLANK.,4d25e5cd-4b9f-54f6-abe2-eafde27f21c2,dry,wet,dry,wet,wet,0,3166.70000000298,4180.89999999851,
A2SWQM5X54P1O5,minimal,The empty bowl is on the table. Ali knocks the bowl over. The table is BLANK.,06b16899-ccf7-506d-b8e7-c094839d0ed7,dry,wet,dry,wet,dry,1,1853.5,2760.20000000298,
A2SWQM5X54P1O5,minimal,The ornament is on the floor. Ali bumps the table. The ornament BLANK.,e5ae0bb2-4f9a-5c05-8a70-d24d352debe0,doesn't break,breaks,doesn't break,breaks,breaks,0,1676.10000000149,1065.0,
A2SWQM5X54P1O5,minimal,The book is North of Ali. Ali turns around. The book is BLANK Ali.,68d84e25-fe4e-5077-a48e-f046d48af2fc,North of,South of,North of,South of,North of,1,610.2000000029802,538.3000000044703,
A2SWQM5X54P1O5,minimal,The empty kettle is on the table. Ali fills the sink. The kettle is BLANK.,335be0e6-a5ed-5801-80f1-5c6cab349d24,dry,wet,wet,dry,wet,0,2099.5999999940395,436.3000000044704,
A1QTXVVD0FSLBI,minimal,The city is North of Ali. Ali turns around. The city is BLANK Ali.,d67a4a6d-bc61-537a-8b65-178cf81511b2,North of,South of,North of,South of,North of,1,9362.5,9215.09999999404,
A1QTXVVD0FSLBI,minimal,The mirror is on the table. Ali bumps the lamp. The mirror BLANK.,cc6308c4-fe93-592d-bd7c-c3c3495dfb04,doesn't break,breaks,doesn't break,breaks,breaks,0,5091.4000000059605,2556.5999999940395,
A1QTXVVD0FSLBI,minimal,The empty bottle is on the table. Ali knocks the bottle over. The table is BLANK.,f1c8f5cb-5ef5-5bd2-b1ae-37722af5ab13,dry,wet,dry,wet,dry,1,4424.800000011921,1589.0999999940395,
A1QTXVVD0FSLBI,minimal,The phone is on the floor. Ali bumps the table. The phone BLANK.,a0089e09-ecb1-5910-97f4-de47ef22bfcd,doesn't break,breaks,doesn't break,breaks,doesn't break,1,4114.200000017881,1860.199999988079,
A1QTXVVD0FSLBI,minimal,The empty pot is on the table. Ali knocks the pot over. The table is BLANK.,3bc3df7d-a91c-5999-8bb6-788efd21d35e,dry,wet,wet,dry,dry,1,5439.700000017881,2292.0999999940395,
A1QTXVVD0FSLBI,minimal,The empty container is on the table. Ali fills the sink. The container is BLANK.,8e3a22ae-91ba-581e-9943-23bcec0a345d,dry,wet,wet,dry,dry,1,4564.5,3876.2000000178814,
A1QTXVVD0FSLBI,minimal,The rice is on the table. Ali turns on the stove. The rice gets BLANK.,ff215e3b-d72f-5802-b7c5-e74b4bbbdb7c,colder,warmer,colder,warmer,colder,1,4644.699999988079,5110.200000017881,
A1QTXVVD0FSLBI,minimal,The lake is North of Ali. Ali turns around. The lake is BLANK Ali.,9c900f5c-ba5e-50dd-ad14-ff2e930698e4,North of,South of,North of,South of,North of,1,6437.0,4242.9000000059605,
A1QTXVVD0FSLBI,minimal,The empty bottle is on the table. Ali fills the sink. The bottle is BLANK.,f20343fe-adbf-5f1f-984e-58ee5b7c2b91,dry,wet,dry,wet,dry,1,2652.7999999821186,1666.2000000178814,
A1QTXVVD0FSLBI,minimal,The phone is on the table. Ali bumps the lamp. The phone BLANK.,2828fd38-836b-534a-a861-283f930b7d39,doesn't break,breaks,breaks,doesn't break,doesn't break,1,4576.300000011921,1637.0999999940395,
A1QTXVVD0FSLBI,minimal,The stew is on the table. Ali turns on the stove. The stew gets BLANK.,03c79cd5-cadc-5704-b773-cdd109719ae3,colder,warmer,warmer,colder,warmer,0,3055.899999976158,1730.9000000059605,
A1QTXVVD0FSLBI,minimal,The pot is on the floor. Ali bumps the table. The pot BLANK.,0318a66a-6207-5568-9d40-200aa1786c0b,doesn't break,breaks,breaks,doesn't break,doesn't break,1,2860.199999988079,1951.7000000178807,
A2TVZWHAPAMXGH,minimal,The sculpture is on the floor. Ali bumps the table. The sculpture BLANK.,6837d037-fd89-5325-945f-ec953cdaf8fc,doesn't break,breaks,breaks,doesn't break,doesn't break,1,3806.600000023842,3998.399999976158,
A2TVZWHAPAMXGH,minimal,The empty flask is on the table. Ali fills the sink. The flask is BLANK.,9727b31c-2a14-5db5-9980-0074c623524f,dry,wet,wet,dry,dry,1,3903.400000035763,5169.399999976158,
A2TVZWHAPAMXGH,minimal,The tablet is on the table. Ali bumps the lamp. The tablet BLANK.,1859f2b1-26a2-5a64-959f-fab9926dbb6d,doesn't break,breaks,breaks,doesn't break,doesn't break,1,3551.100000023842,1183.5999999642372,
A2TVZWHAPAMXGH,minimal,The mountain is North of Ali. Ali turns around. The mountain is BLANK Ali.,cbe70172-4bc2-5518-ae97-53e795d58f6a,North of,South of,North of,South of,North of,1,7521.5,6942.199999988079,
A2TVZWHAPAMXGH,minimal,The house is North of Ali. Ali turns around. The house is BLANK Ali.,168b3f9d-5c7e-5e03-948e-a8b96b9e08a7,North of,South of,South of,North of,North of,1,7951.699999988079,4175.600000023842,
A2TVZWHAPAMXGH,minimal,The lamp is on the floor. Ali bumps the table. The lamp BLANK.,730042f0-d8b0-5c6c-8bf7-410416a84eb5,doesn't break,breaks,doesn't break,breaks,doesn't break,1,6175.199999988079,879.8999999761581,
A2TVZWHAPAMXGH,minimal,The empty jar is on the table. Ali knocks the jar over. The table is BLANK.,d0c6d46f-fa2f-5c0a-93d2-5ebf343adfef,dry,wet,dry,wet,dry,1,2911.300000011921,4591.700000047684,
A2TVZWHAPAMXGH,minimal,The empty pitcher is on the table. Ali knocks the pitcher over. The table is BLANK.,ce777ad4-6e7f-5a27-bd97-42231b86b999,dry,wet,wet,dry,dry,1,2753.0,734.3000000119209,
A2TVZWHAPAMXGH,minimal,The ornament is on the table. Ali bumps the lamp. The ornament BLANK.,95cf280f-0045-5691-9286-ca2825f711f3,doesn't break,breaks,breaks,doesn't break,doesn't break,1,2813.899999976158,815.2999999523163,
A2TVZWHAPAMXGH,minimal,The emtpy can is on the table. Ali fills the sink. The can is BLANK.,23582299-2316-5e9e-a72f-ef1038bc4df3,dry,wet,wet,dry,dry,1,4111.699999988079,1616.0,
A2TVZWHAPAMXGH,minimal,The gumbo is on the table. Ali turns on the stove. The gumbo gets BLANK.,052dddd5-a2cf-5e97-90ed-7e2d2e91f62e,colder,warmer,warmer,colder,colder,1,3840.899999976158,7726.099999964237,
A2TVZWHAPAMXGH,minimal,The chili is on the table. Ali turns on the stove. The chili gets BLANK.,688b9409-948b-5506-a5bd-8f72bd8f0cdd,colder,warmer,warmer,colder,colder,1,2561.199999988079,3486.100000023842,
A1TARNH07A75CG,minimal,The soup is on the table. Ali turns on the stove. The soup gets BLANK.,43bffc24-3955-522c-a74b-5fd4b204d283,colder,warmer,warmer,colder,colder,1,1668.300000011921,9547.200000047684,
A1TARNH07A75CG,minimal,The glass is on the floor. Ali bumps the table. The glass BLANK.,2a5f6d9c-8b03-5fe5-8a19-87971947d204,doesn't break,breaks,breaks,doesn't break,breaks,0,6277.699999988079,1207.399999976158,
A1TARNH07A75CG,minimal,The porridge is on the table. Ali turns on the stove. The porridge gets BLANK.,2b80b416-13b1-5a5a-9b61-4c40aac5cf9e,colder,warmer,colder,warmer,colder,1,824.5,2506.7999999523163,
A1TARNH07A75CG,minimal,The statue is North of Ali. Ali turns around. The statue is BLANK Ali.,54f3455a-0981-5b04-b253-5891eb7c16e5,North of,South of,South of,North of,North of,1,692.8999999761581,7725.0,
A1TARNH07A75CG,minimal,The empty mug is on the table. Ali knocks the mug over. The table is BLANK.,7f7d49b6-0545-5dd9-9166-80fc48a498e7,dry,wet,wet,dry,wet,0,857.4000000357628,6959.300000011921,
A1TARNH07A75CG,minimal,The empty glass is on the table. Ali knocks the glass over. The table is BLANK.,03be173e-02aa-5a79-968a-ce8ea00117d3,dry,wet,dry,wet,dry,1,537.1000000238419,6828.400000035763,
A1TARNH07A75CG,minimal,The empty glass is on the table. Ali knocks the glass over. The table is BLANK.,03be173e-02aa-5a79-968a-ce8ea00117d3,dry,wet,wet,dry,dry,1,786.1999999880791,5197.0,
A1TARNH07A75CG,minimal,The empty cup is on the table. Ali fills the sink. The cup is BLANK.,01ab1e92-2477-582f-a9a9-917cb2a0983b,dry,wet,wet,dry,dry,1,616.3000000119209,8673.600000023842,
A1TARNH07A75CG,minimal,The vase is on the floor. Ali bumps the table. The vase BLANK.,b981d9fe-77c9-531c-afc1-fc37c2d11e04,doesn't break,breaks,doesn't break,breaks,breaks,0,948.3000000119208,2189.800000011921,
A1TARNH07A75CG,minimal,The empty glass is on the table. Ali fills the sink. The glass is BLANK.,34ea25b7-8077-5b64-bc1b-17e62828dfb0,dry,wet,wet,dry,wet,0,881.2999999523163,872.8000000119209,
A1TARNH07A75CG,minimal,The glass is on the table. Ali bumps the lamp. The glass BLANK.,4c8e019f-3f91-5c88-bdea-d68026fd0446,doesn't break,breaks,breaks,doesn't break,breaks,0,675.7999999523163,218.69999998807907,
A1TARNH07A75CG,minimal,The vase is on the table. Ali bumps the lamp. The vase BLANK.,2f76e57c-aad0-59fa-99e3-ad747c8c14d1,doesn't break,breaks,doesn't break,breaks,doesn't break,1,669.2999999523163,1758.5,
A1TARNH07A75CG,minimal,The painting is North of Ali. Ali turns around. The painting is BLANK Ali.,64e3f33d-f1bb-5469-960d-6b974ada7e0a,North of,South of,North of,South of,North of,1,379.1999999880791,298.80000001192093,
A2TXC8Q2IFGRXH,minimal,The curry is on the table. Ali turns on the stove. The curry gets BLANK.,b0f42dcc-e0f5-5341-907b-8832326e0521,colder,warmer,warmer,colder,warmer,0,5128.600000023842,1245.399999976158,
A2TXC8Q2IFGRXH,minimal,The empty flask is on the table. Ali knocks the flask over. The table is BLANK.,4d25e5cd-4b9f-54f6-abe2-eafde27f21c2,dry,wet,wet,dry,wet,0,6328.699999988079,1094.199999988079,
A2TXC8Q2IFGRXH,minimal,The empty bowl is on the table. Ali knocks the bowl over. The table is BLANK.,06b16899-ccf7-506d-b8e7-c094839d0ed7,dry,wet,wet,dry,dry,1,4137.0,1366.199999988079,
A2TXC8Q2IFGRXH,minimal,The empty kettle is on the table. Ali fills the sink. The kettle is BLANK.,335be0e6-a5ed-5801-80f1-5c6cab349d24,dry,wet,dry,wet,wet,0,5205.600000023842,1541.7000000476835,
A2TXC8Q2IFGRXH,minimal,The portrait is on the table. Ali bumps the lamp. The portrait BLANK.,887ddffd-f870-51c3-a4da-9d16882413d5,doesn't break,breaks,doesn't break,breaks,doesn't break,1,8489.899999976158,1381.2999999523165,
A2TXC8Q2IFGRXH,minimal,The book is North of Ali. Ali turns around. The book is BLANK Ali.,68d84e25-fe4e-5077-a48e-f046d48af2fc,North of,South of,South of,North of,South of,0,2997.099999964237,677.6999999880791,
A2TXC8Q2IFGRXH,minimal,The computer is North of Ali. Ali turns around. The computer is BLANK Ali.,40691f9e-5ca7-5c21-98cb-f1f3e90fece7,North of,South of,North of,South of,North of,1,3376.700000047684,433.3000000119209,
A2TXC8Q2IFGRXH,minimal,The candle is on the table. Ali bumps the lamp. The candle BLANK.,0edfc764-15dc-56a4-97f0-79696d42e604,doesn't break,breaks,breaks,doesn't break,doesn't break,1,4317.700000047684,631.4000000357628,
A2TXC8Q2IFGRXH,minimal,The empty jar is on the table. Ali fills the sink. The jar is BLANK.,637372ba-bac0-5ffc-95af-27467657d0b0,dry,wet,wet,dry,dry,1,3972.300000011921,557.0,
A2TXC8Q2IFGRXH,minimal,The chicken is on the table. Ali turns on the stove. The chicken gets BLANK.,6fbad9b4-9231-5796-a9b4-b8e8fb940654,colder,warmer,colder,warmer,warmer,0,2838.899999976158,1046.399999976158,
A2TXC8Q2IFGRXH,minimal,The ornament is on the floor. Ali bumps the table. The ornament BLANK.,e5ae0bb2-4f9a-5c05-8a70-d24d352debe0,doesn't break,breaks,doesn't break,breaks,doesn't break,1,2896.900000035763,1617.0,
A2TXC8Q2IFGRXH,minimal,The tablet is on the floor. Ali bumps the table. The tablet BLANK.,c746580e-0ddd-5f98-b93a-f4cca7c1f161,doesn't break,breaks,breaks,doesn't break,doesn't break,1,4844.5,572.0999999642372,
A1PXIIDBEHCLIJ,minimal,The painting is North of Ali. Ali turns around. The painting is BLANK Ali.,64e3f33d-f1bb-5469-960d-6b974ada7e0a,North of,South of,South of,North of,South of,0,4598.0,8217.0,
A1PXIIDBEHCLIJ,minimal,The vase is on the floor. Ali bumps the table. The vase BLANK.,b981d9fe-77c9-531c-afc1-fc37c2d11e04,doesn't break,breaks,breaks,doesn't break,doesn't break,1,3862.0,1160.0,
A1PXIIDBEHCLIJ,minimal,The glass is on the floor. Ali bumps the table. The glass BLANK.,2a5f6d9c-8b03-5fe5-8a19-87971947d204,doesn't break,breaks,doesn't break,breaks,doesn't break,1,3224.0,2496.0,
A1PXIIDBEHCLIJ,minimal,The statue is North of Ali. Ali turns around. The statue is BLANK Ali.,54f3455a-0981-5b04-b253-5891eb7c16e5,North of,South of,North of,South of,South of,0,808.0,13232.0,
A1PXIIDBEHCLIJ,minimal,The empty mug is on the table. Ali knocks the mug over. The table is BLANK.,7f7d49b6-0545-5dd9-9166-80fc48a498e7,dry,wet,wet,dry,dry,1,2887.0,2640.0,
A1PXIIDBEHCLIJ,minimal,The empty cup is on the table. Ali fills the sink. The cup is BLANK.,01ab1e92-2477-582f-a9a9-917cb2a0983b,dry,wet,wet,dry,dry,1,1535.0,6167.0,
A1PXIIDBEHCLIJ,minimal,The soup is on the table. Ali turns on the stove. The soup gets BLANK.,43bffc24-3955-522c-a74b-5fd4b204d283,colder,warmer,warmer,colder,colder,1,863.0,3407.0,
A1PXIIDBEHCLIJ,minimal,The vase is on the table. Ali bumps the lamp. The vase BLANK.,2f76e57c-aad0-59fa-99e3-ad747c8c14d1,doesn't break,breaks,breaks,doesn't break,doesn't break,1,1359.0,3009.0,
A1PXIIDBEHCLIJ,minimal,The empty glass is on the table. Ali knocks the glass over. The table is BLANK.,03be173e-02aa-5a79-968a-ce8ea00117d3,dry,wet,wet,dry,dry,1,983.0,3591.0,
A1PXIIDBEHCLIJ,minimal,The empty glass is on the table. Ali knocks the glass over. The table is BLANK.,03be173e-02aa-5a79-968a-ce8ea00117d3,dry,wet,wet,dry,dry,1,960.0,4720.0,
A1PXIIDBEHCLIJ,minimal,The porridge is on the table. Ali turns on the stove. The porridge gets BLANK.,2b80b416-13b1-5a5a-9b61-4c40aac5cf9e,colder,warmer,warmer,colder,colder,1,2776.0,439.0,
A1PXIIDBEHCLIJ,minimal,The glass is on the table. Ali bumps the lamp. The glass BLANK.,4c8e019f-3f91-5c88-bdea-d68026fd0446,doesn't break,breaks,doesn't break,breaks,doesn't break,1,783.0,3967.0,
A1PXIIDBEHCLIJ,minimal,The empty glass is on the table. Ali fills the sink. The glass is BLANK.,34ea25b7-8077-5b64-bc1b-17e62828dfb0,dry,wet,wet,dry,dry,1,583.0,3679.0,
A1W0Q5GXIZ9I40,minimal,The empty tub is on the table. Ali fills the sink. The tub is BLANK.,cc2cb203-9a96-586b-9727-0a8212155c43,dry,wet,dry,wet,wet,0,4083.299999952316,4263.200000047684,
A1W0Q5GXIZ9I40,minimal,The empty vase is on the table. Ali knocks the vase over. The table is BLANK.,c79d12ce-733d-590c-bf09-4db1c50645ce,dry,wet,dry,wet,wet,0,3329.2999999523163,797.0999999046326,
A1W0Q5GXIZ9I40,minimal,The steak is on the table. Ali turns on the stove. The steak gets BLANK.,403f4fa5-5200-5d22-9f1b-6e2c2edf755c,colder,warmer,warmer,colder,warmer,0,4229.799999952316,1161.8999998569489,
A1W0Q5GXIZ9I40,minimal,The sculpture is on the table. Ali bumps the lamp. The sculpture BLANK.,8f5095bc-b58d-59fb-94fa-7c121e14b746,doesn't break,breaks,doesn't break,breaks,doesn't break,1,4625.199999809265,1131.8999998569489,
A1W0Q5GXIZ9I40,minimal,The fish is on the table. Ali turns on the stove. The fish gets BLANK.,4ec9870c-0c7d-5611-b076-993ce15358f1,colder,warmer,warmer,colder,warmer,0,4234.200000047684,785.7999999523163,
A1W0Q5GXIZ9I40,minimal,The whiteboard is North of Ali. Ali turns around. The whiteboard is BLANK Ali.,a375252e-8be0-5a31-8826-ab7a09baa72d,North of,South of,South of,North of,North of,1,8872.900000095367,2524.0,
A1W0Q5GXIZ9I40,minimal,The television is on the floor. Ali bumps the table. The television BLANK.,4e7ee80f-f119-5b6d-82df-ba4d4ad03735,doesn't break,breaks,doesn't break,breaks,doesn't break,1,9528.0,1138.3999998569489,
A1W0Q5GXIZ9I40,minimal,The mirror is on the floor. Ali bumps the table. The mirror BLANK.,c476f558-1f2e-503e-90a0-b300840ca6e1,doesn't break,breaks,breaks,doesn't break,doesn't break,1,3172.5,2029.7999999523165,
A1W0Q5GXIZ9I40,minimal,The empty jug is on the table. Ali knocks the jug over. The table is BLANK.,2fc6d99a-038d-5235-bc08-f350777f4e86,dry,wet,dry,wet,dry,1,3714.399999856949,1063.5,
A1W0Q5GXIZ9I40,minimal,The clock is on the table. Ali bumps the lamp. The clock BLANK.,cb7a432a-c5db-586f-98f9-422792efd822,doesn't break,breaks,doesn't break,breaks,doesn't break,1,13429.200000047684,703.5999999046326,
A1W0Q5GXIZ9I40,minimal,The empty thermos is on the table. Ali fills the sink. The thermos is BLANK.,ca1d2738-b7ef-5748-bc41-00d7b201a41c,dry,wet,wet,dry,dry,1,4245.299999952316,1065.9000000953674,
A1W0Q5GXIZ9I40,minimal,The street is North of Ali. Ali turns around. The street is BLANK Ali.,51679ab6-e072-51aa-920a-095c3ab09319,North of,South of,North of,South of,North of,1,5196.899999856949,582.2000000476837,
A1VTGZTVLV00SH,minimal,The mug is on the floor. Ali bumps the table. The mug BLANK.,af3ddb77-e0ef-5dc6-a71f-322ffe4f1f53,doesn't break,breaks,breaks,doesn't break,doesn't break,1,2614.0,4798.0,
A1VTGZTVLV00SH,minimal,The ocean is North of Ali. Ali turns around. The ocean is BLANK Ali.,8e94a295-1159-50a9-9ebf-d12558060a5d,North of,South of,South of,North of,South of,0,3064.9999999999927,1133.0,
A1VTGZTVLV00SH,minimal,The empty mug is on the table. Ali fills the sink. The mug is BLANK.,36794563-6ac8-5075-8df5-b2ecbd8f8c8b,dry,wet,dry,wet,dry,1,2580.0,3084.0,
A1VTGZTVLV00SH,minimal,The coffee is on the table. Ali turns on the stove. The coffee gets BLANK.,aad29bfa-c5cb-5d6a-9c3f-296137723195,colder,warmer,warmer,colder,colder,1,2066.0,4737.0,
A1VTGZTVLV00SH,minimal,The clock is on the floor. Ali bumps the table. The clock BLANK.,581ab406-6472-5213-8fa5-924e54aadbbb,doesn't break,breaks,breaks,doesn't break,doesn't break,1,1956.0,1572.0,
A1VTGZTVLV00SH,minimal,The man is North of Ali. Ali turns around. The man is BLANK Ali.,42f4e9ba-3d9f-52aa-aa48-aaf77bdffda2,North of,South of,North of,South of,North of,1,4687.0,4810.0,
A1VTGZTVLV00SH,minimal,The jar is on the table. Ali bumps the lamp. The jar BLANK.,ca149acc-4333-5d4e-9b73-b3954089e0b3,doesn't break,breaks,doesn't break,breaks,doesn't break,1,2283.0,1284.0,
A1VTGZTVLV00SH,minimal,The empty thermos is on the table. Ali knocks the thermos over. The table is BLANK.,504496f0-2b75-5a26-8866-95cbb113f5a4,dry,wet,wet,dry,wet,0,3365.0,2616.0,
A1VTGZTVLV00SH,minimal,The bottle is on the table. Ali bumps the lamp. The bottle BLANK.,8e5290bc-3ba2-56b3-b1c5-33531c9a12ae,doesn't break,breaks,breaks,doesn't break,doesn't break,1,3919.0,1305.0,
A1VTGZTVLV00SH,minimal,The empty vase is on the table. Ali fills the sink. The vase is BLANK.,608b5972-0b7e-5142-995f-b84143ea7b33,dry,wet,dry,wet,dry,1,3742.0,2916.0,
A1VTGZTVLV00SH,minimal,The broth is on the table. Ali turns on the stove. The broth gets BLANK.,304f867c-d22c-5f80-8b58-04c39ecc54c7,colder,warmer,colder,warmer,colder,1,4192.0,2496.000000000058,
A1VTGZTVLV00SH,minimal,The glass is on the floor. Ali bumps the table. The glass BLANK.,2a5f6d9c-8b03-5fe5-8a19-87971947d204,doesn't break,breaks,doesn't break,breaks,doesn't break,1,2031.0,1034.0,
A1VTGZTVLV00SH,minimal,The empty can is on the table. Ali knocks the can over. The table is BLANK.,7b0ff26b-5f65-57c0-b1e1-7dac2ab25032,dry,wet,wet,dry,wet,0,3606.0,1070.0000000000582,
A1T96MBX54027C,minimal,The empty pitcher is on the table. Ali fills the sink. The pitcher is BLANK.,ee9b763e-9f9e-59f8-9bc5-1c6e2075abae,dry,wet,dry,wet,wet,0,4603.9000000059605,1940.5999999940395,
A1T96MBX54027C,minimal,The sauce is on the table. Ali turns on the stove. The sauce gets BLANK.,7ba8e937-510d-512c-ac3a-9877388c0eec,colder,warmer,colder,warmer,warmer,0,1480.7000000029802,3574.0,
A1T96MBX54027C,minimal,The mug is on the table. Ali bumps the lamp. The mug BLANK.,81e84bb2-9f95-5bbd-bbe3-af94794b6123,doesn't break,breaks,doesn't break,breaks,breaks,0,4113.09999999404,1687.0,
A1T96MBX54027C,minimal,The laptop is on the floor. Ali bumps the table. The laptop BLANK.,88059c09-088b-5009-bafd-b7e931442077,doesn't break,breaks,doesn't break,breaks,doesn't break,1,3394.9000000059605,2256.5,
A1T96MBX54027C,minimal,The tea is on the table. Ali turns on the stove. The tea gets BLANK.,f4d79629-266b-5267-8ea1-847001b48e5a,colder,warmer,warmer,colder,warmer,0,3398.5,1429.4000000059605,
A1T96MBX54027C,minimal,The empty carton is on the table. Ali knocks the carton over. The table is BLANK.,6bb50e85-6ac5-52a5-b623-32e416664177,dry,wet,dry,wet,wet,0,3939.800000011921,1973.0,
A1T96MBX54027C,minimal,The painting is North of Ali. Ali turns around. The painting is BLANK Ali.,64e3f33d-f1bb-5469-960d-6b974ada7e0a,North of,South of,South of,North of,South of,0,4316.70000000298,1573.0,
A1T96MBX54027C,minimal,The vase is North of Ali. Ali turns around. The vase is BLANK Ali.,a3aa7fe8-9da6-5cc8-8664-c4fd06944bd2,North of,South of,North of,South of,South of,0,3733.09999999404,1488.300000011921,
A1T96MBX54027C,minimal,The plate is on the floor. Ali bumps the table. The plate BLANK.,746aa902-d880-5b36-add1-a3457a31beb3,doesn't break,breaks,doesn't break,breaks,doesn't break,1,3532.4000000059605,2244.0,
A1T96MBX54027C,minimal,The plate is on the table. Ali bumps the lamp. The plate BLANK.,aaa1f7f2-1b97-5138-9daa-38fb1bd7bc25,doesn't break,breaks,doesn't break,breaks,doesn't break,1,2558.0,1450.199999988079,
A1T96MBX54027C,minimal,The empty cup is on the table. Ali knocks the cup over. The table is BLANK.,e6aecef6-eb29-5c41-a462-92c423095047,dry,wet,dry,wet,wet,0,4694.399999991059,1164.4000000059605,
A1T96MBX54027C,minimal,The dog is North of Ali. Ali turns around. The dog is BLANK Ali.,51f91196-934d-5ef1-b798-f0d70fe6a0c2,North of,South of,North of,South of,South of,0,2656.9000000059605,979.2000000029802,
A1T96MBX54027C,minimal,The empty jug is on the table. Ali fills the sink. The jug is BLANK.,654f6276-9e9e-52c2-867d-b66c3aa70976,dry,wet,dry,wet,dry,1,2927.29999999702,1826.800000011921,
A1TOR2L7RRFMCQ,minimal,The empty glass is on the table. Ali knocks the glass over. The table is BLANK.,03be173e-02aa-5a79-968a-ce8ea00117d3,dry,wet,wet,dry,wet,0,6672.79999999702,1460.39999999851,
A1TOR2L7RRFMCQ,minimal,The vase is on the floor. Ali bumps the table. The vase BLANK.,b981d9fe-77c9-531c-afc1-fc37c2d11e04,doesn't break,breaks,breaks,doesn't break,doesn't break,1,3647.3000000044703,4770.39999999851,
A1TOR2L7RRFMCQ,minimal,The empty glass is on the table. Ali fills the sink. The glass is BLANK.,34ea25b7-8077-5b64-bc1b-17e62828dfb0,dry,wet,dry,wet,dry,1,7122.69999999553,2877.8000000044703,
A1TOR2L7RRFMCQ,minimal,The porridge is on the table. Ali turns on the stove. The porridge gets BLANK.,2b80b416-13b1-5a5a-9b61-4c40aac5cf9e,colder,warmer,warmer,colder,warmer,0,3722.0,1608.10000000149,
A1TOR2L7RRFMCQ,minimal,The vase is on the table. Ali bumps the lamp. The vase BLANK.,2f76e57c-aad0-59fa-99e3-ad747c8c14d1,doesn't break,breaks,breaks,doesn't break,breaks,0,2999.20000000298,1041.6999999955297,
A1TOR2L7RRFMCQ,minimal,The empty glass is on the table. Ali knocks the glass over. The table is BLANK.,03be173e-02aa-5a79-968a-ce8ea00117d3,dry,wet,dry,wet,dry,1,3190.29999999702,4712.29999999702,
A1TOR2L7RRFMCQ,minimal,The empty cup is on the table. Ali fills the sink. The cup is BLANK.,01ab1e92-2477-582f-a9a9-917cb2a0983b,dry,wet,wet,dry,dry,1,5393.19999999553,1210.5,
A1TOR2L7RRFMCQ,minimal,The statue is North of Ali. Ali turns around. The statue is BLANK Ali.,54f3455a-0981-5b04-b253-5891eb7c16e5,North of,South of,South of,North of,South of,0,3093.0,718.0,
A1TOR2L7RRFMCQ,minimal,The empty mug is on the table. Ali knocks the mug over. The table is BLANK.,7f7d49b6-0545-5dd9-9166-80fc48a498e7,dry,wet,dry,wet,dry,1,1481.7999999970198,3555.79999999702,
A1TOR2L7RRFMCQ,minimal,The glass is on the table. Ali bumps the lamp. The glass BLANK.,4c8e019f-3f91-5c88-bdea-d68026fd0446,doesn't break,breaks,doesn't break,breaks,doesn't break,1,3966.60000000149,1133.3000000044703,
A1TOR2L7RRFMCQ,minimal,The painting is North of Ali. Ali turns around. The painting is BLANK Ali.,64e3f33d-f1bb-5469-960d-6b974ada7e0a,North of,South of,North of,South of,South of,0,3238.6999999955297,420.2000000029802,
A1TOR2L7RRFMCQ,minimal,The soup is on the table. Ali turns on the stove. The soup gets BLANK.,43bffc24-3955-522c-a74b-5fd4b204d283,colder,warmer,colder,warmer,warmer,0,1164.2999999970198,267.8999999985099,
A1TOR2L7RRFMCQ,minimal,The glass is on the floor. Ali bumps the table. The glass BLANK.,2a5f6d9c-8b03-5fe5-8a19-87971947d204,doesn't break,breaks,doesn't break,breaks,breaks,0,870.7000000029802,431.29999999701977,
A1ZGF9EMMDL6XI,minimal,The empty bowl is on the table. Ali knocks the bowl over. The table is BLANK.,06b16899-ccf7-506d-b8e7-c094839d0ed7,dry,wet,wet,dry,dry,1,2173.0,17046.0,
A1ZGF9EMMDL6XI,minimal,The empty flask is on the table. Ali knocks the flask over. The table is BLANK.,4d25e5cd-4b9f-54f6-abe2-eafde27f21c2,dry,wet,dry,wet,dry,1,16808.0,4705.0,
A1ZGF9EMMDL6XI,minimal,The empty kettle is on the table. Ali fills the sink. The kettle is BLANK.,335be0e6-a5ed-5801-80f1-5c6cab349d24,dry,wet,dry,wet,dry,1,1521.0,9216.0,
A1ZGF9EMMDL6XI,minimal,The book is North of Ali. Ali turns around. The book is BLANK Ali.,68d84e25-fe4e-5077-a48e-f046d48af2fc,North of,South of,South of,North of,North of,1,4863.0,3449.0,
A1ZGF9EMMDL6XI,minimal,The chicken is on the table. Ali turns on the stove. The chicken gets BLANK.,6fbad9b4-9231-5796-a9b4-b8e8fb940654,colder,warmer,warmer,colder,warmer,0,1237.0,7938.0,
A1ZGF9EMMDL6XI,minimal,The empty jar is on the table. Ali fills the sink. The jar is BLANK.,637372ba-bac0-5ffc-95af-27467657d0b0,dry,wet,dry,wet,dry,1,935.0,6196.0,
A1ZGF9EMMDL6XI,minimal,The ornament is on the floor. Ali bumps the table. The ornament BLANK.,e5ae0bb2-4f9a-5c05-8a70-d24d352debe0,doesn't break,breaks,doesn't break,breaks,breaks,0,997.0,7160.0,
A1ZGF9EMMDL6XI,minimal,The curry is on the table. Ali turns on the stove. The curry gets BLANK.,b0f42dcc-e0f5-5341-907b-8832326e0521,colder,warmer,colder,warmer,warmer,0,2546.0,3357.0,
A1ZGF9EMMDL6XI,minimal,The portrait is on the table. Ali bumps the lamp. The portrait BLANK.,887ddffd-f870-51c3-a4da-9d16882413d5,doesn't break,breaks,breaks,doesn't break,breaks,0,5744.0,2249.0,
A1ZGF9EMMDL6XI,minimal,The computer is North of Ali. Ali turns around. The computer is BLANK Ali.,40691f9e-5ca7-5c21-98cb-f1f3e90fece7,North of,South of,North of,South of,North of,1,765.0,4366.0,
A1ZGF9EMMDL6XI,minimal,The candle is on the table. Ali bumps the lamp. The candle BLANK.,0edfc764-15dc-56a4-97f0-79696d42e604,doesn't break,breaks,doesn't break,breaks,doesn't break,1,19586.0,2096.0,
A1ZGF9EMMDL6XI,minimal,The tablet is on the floor. Ali bumps the table. The tablet BLANK.,c746580e-0ddd-5f98-b93a-f4cca7c1f161,doesn't break,breaks,doesn't break,breaks,breaks,0,1602.0,2007.0,
A1ZGF9EMMDL6XI,minimal,The chicken is on the table. Ali turns on the stove. The chicken gets BLANK.,6fbad9b4-9231-5796-a9b4-b8e8fb940654,colder,warmer,colder,warmer,warmer,0,13964.0,2954.0,
A1ZGF9EMMDL6XI,minimal,The chicken is on the table. Ali turns on the stove. The chicken gets BLANK.,6fbad9b4-9231-5796-a9b4-b8e8fb940654,colder,warmer,,,warmer,-1,,,"The stove typically increases heat in the vicinity, and since the v\chicken is on the table"
A1ZGF9EMMDL6XI,minimal,The ornament is on the floor. Ali bumps the table. The ornament BLANK.,e5ae0bb2-4f9a-5c05-8a70-d24d352debe0,doesn't break,breaks,doesn't break,breaks,breaks,0,3262.0,6425.0,
A1ZGF9EMMDL6XI,minimal,The ornament is on the floor. Ali bumps the table. The ornament BLANK.,e5ae0bb2-4f9a-5c05-8a70-d24d352debe0,doesn't break,breaks,,,breaks,-1,,,When Ali bumps the table and the ornament is on the floor
A1ZGF9EMMDL6XI,minimal,The curry is on the table. Ali turns on the stove. The curry gets BLANK.,b0f42dcc-e0f5-5341-907b-8832326e0521,colder,warmer,colder,warmer,colder,1,2122.0,3827.0,
A1ZGF9EMMDL6XI,minimal,The curry is on the table. Ali turns on the stove. The curry gets BLANK.,b0f42dcc-e0f5-5341-907b-8832326e0521,colder,warmer,,,colder,-1,,,The curry stays on the table away from the stove's heat.
A1ZGF9EMMDL6XI,minimal,The portrait is on the table. Ali bumps the lamp. The portrait BLANK.,887ddffd-f870-51c3-a4da-9d16882413d5,doesn't break,breaks,breaks,doesn't break,breaks,0,13486.0,2575.0,
A1ZGF9EMMDL6XI,minimal,The portrait is on the table. Ali bumps the lamp. The portrait BLANK.,887ddffd-f870-51c3-a4da-9d16882413d5,doesn't break,breaks,,,breaks,-1,,,"When Ali bumps the lamp, It implies a physical disturbance that could cause the portrait on the table to fall or get damaged"
A1ZGF9EMMDL6XI,minimal,The computer is North of Ali. Ali turns around. The computer is BLANK Ali.,40691f9e-5ca7-5c21-98cb-f1f3e90fece7,North of,South of,South of,North of,North of,1,2201.0,4388.0,
A1ZGF9EMMDL6XI,minimal,The computer is North of Ali. Ali turns around. The computer is BLANK Ali.,40691f9e-5ca7-5c21-98cb-f1f3e90fece7,North of,South of,,,North of,-1,,,"When Ali turns around, the direction that was North of Ali becomes South of Ali."
A1ZGF9EMMDL6XI,minimal,The candle is on the table. Ali bumps the lamp. The candle BLANK.,0edfc764-15dc-56a4-97f0-79696d42e604,doesn't break,breaks,breaks,doesn't break,doesn't break,1,1882.0,3552.0,
A1ZGF9EMMDL6XI,minimal,The candle is on the table. Ali bumps the lamp. The candle BLANK.,0edfc764-15dc-56a4-97f0-79696d42e604,doesn't break,breaks,,,doesn't break,-1,,,"Ali bumped the lamp, not the candle"
A1ZGF9EMMDL6XI,minimal,The tablet is on the floor. Ali bumps the table. The tablet BLANK.,c746580e-0ddd-5f98-b93a-f4cca7c1f161,doesn't break,breaks,breaks,doesn't break,breaks,0,2150.0,2707.0,
A1ZGF9EMMDL6XI,minimal,The tablet is on the floor. Ali bumps the table. The tablet BLANK.,c746580e-0ddd-5f98-b93a-f4cca7c1f161,doesn't break,breaks,,,breaks,-1,,,When Ali bumps the table and the tablet is on the floor next to or under the table
A2FCGEU5RTEWG8,minimal,The gumbo is on the table. Ali turns on the stove. The gumbo gets BLANK.,052dddd5-a2cf-5e97-90ed-7e2d2e91f62e,colder,warmer,warmer,colder,warmer,0,6212.100000000093,2959.2000000001863,
A2FCGEU5RTEWG8,minimal,The ornament is on the table. Ali bumps the lamp. The ornament BLANK.,95cf280f-0045-5691-9286-ca2825f711f3,doesn't break,breaks,doesn't break,breaks,breaks,0,5134.399999999907,2228.0999999996275,
A2FCGEU5RTEWG8,minimal,The empty pitcher is on the table. Ali knocks the pitcher over. The table is BLANK.,ce777ad4-6e7f-5a27-bd97-42231b86b999,dry,wet,wet,dry,wet,0,3522.899999999907,3250.7000000001863,
A2FCGEU5RTEWG8,minimal,The empty jar is on the table. Ali knocks the jar over. The table is BLANK.,d0c6d46f-fa2f-5c0a-93d2-5ebf343adfef,dry,wet,wet,dry,dry,1,5082.100000000093,1606.1000000000931,
A2FCGEU5RTEWG8,minimal,The sculpture is on the floor. Ali bumps the table. The sculpture BLANK.,6837d037-fd89-5325-945f-ec953cdaf8fc,doesn't break,breaks,breaks,doesn't break,doesn't break,1,3618.80000000028,5205.200000000186,
A2FCGEU5RTEWG8,minimal,The emtpy can is on the table. Ali fills the sink. The can is BLANK.,23582299-2316-5e9e-a72f-ef1038bc4df3,dry,wet,dry,wet,dry,1,3290.0,3780.200000000186,
A2FCGEU5RTEWG8,minimal,The house is North of Ali. Ali turns around. The house is BLANK Ali.,168b3f9d-5c7e-5e03-948e-a8b96b9e08a7,North of,South of,South of,North of,North of,1,4164.5,8339.600000000093,
A2FCGEU5RTEWG8,minimal,The empty flask is on the table. Ali fills the sink. The flask is BLANK.,9727b31c-2a14-5db5-9980-0074c623524f,dry,wet,wet,dry,dry,1,5136.100000000093,1448.6000000000931,
A2FCGEU5RTEWG8,minimal,The chili is on the table. Ali turns on the stove. The chili gets BLANK.,688b9409-948b-5506-a5bd-8f72bd8f0cdd,colder,warmer,warmer,colder,colder,1,4222.799999999814,2367.6999999997206,
A2FCGEU5RTEWG8,minimal,The tablet is on the table. Ali bumps the lamp. The tablet BLANK.,1859f2b1-26a2-5a64-959f-fab9926dbb6d,doesn't break,breaks,breaks,doesn't break,doesn't break,1,7295.300000000279,1658.0,
A2FCGEU5RTEWG8,minimal,The mountain is North of Ali. Ali turns around. The mountain is BLANK Ali.,cbe70172-4bc2-5518-ae97-53e795d58f6a,North of,South of,South of,North of,North of,1,8893.299999999814,5177.799999999814,
A2FCGEU5RTEWG8,minimal,The lamp is on the floor. Ali bumps the table. The lamp BLANK.,730042f0-d8b0-5c6c-8bf7-410416a84eb5,doesn't break,breaks,doesn't break,breaks,doesn't break,1,5062.200000000186,1592.4000000003723,
A2FCZEGDG5K5YF,minimal,The ornament is on the floor. Ali bumps the table. The ornament BLANK.,e5ae0bb2-4f9a-5c05-8a70-d24d352debe0,doesn't break,breaks,breaks,doesn't break,doesn't break,1,10770.0,7404.0,
A2FCZEGDG5K5YF,minimal,The tablet is on the floor. Ali bumps the table. The tablet BLANK.,c746580e-0ddd-5f98-b93a-f4cca7c1f161,doesn't break,breaks,doesn't break,breaks,doesn't break,1,12781.0,2083.0,
A2FCZEGDG5K5YF,minimal,The empty flask is on the table. Ali knocks the flask over. The table is BLANK.,4d25e5cd-4b9f-54f6-abe2-eafde27f21c2,dry,wet,dry,wet,wet,0,5220.0,3062.0,
A2FCZEGDG5K5YF,minimal,The chicken is on the table. Ali turns on the stove. The chicken gets BLANK.,6fbad9b4-9231-5796-a9b4-b8e8fb940654,colder,warmer,colder,warmer,warmer,0,11147.0,3750.0,
A2FCZEGDG5K5YF,minimal,The empty kettle is on the table. Ali fills the sink. The kettle is BLANK.,335be0e6-a5ed-5801-80f1-5c6cab349d24,dry,wet,wet,dry,wet,0,6694.0,4599.0,
A2FCZEGDG5K5YF,minimal,The computer is North of Ali. Ali turns around. The computer is BLANK Ali.,40691f9e-5ca7-5c21-98cb-f1f3e90fece7,North of,South of,North of,South of,South of,0,13325.0,1703.0,
A2FCZEGDG5K5YF,minimal,The candle is on the table. Ali bumps the lamp. The candle BLANK.,0edfc764-15dc-56a4-97f0-79696d42e604,doesn't break,breaks,breaks,doesn't break,doesn't break,1,7056.0,4272.0,
A2FCZEGDG5K5YF,minimal,The curry is on the table. Ali turns on the stove. The curry gets BLANK.,b0f42dcc-e0f5-5341-907b-8832326e0521,colder,warmer,warmer,colder,colder,1,9454.0,3466.0,
A2FCZEGDG5K5YF,minimal,The book is North of Ali. Ali turns around. The book is BLANK Ali.,68d84e25-fe4e-5077-a48e-f046d48af2fc,North of,South of,South of,North of,South of,0,14679.0,2561.0,
A2FCZEGDG5K5YF,minimal,The empty jar is on the table. Ali fills the sink. The jar is BLANK.,637372ba-bac0-5ffc-95af-27467657d0b0,dry,wet,wet,dry,dry,1,12695.0,1917.0,
A2FCZEGDG5K5YF,minimal,The portrait is on the table. Ali bumps the lamp. The portrait BLANK.,887ddffd-f870-51c3-a4da-9d16882413d5,doesn't break,breaks,doesn't break,breaks,breaks,0,22270.0,2793.0,
A2FCZEGDG5K5YF,minimal,The empty bowl is on the table. Ali knocks the bowl over. The table is BLANK.,06b16899-ccf7-506d-b8e7-c094839d0ed7,dry,wet,dry,wet,wet,0,8810.0,18198.0,
A1ZQO2P2V2JZ45,minimal,The chicken is on the table. Ali turns on the stove. The chicken gets BLANK.,6fbad9b4-9231-5796-a9b4-b8e8fb940654,colder,warmer,colder,warmer,warmer,0,5606.899999856949,2261.9000000953674,
A1ZQO2P2V2JZ45,minimal,The empty flask is on the table. Ali knocks the flask over. The table is BLANK.,4d25e5cd-4b9f-54f6-abe2-eafde27f21c2,dry,wet,wet,dry,wet,0,717.4000000953674,3410.599999904633,
A1ZQO2P2V2JZ45,minimal,The book is North of Ali. Ali turns around. The book is BLANK Ali.,68d84e25-fe4e-5077-a48e-f046d48af2fc,North of,South of,North of,South of,North of,1,5742.799999952316,1541.7999999523165,
A1ZQO2P2V2JZ45,minimal,The computer is North of Ali. Ali turns around. The computer is BLANK Ali.,40691f9e-5ca7-5c21-98cb-f1f3e90fece7,North of,South of,South of,North of,North of,1,4523.599999904633,1186.7999999523165,
A1ZQO2P2V2JZ45,minimal,The ornament is on the floor. Ali bumps the table. The ornament BLANK.,e5ae0bb2-4f9a-5c05-8a70-d24d352debe0,doesn't break,breaks,breaks,doesn't break,breaks,0,4584.0,1124.7999999523165,
A1ZQO2P2V2JZ45,minimal,The portrait is on the table. Ali bumps the lamp. The portrait BLANK.,887ddffd-f870-51c3-a4da-9d16882413d5,doesn't break,breaks,breaks,doesn't break,breaks,0,3843.5,948.8999998569489,
A1ZQO2P2V2JZ45,minimal,The candle is on the table. Ali bumps the lamp. The candle BLANK.,0edfc764-15dc-56a4-97f0-79696d42e604,doesn't break,breaks,breaks,doesn't break,breaks,0,3301.700000047684,831.2000000476837,
A1ZQO2P2V2JZ45,minimal,The tablet is on the floor. Ali bumps the table. The tablet BLANK.,c746580e-0ddd-5f98-b93a-f4cca7c1f161,doesn't break,breaks,doesn't break,breaks,breaks,0,3115.0,896.7000000476837,
A1ZQO2P2V2JZ45,minimal,The empty jar is on the table. Ali fills the sink. The jar is BLANK.,637372ba-bac0-5ffc-95af-27467657d0b0,dry,wet,wet,dry,dry,1,4487.200000047684,1627.7999999523165,
A1ZQO2P2V2JZ45,minimal,The empty bowl is on the table. Ali knocks the bowl over. The table is BLANK.,06b16899-ccf7-506d-b8e7-c094839d0ed7,dry,wet,dry,wet,wet,0,3159.5,780.6000001430511,
A1ZQO2P2V2JZ45,minimal,The curry is on the table. Ali turns on the stove. The curry gets BLANK.,b0f42dcc-e0f5-5341-907b-8832326e0521,colder,warmer,colder,warmer,warmer,0,2785.5,1256.5,
A1ZQO2P2V2JZ45,minimal,The empty kettle is on the table. Ali fills the sink. The kettle is BLANK.,335be0e6-a5ed-5801-80f1-5c6cab349d24,dry,wet,wet,dry,dry,1,3452.599999904633,1738.7999999523165,
A21Y7K669KM1PR,minimal,The lake is North of Ali. Ali turns around. The lake is BLANK Ali.,9c900f5c-ba5e-50dd-ad14-ff2e930698e4,North of,South of,South of,North of,South of,0,7154.599999964237,1031.399999976158,
A21Y7K669KM1PR,minimal,The empty container is on the table. Ali fills the sink. The container is BLANK.,8e3a22ae-91ba-581e-9943-23bcec0a345d,dry,wet,wet,dry,dry,1,5062.200000047684,2222.300000011921,
A21Y7K669KM1PR,minimal,The phone is on the table. Ali bumps the lamp. The phone BLANK.,2828fd38-836b-534a-a861-283f930b7d39,doesn't break,breaks,doesn't break,breaks,doesn't break,1,5296.800000011921,1660.300000011921,
A21Y7K669KM1PR,minimal,The phone is on the floor. Ali bumps the table. The phone BLANK.,a0089e09-ecb1-5910-97f4-de47ef22bfcd,doesn't break,breaks,doesn't break,breaks,breaks,0,2752.600000023842,1324.800000011921,
A21Y7K669KM1PR,minimal,The stew is on the table. Ali turns on the stove. The stew gets BLANK.,03c79cd5-cadc-5704-b773-cdd109719ae3,colder,warmer,colder,warmer,colder,1,3437.600000023842,1494.7000000476835,
A21Y7K669KM1PR,minimal,The empty bottle is on the table. Ali knocks the bottle over. The table is BLANK.,f1c8f5cb-5ef5-5bd2-b1ae-37722af5ab13,dry,wet,dry,wet,wet,0,6389.600000023842,2087.300000011921,
A21Y7K669KM1PR,minimal,The city is North of Ali. Ali turns around. The city is BLANK Ali.,d67a4a6d-bc61-537a-8b65-178cf81511b2,North of,South of,South of,North of,South of,0,5900.300000011921,951.3000000119208,
A21Y7K669KM1PR,minimal,The pot is on the floor. Ali bumps the table. The pot BLANK.,0318a66a-6207-5568-9d40-200aa1786c0b,doesn't break,breaks,breaks,doesn't break,doesn't break,1,3195.099999964237,1324.5,
A21Y7K669KM1PR,minimal,The empty bottle is on the table. Ali fills the sink. The bottle is BLANK.,f20343fe-adbf-5f1f-984e-58ee5b7c2b91,dry,wet,wet,dry,dry,1,2832.100000023842,1056.100000023842,
A21Y7K669KM1PR,minimal,The mirror is on the table. Ali bumps the lamp. The mirror BLANK.,cc6308c4-fe93-592d-bd7c-c3c3495dfb04,doesn't break,breaks,doesn't break,breaks,doesn't break,1,2216.599999964237,1252.4000000357628,
A21Y7K669KM1PR,minimal,The empty pot is on the table. Ali knocks the pot over. The table is BLANK.,3bc3df7d-a91c-5999-8bb6-788efd21d35e,dry,wet,dry,wet,wet,0,2789.5,2424.0,
A21Y7K669KM1PR,minimal,The rice is on the table. Ali turns on the stove. The rice gets BLANK.,ff215e3b-d72f-5802-b7c5-e74b4bbbdb7c,colder,warmer,warmer,colder,colder,1,2852.600000023842,1045.9000000357628,
A2UF2FRGVW4T89,minimal,The vase is North of Ali. Ali turns around. The vase is BLANK Ali.,a3aa7fe8-9da6-5cc8-8664-c4fd06944bd2,North of,South of,North of,South of,North of,1,8023.40000000596,4271.399999976158,
A2UF2FRGVW4T89,minimal,The dog is North of Ali. Ali turns around. The dog is BLANK Ali.,51f91196-934d-5ef1-b798-f0d70fe6a0c2,North of,South of,North of,South of,South of,0,431.90000000596046,12144.20000001788,
A2UF2FRGVW4T89,minimal,The plate is on the table. Ali bumps the lamp. The plate BLANK.,aaa1f7f2-1b97-5138-9daa-38fb1bd7bc25,doesn't break,breaks,breaks,doesn't break,breaks,0,759.5,9055.80000001192,
A2UF2FRGVW4T89,minimal,The empty jug is on the table. Ali fills the sink. The jug is BLANK.,654f6276-9e9e-52c2-867d-b66c3aa70976,dry,wet,wet,dry,dry,1,687.8000000119209,6384.0,
A2UF2FRGVW4T89,minimal,The empty cup is on the table. Ali knocks the cup over. The table is BLANK.,e6aecef6-eb29-5c41-a462-92c423095047,dry,wet,dry,wet,wet,0,1335.4000000059605,5759.799999982119,
A2UF2FRGVW4T89,minimal,The painting is North of Ali. Ali turns around. The painting is BLANK Ali.,64e3f33d-f1bb-5469-960d-6b974ada7e0a,North of,South of,South of,North of,North of,1,703.5,17056.19999998808,
A2UF2FRGVW4T89,minimal,The sauce is on the table. Ali turns on the stove. The sauce gets BLANK.,7ba8e937-510d-512c-ac3a-9877388c0eec,colder,warmer,colder,warmer,warmer,0,559.6999999880791,6479.700000017881,
A2UF2FRGVW4T89,minimal,The laptop is on the floor. Ali bumps the table. The laptop BLANK.,88059c09-088b-5009-bafd-b7e931442077,doesn't break,breaks,doesn't break,breaks,breaks,0,583.9000000059605,5495.9000000059605,
A2UF2FRGVW4T89,minimal,The tea is on the table. Ali turns on the stove. The tea gets BLANK.,f4d79629-266b-5267-8ea1-847001b48e5a,colder,warmer,warmer,colder,warmer,0,863.5,4992.299999982119,
A2UF2FRGVW4T89,minimal,The empty carton is on the table. Ali knocks the carton over. The table is BLANK.,6bb50e85-6ac5-52a5-b623-32e416664177,dry,wet,dry,wet,wet,0,487.6999999880791,6719.9000000059605,
A2UF2FRGVW4T89,minimal,The plate is on the floor. Ali bumps the table. The plate BLANK.,746aa902-d880-5b36-add1-a3457a31beb3,doesn't break,breaks,doesn't break,breaks,breaks,0,855.6999999880791,17584.09999999404,
A2UF2FRGVW4T89,minimal,The empty pitcher is on the table. Ali fills the sink. The pitcher is BLANK.,ee9b763e-9f9e-59f8-9bc5-1c6e2075abae,dry,wet,dry,wet,dry,1,21639.89999997616,1927.4000000059605,
A2UF2FRGVW4T89,minimal,The mug is on the table. Ali bumps the lamp. The mug BLANK.,81e84bb2-9f95-5bbd-bbe3-af94794b6123,doesn't break,breaks,breaks,doesn't break,breaks,0,847.5999999940395,12824.0,
A20AJJVYCRN9GQ,minimal,The man is North of Ali. Ali turns around. The man is BLANK Ali.,42f4e9ba-3d9f-52aa-aa48-aaf77bdffda2,North of,South of,South of,North of,North of,1,594.0,8574.0,
A20AJJVYCRN9GQ,minimal,The ocean is North of Ali. Ali turns around. The ocean is BLANK Ali.,8e94a295-1159-50a9-9ebf-d12558060a5d,North of,South of,South of,North of,North of,1,745.0,652.0,
A20AJJVYCRN9GQ,minimal,The empty mug is on the table. Ali fills the sink. The mug is BLANK.,36794563-6ac8-5075-8df5-b2ecbd8f8c8b,dry,wet,dry,wet,wet,0,226.0,373.0,
A20AJJVYCRN9GQ,minimal,The glass is on the floor. Ali bumps the table. The glass BLANK.,2a5f6d9c-8b03-5fe5-8a19-87971947d204,doesn't break,breaks,doesn't break,breaks,breaks,0,172.0,1720.0,
A20AJJVYCRN9GQ,minimal,The mug is on the floor. Ali bumps the table. The mug BLANK.,af3ddb77-e0ef-5dc6-a71f-322ffe4f1f53,doesn't break,breaks,doesn't break,breaks,doesn't break,1,294.0,1107.0,
A20AJJVYCRN9GQ,minimal,The empty vase is on the table. Ali fills the sink. The vase is BLANK.,608b5972-0b7e-5142-995f-b84143ea7b33,dry,wet,wet,dry,dry,1,275.0,213.0,
A20AJJVYCRN9GQ,minimal,The empty can is on the table. Ali knocks the can over. The table is BLANK.,7b0ff26b-5f65-57c0-b1e1-7dac2ab25032,dry,wet,dry,wet,dry,1,110.0,744.0,
A20AJJVYCRN9GQ,minimal,The broth is on the table. Ali turns on the stove. The broth gets BLANK.,304f867c-d22c-5f80-8b58-04c39ecc54c7,colder,warmer,colder,warmer,colder,1,995.0,2296.0,
A20AJJVYCRN9GQ,minimal,The jar is on the table. Ali bumps the lamp. The jar BLANK.,ca149acc-4333-5d4e-9b73-b3954089e0b3,doesn't break,breaks,breaks,doesn't break,doesn't break,1,179.0,308.0,
A20AJJVYCRN9GQ,minimal,The empty thermos is on the table. Ali knocks the thermos over. The table is BLANK.,504496f0-2b75-5a26-8866-95cbb113f5a4,dry,wet,dry,wet,wet,0,144.0,680.0,
A20AJJVYCRN9GQ,minimal,The bottle is on the table. Ali bumps the lamp. The bottle BLANK.,8e5290bc-3ba2-56b3-b1c5-33531c9a12ae,doesn't break,breaks,breaks,doesn't break,breaks,0,1085.0,750.0,
A20AJJVYCRN9GQ,minimal,The clock is on the floor. Ali bumps the table. The clock BLANK.,581ab406-6472-5213-8fa5-924e54aadbbb,doesn't break,breaks,doesn't break,breaks,breaks,0,309.0,296.0,
A20AJJVYCRN9GQ,minimal,The coffee is on the table. Ali turns on the stove. The coffee gets BLANK.,aad29bfa-c5cb-5d6a-9c3f-296137723195,colder,warmer,warmer,colder,colder,1,642.0,403.0,
A20AJJVYCRN9GQ,minimal,The empty mug is on the table. Ali fills the sink. The mug is BLANK.,36794563-6ac8-5075-8df5-b2ecbd8f8c8b,dry,wet,wet,dry,wet,0,1117.0,15820.0,
A20AJJVYCRN9GQ,minimal,The empty mug is on the table. Ali fills the sink. The mug is BLANK.,36794563-6ac8-5075-8df5-b2ecbd8f8c8b,dry,wet,,,wet,-1,,,it put in the sink
A20AJJVYCRN9GQ,minimal,The glass is on the floor. Ali bumps the table. The glass BLANK.,2a5f6d9c-8b03-5fe5-8a19-87971947d204,doesn't break,breaks,doesn't break,breaks,doesn't break,1,1372.0,13910.0,
A20AJJVYCRN9GQ,minimal,The glass is on the floor. Ali bumps the table. The glass BLANK.,2a5f6d9c-8b03-5fe5-8a19-87971947d204,doesn't break,breaks,,,doesn't break,-1,,,he is pump the table
A20AJJVYCRN9GQ,minimal,The mug is on the floor. Ali bumps the table. The mug BLANK.,af3ddb77-e0ef-5dc6-a71f-322ffe4f1f53,doesn't break,breaks,doesn't break,breaks,doesn't break,1,2076.0,8156.0,
A20AJJVYCRN9GQ,minimal,The mug is on the floor. Ali bumps the table. The mug BLANK.,af3ddb77-e0ef-5dc6-a71f-322ffe4f1f53,doesn't break,breaks,,,doesn't break,-1,,,he bumps the table
A20AJJVYCRN9GQ,minimal,The jar is on the table. Ali bumps the lamp. The jar BLANK.,ca149acc-4333-5d4e-9b73-b3954089e0b3,doesn't break,breaks,breaks,doesn't break,doesn't break,1,1080.0,5921.0,
A20AJJVYCRN9GQ,minimal,The jar is on the table. Ali bumps the lamp. The jar BLANK.,ca149acc-4333-5d4e-9b73-b3954089e0b3,doesn't break,breaks,,,doesn't break,-1,,,bumps the lamp
A20AJJVYCRN9GQ,minimal,The empty thermos is on the table. Ali knocks the thermos over. The table is BLANK.,504496f0-2b75-5a26-8866-95cbb113f5a4,dry,wet,dry,wet,dry,1,1304.0,13723.0,
A20AJJVYCRN9GQ,minimal,The empty thermos is on the table. Ali knocks the thermos over. The table is BLANK.,504496f0-2b75-5a26-8866-95cbb113f5a4,dry,wet,,,dry,-1,,,knocks
A20AJJVYCRN9GQ,minimal,The bottle is on the table. Ali bumps the lamp. The bottle BLANK.,8e5290bc-3ba2-56b3-b1c5-33531c9a12ae,doesn't break,breaks,doesn't break,breaks,doesn't break,1,1358.0,2617.0,
A20AJJVYCRN9GQ,minimal,The bottle is on the table. Ali bumps the lamp. The bottle BLANK.,8e5290bc-3ba2-56b3-b1c5-33531c9a12ae,doesn't break,breaks,,,doesn't break,-1,,,bumps the table
A20AJJVYCRN9GQ,minimal,The clock is on the floor. Ali bumps the table. The clock BLANK.,581ab406-6472-5213-8fa5-924e54aadbbb,doesn't break,breaks,breaks,doesn't break,doesn't break,1,72055.0,9349.0,
A20AJJVYCRN9GQ,minimal,The clock is on the floor. Ali bumps the table. The clock BLANK.,581ab406-6472-5213-8fa5-924e54aadbbb,doesn't break,breaks,,,doesn't break,-1,,,bumps the table
A2WC99P2MCT85P,minimal,The chili is on the table. Ali turns on the stove. The chili gets BLANK.,688b9409-948b-5506-a5bd-8f72bd8f0cdd,colder,warmer,colder,warmer,warmer,0,952.0,6950.0,
A2WC99P2MCT85P,minimal,The ornament is on the table. Ali bumps the lamp. The ornament BLANK.,95cf280f-0045-5691-9286-ca2825f711f3,doesn't break,breaks,doesn't break,breaks,breaks,0,550.0,6829.0,
A2WC99P2MCT85P,minimal,The sculpture is on the floor. Ali bumps the table. The sculpture BLANK.,6837d037-fd89-5325-945f-ec953cdaf8fc,doesn't break,breaks,doesn't break,breaks,breaks,0,339.0,7991.0,
A2WC99P2MCT85P,minimal,The empty pitcher is on the table. Ali knocks the pitcher over. The table is BLANK.,ce777ad4-6e7f-5a27-bd97-42231b86b999,dry,wet,dry,wet,dry,1,321.0,8495.0,
A2WC99P2MCT85P,minimal,The empty jar is on the table. Ali knocks the jar over. The table is BLANK.,d0c6d46f-fa2f-5c0a-93d2-5ebf343adfef,dry,wet,dry,wet,dry,1,4554.0,1166.0,
A2WC99P2MCT85P,minimal,The lamp is on the floor. Ali bumps the table. The lamp BLANK.,730042f0-d8b0-5c6c-8bf7-410416a84eb5,doesn't break,breaks,doesn't break,breaks,doesn't break,1,336.0000000000291,8625.99999999997,
A2WC99P2MCT85P,minimal,The house is North of Ali. Ali turns around. The house is BLANK Ali.,168b3f9d-5c7e-5e03-948e-a8b96b9e08a7,North of,South of,North of,South of,South of,0,5141.0,6176.0,
A2WC99P2MCT85P,minimal,The empty flask is on the table. Ali fills the sink. The flask is BLANK.,9727b31c-2a14-5db5-9980-0074c623524f,dry,wet,dry,wet,dry,1,405.0,10363.0,
A2WC99P2MCT85P,minimal,The gumbo is on the table. Ali turns on the stove. The gumbo gets BLANK.,052dddd5-a2cf-5e97-90ed-7e2d2e91f62e,colder,warmer,colder,warmer,warmer,0,5003.999999999942,3685.0,
A232YUK4LBHWN5,minimal,The empty jug is on the table. Ali knocks the jug over. The table is BLANK.,2fc6d99a-038d-5235-bc08-f350777f4e86,dry,wet,wet,dry,dry,1,549.9000000953674,9072.100000143051,
A232YUK4LBHWN5,minimal,The fish is on the table. Ali turns on the stove. The fish gets BLANK.,4ec9870c-0c7d-5611-b076-993ce15358f1,colder,warmer,colder,warmer,colder,1,830.6000001430511,6583.800000190735,
A232YUK4LBHWN5,minimal,The television is on the floor. Ali bumps the table. The television BLANK.,4e7ee80f-f119-5b6d-82df-ba4d4ad03735,doesn't break,breaks,breaks,doesn't break,doesn't break,1,1774.6000001430511,4368.200000047684,
A232YUK4LBHWN5,minimal,The empty thermos is on the table. Ali fills the sink. The thermos is BLANK.,ca1d2738-b7ef-5748-bc41-00d7b201a41c,dry,wet,wet,dry,dry,1,2215.4000000953674,5504.399999856949,
A232YUK4LBHWN5,minimal,The mirror is on the floor. Ali bumps the table. The mirror BLANK.,c476f558-1f2e-503e-90a0-b300840ca6e1,doesn't break,breaks,doesn't break,breaks,doesn't break,1,998.2999999523164,3848.0,
A232YUK4LBHWN5,minimal,The clock is on the table. Ali bumps the lamp. The clock BLANK.,cb7a432a-c5db-586f-98f9-422792efd822,doesn't break,breaks,doesn't break,breaks,doesn't break,1,790.5,4079.900000095368,
A232YUK4LBHWN5,minimal,The steak is on the table. Ali turns on the stove. The steak gets BLANK.,403f4fa5-5200-5d22-9f1b-6e2c2edf755c,colder,warmer,colder,warmer,colder,1,1190.0,2591.7999999523163,
A232YUK4LBHWN5,minimal,The empty tub is on the table. Ali fills the sink. The tub is BLANK.,cc2cb203-9a96-586b-9727-0a8212155c43,dry,wet,dry,wet,dry,1,815.2999999523163,5400.099999904633,
A232YUK4LBHWN5,minimal,The whiteboard is North of Ali. Ali turns around. The whiteboard is BLANK Ali.,a375252e-8be0-5a31-8826-ab7a09baa72d,North of,South of,South of,North of,North of,1,807.2000000476837,5328.299999952316,
A232YUK4LBHWN5,minimal,The street is North of Ali. Ali turns around. The street is BLANK Ali.,51679ab6-e072-51aa-920a-095c3ab09319,North of,South of,North of,South of,North of,1,871.1999998092651,2175.899999856949,
A232YUK4LBHWN5,minimal,The empty vase is on the table. Ali knocks the vase over. The table is BLANK.,c79d12ce-733d-590c-bf09-4db1c50645ce,dry,wet,dry,wet,dry,1,607.1999998092651,9543.199999809263,
A232YUK4LBHWN5,minimal,The sculpture is on the table. Ali bumps the lamp. The sculpture BLANK.,8f5095bc-b58d-59fb-94fa-7c121e14b746,doesn't break,breaks,breaks,doesn't break,doesn't break,1,766.7999999523163,6864.299999952316,
A2S6QOCFC3EAYH,minimal,The house is North of Ali. Ali turns around. The house is BLANK Ali.,168b3f9d-5c7e-5e03-948e-a8b96b9e08a7,North of,South of,South of,North of,South of,0,3942.7999999998137,1030.7000000001865,
A2S6QOCFC3EAYH,minimal,The empty pitcher is on the table. Ali knocks the pitcher over. The table is BLANK.,ce777ad4-6e7f-5a27-bd97-42231b86b999,dry,wet,wet,dry,wet,0,3963.599999999628,991.7999999998136,
A2S6QOCFC3EAYH,minimal,The lamp is on the floor. Ali bumps the table. The lamp BLANK.,730042f0-d8b0-5c6c-8bf7-410416a84eb5,doesn't break,breaks,doesn't break,breaks,breaks,0,2964.2000000001863,1753.7000000001865,
A2S6QOCFC3EAYH,minimal,The gumbo is on the table. Ali turns on the stove. The gumbo gets BLANK.,052dddd5-a2cf-5e97-90ed-7e2d2e91f62e,colder,warmer,colder,warmer,warmer,0,3157.9000000003725,1339.5,
A2S6QOCFC3EAYH,minimal,The mountain is North of Ali. Ali turns around. The mountain is BLANK Ali.,cbe70172-4bc2-5518-ae97-53e795d58f6a,North of,South of,North of,South of,North of,1,4949.0,8491.299999999814,
A2S6QOCFC3EAYH,minimal,The empty jar is on the table. Ali knocks the jar over. The table is BLANK.,d0c6d46f-fa2f-5c0a-93d2-5ebf343adfef,dry,wet,dry,wet,dry,1,3395.7000000001863,4571.600000000559,
A2S6QOCFC3EAYH,minimal,The chili is on the table. Ali turns on the stove. The chili gets BLANK.,688b9409-948b-5506-a5bd-8f72bd8f0cdd,colder,warmer,colder,warmer,warmer,0,3830.7999999998137,1629.7999999998135,
A2S6QOCFC3EAYH,minimal,The tablet is on the table. Ali bumps the lamp. The tablet BLANK.,1859f2b1-26a2-5a64-959f-fab9926dbb6d,doesn't break,breaks,doesn't break,breaks,doesn't break,1,3487.0,8881.599999999627,
ACY3ZOOZMVS7Y,minimal,The jar is on the floor. Ali bumps the table. The jar BLANK.,272fb3b8-f899-5ff0-ae86-55a1cddaa8e6,doesn't break,breaks,breaks,doesn't break,doesn't break,1,2822.2999999523163,5087.799999952316,
ACY3ZOOZMVS7Y,minimal,The empty bowl is on the table. Ali fills the sink. The bowl is BLANK.,b53176cd-e250-5a59-b3be-ceaba45ea634,dry,wet,wet,dry,dry,1,6318.599999904633,1542.0999999046326,
ACY3ZOOZMVS7Y,minimal,The cup is on the table. Ali bumps the lamp. The cup BLANK.,e9a925cf-de07-55f7-8ab3-9f28791b3728,doesn't break,breaks,doesn't break,breaks,breaks,0,2914.0,1126.5,
ACY3ZOOZMVS7Y,minimal,The television is on the table. Ali bumps the lamp. The television BLANK.,60833207-b675-5f32-ab67-85a791ce814f,doesn't break,breaks,doesn't break,breaks,doesn't break,1,3911.699999809265,1221.3999998569489,
ACY3ZOOZMVS7Y,minimal,The empty teapot is on the table. Ali knocks the teapot over. The table is BLANK.,35b3312e-b7e0-59b8-933b-ec0336ad5162,dry,wet,wet,dry,dry,1,3271.0,2178.0,
ACY3ZOOZMVS7Y,minimal,The museum is North of Ali. Ali turns around. The museum is BLANK Ali.,11d7dec7-34c3-5381-80c8-460155badd74,North of,South of,South of,North of,North of,1,5169.199999809265,2607.7999999523163,
ACY3ZOOZMVS7Y,minimal,The empty box is on the table. Ali fills the sink. The box is BLANK.,58b88005-7f83-54dc-8994-ba230c248673,dry,wet,dry,wet,dry,1,1838.900000095368,2854.099999904633,
ACY3ZOOZMVS7Y,minimal,The empty wineglass is on the table. Ali knocks the wineglass over. The table is BLANK.,dfb0bf34-70f6-5390-b055-469ef8e6506c,dry,wet,wet,dry,dry,1,3635.900000095368,1064.7999999523165,
ACY3ZOOZMVS7Y,minimal,The pasta is on the table. Ali turns on the stove. The pasta gets BLANK.,a74a9014-1030-5c5d-b1d0-43ada1ff9c9d,colder,warmer,colder,warmer,colder,1,2895.200000047684,4631.200000047684,
ACY3ZOOZMVS7Y,minimal,The water is on the table. Ali turns on the stove. The water gets BLANK.,d363d97e-3c05-5ea9-b0af-4bfba2258626,colder,warmer,warmer,colder,warmer,0,2475.5,796.5,
ACY3ZOOZMVS7Y,minimal,The tree is North of Ali. Ali turns around. The tree is BLANK Ali.,f8a90dad-f837-555e-beb1-3a5da5eb35ef,North of,South of,North of,South of,South of,0,10298.199999809263,897.0,
ACY3ZOOZMVS7Y,minimal,The cup is on the floor. Ali bumps the table. The cup BLANK.,852b0651-2c81-5807-ba4a-d3f2a56a5e5d,doesn't break,breaks,breaks,doesn't break,breaks,0,1889.7999999523165,998.9000000953674,
A2VGEE0ZIZ8CBQ,minimal,The gumbo is on the table. Ali turns on the stove. The gumbo gets BLANK.,052dddd5-a2cf-5e97-90ed-7e2d2e91f62e,colder,warmer,warmer,colder,warmer,0,4991.10000000149,1764.5,
A2VGEE0ZIZ8CBQ,minimal,The emtpy can is on the table. Ali fills the sink. The can is BLANK.,23582299-2316-5e9e-a72f-ef1038bc4df3,dry,wet,dry,wet,dry,1,5769.89999999851,4276.0,
A2VGEE0ZIZ8CBQ,minimal,The chili is on the table. Ali turns on the stove. The chili gets BLANK.,688b9409-948b-5506-a5bd-8f72bd8f0cdd,colder,warmer,warmer,colder,colder,1,629.1999999955297,6323.39999999851,
A2VGEE0ZIZ8CBQ,minimal,The tablet is on the table. Ali bumps the lamp. The tablet BLANK.,1859f2b1-26a2-5a64-959f-fab9926dbb6d,doesn't break,breaks,breaks,doesn't break,doesn't break,1,3272.0,1357.6999999955297,
A2VGEE0ZIZ8CBQ,minimal,The house is North of Ali. Ali turns around. The house is BLANK Ali.,168b3f9d-5c7e-5e03-948e-a8b96b9e08a7,North of,South of,South of,North of,South of,0,4453.89999999851,988.4000000059604,
A2VGEE0ZIZ8CBQ,minimal,The mountain is North of Ali. Ali turns around. The mountain is BLANK Ali.,cbe70172-4bc2-5518-ae97-53e795d58f6a,North of,South of,North of,South of,South of,0,6175.29999999702,1065.1999999955297,
A2VGEE0ZIZ8CBQ,minimal,The lamp is on the floor. Ali bumps the table. The lamp BLANK.,730042f0-d8b0-5c6c-8bf7-410416a84eb5,doesn't break,breaks,breaks,doesn't break,doesn't break,1,15835.5,1965.20000000298,
A2VGEE0ZIZ8CBQ,minimal,The ornament is on the table. Ali bumps the lamp. The ornament BLANK.,95cf280f-0045-5691-9286-ca2825f711f3,doesn't break,breaks,doesn't break,breaks,breaks,0,6161.60000000149,328.79999999701977,
A2VGEE0ZIZ8CBQ,minimal,The empty jar is on the table. Ali knocks the jar over. The table is BLANK.,d0c6d46f-fa2f-5c0a-93d2-5ebf343adfef,dry,wet,wet,dry,dry,1,448.0,5796.10000000149,
A2VGEE0ZIZ8CBQ,minimal,The empty pitcher is on the table. Ali knocks the pitcher over. The table is BLANK.,ce777ad4-6e7f-5a27-bd97-42231b86b999,dry,wet,wet,dry,wet,0,634.5,7471.0,
A2VGEE0ZIZ8CBQ,minimal,The sculpture is on the floor. Ali bumps the table. The sculpture BLANK.,6837d037-fd89-5325-945f-ec953cdaf8fc,doesn't break,breaks,doesn't break,breaks,doesn't break,1,16888.90000000596,1135.8000000044703,
A2VGEE0ZIZ8CBQ,minimal,The empty flask is on the table. Ali fills the sink. The flask is BLANK.,9727b31c-2a14-5db5-9980-0074c623524f,dry,wet,dry,wet,dry,1,1900.70000000298,3926.6999999955297,
A9J48W1C9IZAI,minimal,The whiteboard is North of Ali. Ali turns around. The whiteboard is BLANK Ali.,a375252e-8be0-5a31-8826-ab7a09baa72d,North of,South of,South of,North of,South of,0,1253.0,321.0000000000073,
A9J48W1C9IZAI,minimal,The steak is on the table. Ali turns on the stove. The steak gets BLANK.,403f4fa5-5200-5d22-9f1b-6e2c2edf755c,colder,warmer,warmer,colder,colder,1,3561.0,3175.9999999999927,
A9J48W1C9IZAI,minimal,The mirror is on the floor. Ali bumps the table. The mirror BLANK.,c476f558-1f2e-503e-90a0-b300840ca6e1,doesn't break,breaks,doesn't break,breaks,breaks,0,3002.0,2140.0,
A9J48W1C9IZAI,minimal,The sculpture is on the table. Ali bumps the lamp. The sculpture BLANK.,8f5095bc-b58d-59fb-94fa-7c121e14b746,doesn't break,breaks,doesn't break,breaks,breaks,0,4311.000000000015,1060.0,
A9J48W1C9IZAI,minimal,The television is on the floor. Ali bumps the table. The television BLANK.,4e7ee80f-f119-5b6d-82df-ba4d4ad03735,doesn't break,breaks,doesn't break,breaks,doesn't break,1,2676.999999999985,698.0,
A9J48W1C9IZAI,minimal,The clock is on the table. Ali bumps the lamp. The clock BLANK.,cb7a432a-c5db-586f-98f9-422792efd822,doesn't break,breaks,breaks,doesn't break,breaks,0,3053.999999999985,1779.0,
A9J48W1C9IZAI,minimal,The empty thermos is on the table. Ali fills the sink. The thermos is BLANK.,ca1d2738-b7ef-5748-bc41-00d7b201a41c,dry,wet,wet,dry,wet,0,4455.0,2648.0,
A9J48W1C9IZAI,minimal,The fish is on the table. Ali turns on the stove. The fish gets BLANK.,4ec9870c-0c7d-5611-b076-993ce15358f1,colder,warmer,warmer,colder,colder,1,2004.0,5233.999999999971,
A9J48W1C9IZAI,minimal,The empty vase is on the table. Ali knocks the vase over. The table is BLANK.,c79d12ce-733d-590c-bf09-4db1c50645ce,dry,wet,dry,wet,wet,0,2550.0,4472.0,
A9J48W1C9IZAI,minimal,The empty tub is on the table. Ali fills the sink. The tub is BLANK.,cc2cb203-9a96-586b-9727-0a8212155c43,dry,wet,wet,dry,dry,1,3270.0,4009.0,
A9J48W1C9IZAI,minimal,The street is North of Ali. Ali turns around. The street is BLANK Ali.,51679ab6-e072-51aa-920a-095c3ab09319,North of,South of,South of,North of,North of,1,2151.999999999971,455.0,
A9J48W1C9IZAI,minimal,The empty jug is on the table. Ali knocks the jug over. The table is BLANK.,2fc6d99a-038d-5235-bc08-f350777f4e86,dry,wet,wet,dry,dry,1,4399.0,585.0,
A2VE5IV9OD2SK1,minimal,The television is on the floor. Ali bumps the table. The television BLANK.,4e7ee80f-f119-5b6d-82df-ba4d4ad03735,doesn't break,breaks,breaks,doesn't break,doesn't break,1,5822.0,4567.399999856949,
A2VE5IV9OD2SK1,minimal,The empty tub is on the table. Ali fills the sink. The tub is BLANK.,cc2cb203-9a96-586b-9727-0a8212155c43,dry,wet,dry,wet,dry,1,7660.0,4567.899999856949,
A2VE5IV9OD2SK1,minimal,The mirror is on the floor. Ali bumps the table. The mirror BLANK.,c476f558-1f2e-503e-90a0-b300840ca6e1,doesn't break,breaks,breaks,doesn't break,doesn't break,1,7975.300000190735,2022.199999809265,
A2VE5IV9OD2SK1,minimal,The empty vase is on the table. Ali knocks the vase over. The table is BLANK.,c79d12ce-733d-590c-bf09-4db1c50645ce,dry,wet,dry,wet,dry,1,3700.900000095368,9955.200000047684,
A2VE5IV9OD2SK1,minimal,The street is North of Ali. Ali turns around. The street is BLANK Ali.,51679ab6-e072-51aa-920a-095c3ab09319,North of,South of,North of,South of,North of,1,8648.200000047684,1795.7999999523165,
A2VE5IV9OD2SK1,minimal,The sculpture is on the table. Ali bumps the lamp. The sculpture BLANK.,8f5095bc-b58d-59fb-94fa-7c121e14b746,doesn't break,breaks,doesn't break,breaks,doesn't break,1,4256.899999856949,1515.1000001430511,
A2VE5IV9OD2SK1,minimal,The clock is on the table. Ali bumps the lamp. The clock BLANK.,cb7a432a-c5db-586f-98f9-422792efd822,doesn't break,breaks,doesn't break,breaks,doesn't break,1,5499.599999904633,1558.4000000953674,
A2VE5IV9OD2SK1,minimal,The fish is on the table. Ali turns on the stove. The fish gets BLANK.,4ec9870c-0c7d-5611-b076-993ce15358f1,colder,warmer,colder,warmer,colder,1,11738.799999952316,3953.399999856949,
A2VE5IV9OD2SK1,minimal,The empty jug is on the table. Ali knocks the jug over. The table is BLANK.,2fc6d99a-038d-5235-bc08-f350777f4e86,dry,wet,wet,dry,dry,1,4378.0,5243.600000143051,
A2VE5IV9OD2SK1,minimal,The empty thermos is on the table. Ali fills the sink. The thermos is BLANK.,ca1d2738-b7ef-5748-bc41-00d7b201a41c,dry,wet,dry,wet,dry,1,3907.299999952316,3000.599999904633,
A2VE5IV9OD2SK1,minimal,The steak is on the table. Ali turns on the stove. The steak gets BLANK.,403f4fa5-5200-5d22-9f1b-6e2c2edf755c,colder,warmer,colder,warmer,colder,1,4413.299999952316,1312.6999998092651,
A2VE5IV9OD2SK1,minimal,The whiteboard is North of Ali. Ali turns around. The whiteboard is BLANK Ali.,a375252e-8be0-5a31-8826-ab7a09baa72d,North of,South of,North of,South of,North of,1,7183.599999904633,1058.6000001430511,
A2VE5IV9OD2SK1,minimal,The empty vase is on the table. Ali knocks the vase over. The table is BLANK.,c79d12ce-733d-590c-bf09-4db1c50645ce,dry,wet,wet,dry,dry,1,6063.0,1453.2000000476835,
A2VE5IV9OD2SK1,minimal,The empty vase is on the table. Ali knocks the vase over. The table is BLANK.,c79d12ce-733d-590c-bf09-4db1c50645ce,dry,wet,,,dry,-1,,,"If there's nothing in the vase, there's nothing to spill."
A2VE5IV9OD2SK1,minimal,The street is North of Ali. Ali turns around. The street is BLANK Ali.,51679ab6-e072-51aa-920a-095c3ab09319,North of,South of,North of,South of,North of,1,1146.2999999523165,3757.5,
A2VE5IV9OD2SK1,minimal,The street is North of Ali. Ali turns around. The street is BLANK Ali.,51679ab6-e072-51aa-920a-095c3ab09319,North of,South of,,,North of,-1,,,
A2W1C5PDHUF25O,minimal,The glass is on the table. Ali bumps the lamp. The glass BLANK.,4c8e019f-3f91-5c88-bdea-d68026fd0446,doesn't break,breaks,breaks,doesn't break,breaks,0,431.6999999880791,7151.899999976158,
A2W1C5PDHUF25O,minimal,The vase is on the table. Ali bumps the lamp. The vase BLANK.,2f76e57c-aad0-59fa-99e3-ad747c8c14d1,doesn't break,breaks,doesn't break,breaks,doesn't break,1,5672.400000035763,3871.399999976158,
A2W1C5PDHUF25O,minimal,The empty glass is on the table. Ali knocks the glass over. The table is BLANK.,03be173e-02aa-5a79-968a-ce8ea00117d3,dry,wet,dry,wet,wet,0,5495.5,6338.200000047684,
A2W1C5PDHUF25O,minimal,The glass is on the floor. Ali bumps the table. The glass BLANK.,2a5f6d9c-8b03-5fe5-8a19-87971947d204,doesn't break,breaks,doesn't break,breaks,doesn't break,1,5393.300000011921,3398.2999999523163,
A2W1C5PDHUF25O,minimal,The painting is North of Ali. Ali turns around. The painting is BLANK Ali.,64e3f33d-f1bb-5469-960d-6b974ada7e0a,North of,South of,South of,North of,South of,0,5864.5,735.7999999523163,
A2W1C5PDHUF25O,minimal,The empty cup is on the table. Ali fills the sink. The cup is BLANK.,01ab1e92-2477-582f-a9a9-917cb2a0983b,dry,wet,wet,dry,wet,0,5616.599999964237,1615.5,
A2W1C5PDHUF25O,minimal,The empty glass is on the table. Ali knocks the glass over. The table is BLANK.,03be173e-02aa-5a79-968a-ce8ea00117d3,dry,wet,dry,wet,wet,0,4838.900000035763,4296.800000011921,
A2W1C5PDHUF25O,minimal,The vase is on the floor. Ali bumps the table. The vase BLANK.,b981d9fe-77c9-531c-afc1-fc37c2d11e04,doesn't break,breaks,breaks,doesn't break,doesn't break,1,5934.399999976158,1920.800000011921,
A2W1C5PDHUF25O,minimal,The soup is on the table. Ali turns on the stove. The soup gets BLANK.,43bffc24-3955-522c-a74b-5fd4b204d283,colder,warmer,warmer,colder,colder,1,6897.199999988079,4774.299999952316,
A2W1C5PDHUF25O,minimal,The statue is North of Ali. Ali turns around. The statue is BLANK Ali.,54f3455a-0981-5b04-b253-5891eb7c16e5,North of,South of,North of,South of,North of,1,13288.799999952316,2294.400000035763,
A2W1C5PDHUF25O,minimal,The empty mug is on the table. Ali knocks the mug over. The table is BLANK.,7f7d49b6-0545-5dd9-9166-80fc48a498e7,dry,wet,wet,dry,dry,1,6072.699999988079,1766.9000000357628,
A2W1C5PDHUF25O,minimal,The porridge is on the table. Ali turns on the stove. The porridge gets BLANK.,2b80b416-13b1-5a5a-9b61-4c40aac5cf9e,colder,warmer,warmer,colder,colder,1,7504.300000011921,1529.399999976158,
A2W1C5PDHUF25O,minimal,The empty glass is on the table. Ali fills the sink. The glass is BLANK.,34ea25b7-8077-5b64-bc1b-17e62828dfb0,dry,wet,wet,dry,dry,1,5405.599999964237,9098.399999976158,
A2W1C5PDHUF25O,minimal,The glass is on the table. Ali bumps the lamp. The glass BLANK.,4c8e019f-3f91-5c88-bdea-d68026fd0446,doesn't break,breaks,breaks,doesn't break,doesn't break,1,9864.899999976158,2207.800000011921,
A2W1C5PDHUF25O,minimal,The glass is on the table. Ali bumps the lamp. The glass BLANK.,4c8e019f-3f91-5c88-bdea-d68026fd0446,doesn't break,breaks,,,doesn't break,-1,,,The prompt doesn't say where the lamp is and even if the bumpi ng into the lamp doesn't mean that the glass breaks.
ADATJMIZE412Z,minimal,The chili is on the table. Ali turns on the stove. The chili gets BLANK.,688b9409-948b-5506-a5bd-8f72bd8f0cdd,colder,warmer,colder,warmer,warmer,0,4926.200000047684,4990.300000190735,
ADATJMIZE412Z,minimal,The empty pitcher is on the table. Ali knocks the pitcher over. The table is BLANK.,ce777ad4-6e7f-5a27-bd97-42231b86b999,dry,wet,dry,wet,dry,1,3158.4000000953674,4576.700000047684,
ADATJMIZE412Z,minimal,The lamp is on the floor. Ali bumps the table. The lamp BLANK.,730042f0-d8b0-5c6c-8bf7-410416a84eb5,doesn't break,breaks,breaks,doesn't break,doesn't break,1,5243.199999809265,5770.799999952316,
ADATJMIZE412Z,minimal,The house is North of Ali. Ali turns around. The house is BLANK Ali.,168b3f9d-5c7e-5e03-948e-a8b96b9e08a7,North of,South of,South of,North of,North of,1,4214.099999904633,6426.799999952316,
ADATJMIZE412Z,minimal,The empty jar is on the table. Ali knocks the jar over. The table is BLANK.,d0c6d46f-fa2f-5c0a-93d2-5ebf343adfef,dry,wet,dry,wet,dry,1,843.7000000476837,5947.700000047684,
ADATJMIZE412Z,minimal,The sculpture is on the floor. Ali bumps the table. The sculpture BLANK.,6837d037-fd89-5325-945f-ec953cdaf8fc,doesn't break,breaks,breaks,doesn't break,doesn't break,1,4351.0,1123.7000000476835,
ADATJMIZE412Z,minimal,The ornament is on the table. Ali bumps the lamp. The ornament BLANK.,95cf280f-0045-5691-9286-ca2825f711f3,doesn't break,breaks,breaks,doesn't break,doesn't break,1,3511.5,5297.400000095367,
ADATJMIZE412Z,minimal,The tablet is on the table. Ali bumps the lamp. The tablet BLANK.,1859f2b1-26a2-5a64-959f-fab9926dbb6d,doesn't break,breaks,doesn't break,breaks,doesn't break,1,3394.9000000953674,1006.1000001430511,
ADATJMIZE412Z,minimal,The emtpy can is on the table. Ali fills the sink. The can is BLANK.,23582299-2316-5e9e-a72f-ef1038bc4df3,dry,wet,dry,wet,dry,1,6039.099999904633,3301.700000047684,
ADATJMIZE412Z,minimal,The empty flask is on the table. Ali fills the sink. The flask is BLANK.,9727b31c-2a14-5db5-9980-0074c623524f,dry,wet,wet,dry,dry,1,6473.799999952316,1675.2000000476835,
ADATJMIZE412Z,minimal,The gumbo is on the table. Ali turns on the stove. The gumbo gets BLANK.,052dddd5-a2cf-5e97-90ed-7e2d2e91f62e,colder,warmer,warmer,colder,colder,1,4648.599999904633,2065.7999999523163,
ADATJMIZE412Z,minimal,The mountain is North of Ali. Ali turns around. The mountain is BLANK Ali.,cbe70172-4bc2-5518-ae97-53e795d58f6a,North of,South of,South of,North of,North of,1,1548.6000001430511,2773.5,
A2WLGVXAVT2XTR,minimal,The steak is on the table. Ali turns on the stove. The steak gets BLANK.,403f4fa5-5200-5d22-9f1b-6e2c2edf755c,colder,warmer,colder,warmer,warmer,0,4941.59999999404,2410.7999999821186,
A2WLGVXAVT2XTR,minimal,The clock is on the table. Ali bumps the lamp. The clock BLANK.,cb7a432a-c5db-586f-98f9-422792efd822,doesn't break,breaks,doesn't break,breaks,doesn't break,1,8555.600000023842,1523.4000000059605,
A2WLGVXAVT2XTR,minimal,The whiteboard is North of Ali. Ali turns around. The whiteboard is BLANK Ali.,a375252e-8be0-5a31-8826-ab7a09baa72d,North of,South of,North of,South of,South of,0,2402.399999976158,2557.2999999821186,
A2WLGVXAVT2XTR,minimal,The empty thermos is on the table. Ali fills the sink. The thermos is BLANK.,ca1d2738-b7ef-5748-bc41-00d7b201a41c,dry,wet,dry,wet,dry,1,5432.699999988079,1296.0,
A2WLGVXAVT2XTR,minimal,The fish is on the table. Ali turns on the stove. The fish gets BLANK.,4ec9870c-0c7d-5611-b076-993ce15358f1,colder,warmer,warmer,colder,warmer,0,4367.4000000059605,1358.5,
A2WLGVXAVT2XTR,minimal,The empty tub is on the table. Ali fills the sink. The tub is BLANK.,cc2cb203-9a96-586b-9727-0a8212155c43,dry,wet,dry,wet,dry,1,5416.9000000059605,1189.0,
A2WLGVXAVT2XTR,minimal,The television is on the floor. Ali bumps the table. The television BLANK.,4e7ee80f-f119-5b6d-82df-ba4d4ad03735,doesn't break,breaks,breaks,doesn't break,doesn't break,1,4723.699999988079,941.600000023842,
A2WLGVXAVT2XTR,minimal,The empty jug is on the table. Ali knocks the jug over. The table is BLANK.,2fc6d99a-038d-5235-bc08-f350777f4e86,dry,wet,wet,dry,dry,1,2529.0,1557.4000000059605,
A2WLGVXAVT2XTR,minimal,The empty vase is on the table. Ali knocks the vase over. The table is BLANK.,c79d12ce-733d-590c-bf09-4db1c50645ce,dry,wet,wet,dry,dry,1,2611.9000000059605,1231.2999999821186,
A2WLGVXAVT2XTR,minimal,The street is North of Ali. Ali turns around. The street is BLANK Ali.,51679ab6-e072-51aa-920a-095c3ab09319,North of,South of,South of,North of,South of,0,4139.800000011921,1440.300000011921,
A2WLGVXAVT2XTR,minimal,The sculpture is on the table. Ali bumps the lamp. The sculpture BLANK.,8f5095bc-b58d-59fb-94fa-7c121e14b746,doesn't break,breaks,doesn't break,breaks,doesn't break,1,3537.4000000059605,865.1999999880791,
A2WLGVXAVT2XTR,minimal,The mirror is on the floor. Ali bumps the table. The mirror BLANK.,c476f558-1f2e-503e-90a0-b300840ca6e1,doesn't break,breaks,breaks,doesn't break,breaks,0,3574.699999988079,862.3999999761581,
AEAN228XSNGY5,minimal,The stew is on the table. Ali turns on the stove. The stew gets BLANK.,03c79cd5-cadc-5704-b773-cdd109719ae3,colder,warmer,colder,warmer,warmer,0,4784.099999904633,1541.5,
AEAN228XSNGY5,minimal,The empty bottle is on the table. Ali knocks the bottle over. The table is BLANK.,f1c8f5cb-5ef5-5bd2-b1ae-37722af5ab13,dry,wet,wet,dry,wet,0,5168.399999856949,1490.2999999523165,
AEAN228XSNGY5,minimal,The pot is on the floor. Ali bumps the table. The pot BLANK.,0318a66a-6207-5568-9d40-200aa1786c0b,doesn't break,breaks,breaks,doesn't break,doesn't break,1,5833.399999856949,1386.1999998092651,
AEAN228XSNGY5,minimal,The empty pot is on the table. Ali knocks the pot over. The table is BLANK.,3bc3df7d-a91c-5999-8bb6-788efd21d35e,dry,wet,dry,wet,dry,1,6494.200000047684,1860.900000095368,
AEAN228XSNGY5,minimal,The phone is on the floor. Ali bumps the table. The phone BLANK.,a0089e09-ecb1-5910-97f4-de47ef22bfcd,doesn't break,breaks,breaks,doesn't break,doesn't break,1,2216.600000143051,1572.5999999046326,
AEAN228XSNGY5,minimal,The mirror is on the table. Ali bumps the lamp. The mirror BLANK.,cc6308c4-fe93-592d-bd7c-c3c3495dfb04,doesn't break,breaks,breaks,doesn't break,breaks,0,6866.299999952316,1784.6000001430511,
AEAN228XSNGY5,minimal,The empty bottle is on the table. Ali fills the sink. The bottle is BLANK.,f20343fe-adbf-5f1f-984e-58ee5b7c2b91,dry,wet,dry,wet,wet,0,2510.5,1599.8000001907349,
AEAN228XSNGY5,minimal,The lake is North of Ali. Ali turns around. The lake is BLANK Ali.,9c900f5c-ba5e-50dd-ad14-ff2e930698e4,North of,South of,South of,North of,South of,0,4179.400000095367,1219.5,
AEAN228XSNGY5,minimal,The empty container is on the table. Ali fills the sink. The container is BLANK.,8e3a22ae-91ba-581e-9943-23bcec0a345d,dry,wet,dry,wet,dry,1,3446.0,531.5,
AEAN228XSNGY5,minimal,The city is North of Ali. Ali turns around. The city is BLANK Ali.,d67a4a6d-bc61-537a-8b65-178cf81511b2,North of,South of,North of,South of,South of,0,2399.599999904633,882.0,
AEAN228XSNGY5,minimal,The phone is on the table. Ali bumps the lamp. The phone BLANK.,2828fd38-836b-534a-a861-283f930b7d39,doesn't break,breaks,breaks,doesn't break,doesn't break,1,2572.0,830.3999998569489,
AEAN228XSNGY5,minimal,The rice is on the table. Ali turns on the stove. The rice gets BLANK.,ff215e3b-d72f-5802-b7c5-e74b4bbbdb7c,colder,warmer,warmer,colder,warmer,0,3724.5,934.0999999046326,
A2X9VV3B0FZKHY,minimal,The empty pitcher is on the table. Ali fills the sink. The pitcher is BLANK.,ee9b763e-9f9e-59f8-9bc5-1c6e2075abae,dry,wet,wet,dry,dry,1,12623.19999999553,6847.20000000298,
A2X9VV3B0FZKHY,minimal,The mug is on the table. Ali bumps the lamp. The mug BLANK.,81e84bb2-9f95-5bbd-bbe3-af94794b6123,doesn't break,breaks,doesn't break,breaks,doesn't break,1,7553.099999994039,2120.70000000298,
A2X9VV3B0FZKHY,minimal,The sauce is on the table. Ali turns on the stove. The sauce gets BLANK.,7ba8e937-510d-512c-ac3a-9877388c0eec,colder,warmer,warmer,colder,colder,1,8952.5,6552.0,
A2X9VV3B0FZKHY,minimal,The vase is North of Ali. Ali turns around. The vase is BLANK Ali.,a3aa7fe8-9da6-5cc8-8664-c4fd06944bd2,North of,South of,North of,South of,North of,1,14494.5,1464.60000000149,
A2X9VV3B0FZKHY,minimal,The empty carton is on the table. Ali knocks the carton over. The table is BLANK.,6bb50e85-6ac5-52a5-b623-32e416664177,dry,wet,dry,wet,dry,1,5397.80000000447,3247.5,
A2X9VV3B0FZKHY,minimal,The painting is North of Ali. Ali turns around. The painting is BLANK Ali.,64e3f33d-f1bb-5469-960d-6b974ada7e0a,North of,South of,North of,South of,North of,1,5862.30000000447,1549.2000000029802,
A2X9VV3B0FZKHY,minimal,The tea is on the table. Ali turns on the stove. The tea gets BLANK.,f4d79629-266b-5267-8ea1-847001b48e5a,colder,warmer,colder,warmer,colder,1,5832.29999999702,1387.7000000029802,
A2X9VV3B0FZKHY,minimal,The plate is on the table. Ali bumps the lamp. The plate BLANK.,aaa1f7f2-1b97-5138-9daa-38fb1bd7bc25,doesn't break,breaks,breaks,doesn't break,doesn't break,1,6861.0,1939.8999999985097,
A2X9VV3B0FZKHY,minimal,The empty jug is on the table. Ali fills the sink. The jug is BLANK.,654f6276-9e9e-52c2-867d-b66c3aa70976,dry,wet,dry,wet,dry,1,5785.69999999553,2263.3000000044703,
A2X9VV3B0FZKHY,minimal,The empty cup is on the table. Ali knocks the cup over. The table is BLANK.,e6aecef6-eb29-5c41-a462-92c423095047,dry,wet,dry,wet,dry,1,5515.79999999702,1279.60000000149,
A2X9VV3B0FZKHY,minimal,The dog is North of Ali. Ali turns around. The dog is BLANK Ali.,51f91196-934d-5ef1-b798-f0d70fe6a0c2,North of,South of,South of,North of,North of,1,5047.5,1592.7000000029802,
A2X9VV3B0FZKHY,minimal,The laptop is on the floor. Ali bumps the table. The laptop BLANK.,88059c09-088b-5009-bafd-b7e931442077,doesn't break,breaks,breaks,doesn't break,doesn't break,1,5796.20000000298,1877.3999999985097,
A2X9VV3B0FZKHY,minimal,The plate is on the floor. Ali bumps the table. The plate BLANK.,746aa902-d880-5b36-add1-a3457a31beb3,doesn't break,breaks,doesn't break,breaks,doesn't break,1,5217.5,1598.39999999851,
AEB0WUDL7N6MS,minimal,The coffee is on the table. Ali turns on the stove. The coffee gets BLANK.,aad29bfa-c5cb-5d6a-9c3f-296137723195,colder,warmer,colder,warmer,warmer,0,4673.000000000007,1395.9999999999927,
AEB0WUDL7N6MS,minimal,The mug is on the floor. Ali bumps the table. The mug BLANK.,af3ddb77-e0ef-5dc6-a71f-322ffe4f1f53,doesn't break,breaks,doesn't break,breaks,breaks,0,3460.999999999985,3252.0,
AEB0WUDL7N6MS,minimal,The empty thermos is on the table. Ali knocks the thermos over. The table is BLANK.,504496f0-2b75-5a26-8866-95cbb113f5a4,dry,wet,dry,wet,wet,0,5365.0,1121.0,
AEB0WUDL7N6MS,minimal,The broth is on the table. Ali turns on the stove. The broth gets BLANK.,304f867c-d22c-5f80-8b58-04c39ecc54c7,colder,warmer,colder,warmer,warmer,0,5223.0,973.0,
AEB0WUDL7N6MS,minimal,The clock is on the floor. Ali bumps the table. The clock BLANK.,581ab406-6472-5213-8fa5-924e54aadbbb,doesn't break,breaks,doesn't break,breaks,doesn't break,1,5340.999999999971,1545.0,
AEB0WUDL7N6MS,minimal,The ocean is North of Ali. Ali turns around. The ocean is BLANK Ali.,8e94a295-1159-50a9-9ebf-d12558060a5d,North of,South of,South of,North of,South of,0,5144.0,906.0,
AEB0WUDL7N6MS,minimal,The empty vase is on the table. Ali fills the sink. The vase is BLANK.,608b5972-0b7e-5142-995f-b84143ea7b33,dry,wet,wet,dry,dry,1,4135.0,1373.0,
AEB0WUDL7N6MS,minimal,The empty can is on the table. Ali knocks the can over. The table is BLANK.,7b0ff26b-5f65-57c0-b1e1-7dac2ab25032,dry,wet,wet,dry,wet,0,5389.999999999971,734.0,
AEB0WUDL7N6MS,minimal,The man is North of Ali. Ali turns around. The man is BLANK Ali.,42f4e9ba-3d9f-52aa-aa48-aaf77bdffda2,North of,South of,South of,North of,South of,0,1059.0,6904.0,
AEB0WUDL7N6MS,minimal,The bottle is on the table. Ali bumps the lamp. The bottle BLANK.,8e5290bc-3ba2-56b3-b1c5-33531c9a12ae,doesn't break,breaks,breaks,doesn't break,doesn't break,1,3796.0,1174.0,
AEB0WUDL7N6MS,minimal,The empty mug is on the table. Ali fills the sink. The mug is BLANK.,36794563-6ac8-5075-8df5-b2ecbd8f8c8b,dry,wet,dry,wet,dry,1,5380.0,1025.0000000000582,
AEB0WUDL7N6MS,minimal,The jar is on the table. Ali bumps the lamp. The jar BLANK.,ca149acc-4333-5d4e-9b73-b3954089e0b3,doesn't break,breaks,doesn't break,breaks,doesn't break,1,3181.000000000058,1485.9999999999418,
AEB0WUDL7N6MS,minimal,The glass is on the floor. Ali bumps the table. The glass BLANK.,2a5f6d9c-8b03-5fe5-8a19-87971947d204,doesn't break,breaks,doesn't break,breaks,doesn't break,1,5087.999999999942,634.9999999999418,
A30N7QXF4W4VCM,minimal,The ornament is on the table. Ali bumps the lamp. The ornament BLANK.,95cf280f-0045-5691-9286-ca2825f711f3,doesn't break,breaks,doesn't break,breaks,breaks,0,1495.8999998569489,2560.599999904633,
A30N7QXF4W4VCM,minimal,The empty flask is on the table. Ali fills the sink. The flask is BLANK.,9727b31c-2a14-5db5-9980-0074c623524f,dry,wet,wet,dry,dry,1,1011.2999999523164,4207.600000143051,
A30N7QXF4W4VCM,minimal,The sculpture is on the floor. Ali bumps the table. The sculpture BLANK.,6837d037-fd89-5325-945f-ec953cdaf8fc,doesn't break,breaks,breaks,doesn't break,breaks,0,896.4000000953674,2279.100000143051,
A30N7QXF4W4VCM,minimal,The lamp is on the floor. Ali bumps the table. The lamp BLANK.,730042f0-d8b0-5c6c-8bf7-410416a84eb5,doesn't break,breaks,doesn't break,breaks,breaks,0,715.8999998569489,1728.5999999046326,
A30N7QXF4W4VCM,minimal,The house is North of Ali. Ali turns around. The house is BLANK Ali.,168b3f9d-5c7e-5e03-948e-a8b96b9e08a7,North of,South of,North of,South of,South of,0,991.5,2999.7999999523163,
A30N7QXF4W4VCM,minimal,The emtpy can is on the table. Ali fills the sink. The can is BLANK.,23582299-2316-5e9e-a72f-ef1038bc4df3,dry,wet,wet,dry,dry,1,2827.5,2939.2999999523163,
A30N7QXF4W4VCM,minimal,The tablet is on the table. Ali bumps the lamp. The tablet BLANK.,1859f2b1-26a2-5a64-959f-fab9926dbb6d,doesn't break,breaks,doesn't break,breaks,doesn't break,1,550.4000000953674,3855.699999809265,
A30N7QXF4W4VCM,minimal,The empty pitcher is on the table. Ali knocks the pitcher over. The table is BLANK.,ce777ad4-6e7f-5a27-bd97-42231b86b999,dry,wet,wet,dry,dry,1,783.5,4007.900000095368,
A30N7QXF4W4VCM,minimal,The chili is on the table. Ali turns on the stove. The chili gets BLANK.,688b9409-948b-5506-a5bd-8f72bd8f0cdd,colder,warmer,warmer,colder,colder,1,710.5999999046326,3727.099999904633,
A30N7QXF4W4VCM,minimal,The empty jar is on the table. Ali knocks the jar over. The table is BLANK.,d0c6d46f-fa2f-5c0a-93d2-5ebf343adfef,dry,wet,dry,wet,dry,1,585.4000000953674,2927.7999999523163,
A30N7QXF4W4VCM,minimal,The mountain is North of Ali. Ali turns around. The mountain is BLANK Ali.,cbe70172-4bc2-5518-ae97-53e795d58f6a,North of,South of,South of,North of,North of,1,423.2000000476837,7061.099999904633,
A30N7QXF4W4VCM,minimal,The gumbo is on the table. Ali turns on the stove. The gumbo gets BLANK.,052dddd5-a2cf-5e97-90ed-7e2d2e91f62e,colder,warmer,warmer,colder,colder,1,720.6000001430511,3424.7999999523163,
AEQT4MJIZFCZ4,minimal,The glass is on the table. Ali bumps the lamp. The glass BLANK.,4c8e019f-3f91-5c88-bdea-d68026fd0446,doesn't break,breaks,breaks,doesn't break,doesn't break,1,903.39999999851,11526.0,
AEQT4MJIZFCZ4,minimal,The glass is on the floor. Ali bumps the table. The glass BLANK.,2a5f6d9c-8b03-5fe5-8a19-87971947d204,doesn't break,breaks,breaks,doesn't break,doesn't break,1,3544.70000000298,1712.39999999851,
AEQT4MJIZFCZ4,minimal,The vase is on the table. Ali bumps the lamp. The vase BLANK.,2f76e57c-aad0-59fa-99e3-ad747c8c14d1,doesn't break,breaks,breaks,doesn't break,doesn't break,1,6094.10000000149,723.0999999940395,
AEQT4MJIZFCZ4,minimal,The porridge is on the table. Ali turns on the stove. The porridge gets BLANK.,2b80b416-13b1-5a5a-9b61-4c40aac5cf9e,colder,warmer,warmer,colder,colder,1,4358.0,2401.79999999702,
AEQT4MJIZFCZ4,minimal,The empty cup is on the table. Ali fills the sink. The cup is BLANK.,01ab1e92-2477-582f-a9a9-917cb2a0983b,dry,wet,dry,wet,dry,1,4616.20000000298,1863.3000000044703,
AEQT4MJIZFCZ4,minimal,The vase is on the floor. Ali bumps the table. The vase BLANK.,b981d9fe-77c9-531c-afc1-fc37c2d11e04,doesn't break,breaks,breaks,doesn't break,doesn't break,1,886.6000000014901,3124.3000000044703,
AEQT4MJIZFCZ4,minimal,The empty glass is on the table. Ali knocks the glass over. The table is BLANK.,03be173e-02aa-5a79-968a-ce8ea00117d3,dry,wet,dry,wet,wet,0,4833.80000000447,3989.0,
AEQT4MJIZFCZ4,minimal,The painting is North of Ali. Ali turns around. The painting is BLANK Ali.,64e3f33d-f1bb-5469-960d-6b974ada7e0a,North of,South of,North of,South of,South of,0,4716.60000000149,10917.30000000447,
AEQT4MJIZFCZ4,minimal,The statue is North of Ali. Ali turns around. The statue is BLANK Ali.,54f3455a-0981-5b04-b253-5891eb7c16e5,North of,South of,North of,South of,North of,1,4647.30000000447,2975.5,
AEQT4MJIZFCZ4,minimal,The soup is on the table. Ali turns on the stove. The soup gets BLANK.,43bffc24-3955-522c-a74b-5fd4b204d283,colder,warmer,colder,warmer,colder,1,891.1000000014901,4673.60000000149,
AEQT4MJIZFCZ4,minimal,The empty glass is on the table. Ali fills the sink. The glass is BLANK.,34ea25b7-8077-5b64-bc1b-17e62828dfb0,dry,wet,wet,dry,dry,1,4050.39999999851,1305.2000000029802,
AEQT4MJIZFCZ4,minimal,The empty mug is on the table. Ali knocks the mug over. The table is BLANK.,7f7d49b6-0545-5dd9-9166-80fc48a498e7,dry,wet,wet,dry,dry,1,5023.69999999553,871.2999999970198,
AEQT4MJIZFCZ4,minimal,The empty glass is on the table. Ali knocks the glass over. The table is BLANK.,03be173e-02aa-5a79-968a-ce8ea00117d3,dry,wet,wet,dry,dry,1,4001.39999999851,1401.5999999940395,
A2ZB6ODYG1RKZ5,minimal,The laptop is on the floor. Ali bumps the table. The laptop BLANK.,88059c09-088b-5009-bafd-b7e931442077,doesn't break,breaks,doesn't break,breaks,doesn't break,1,1423.0,12312.0,
A2ZB6ODYG1RKZ5,minimal,The plate is on the table. Ali bumps the lamp. The plate BLANK.,aaa1f7f2-1b97-5138-9daa-38fb1bd7bc25,doesn't break,breaks,doesn't break,breaks,doesn't break,1,702.0,7416.0,
A2ZB6ODYG1RKZ5,minimal,The empty jug is on the table. Ali fills the sink. The jug is BLANK.,654f6276-9e9e-52c2-867d-b66c3aa70976,dry,wet,wet,dry,dry,1,702.0,8192.0,
A2ZB6ODYG1RKZ5,minimal,The empty pitcher is on the table. Ali fills the sink. The pitcher is BLANK.,ee9b763e-9f9e-59f8-9bc5-1c6e2075abae,dry,wet,wet,dry,dry,1,751.0,5073.0,
A2ZB6ODYG1RKZ5,minimal,The dog is North of Ali. Ali turns around. The dog is BLANK Ali.,51f91196-934d-5ef1-b798-f0d70fe6a0c2,North of,South of,North of,South of,South of,0,503.0,6505.0,
A2ZB6ODYG1RKZ5,minimal,The sauce is on the table. Ali turns on the stove. The sauce gets BLANK.,7ba8e937-510d-512c-ac3a-9877388c0eec,colder,warmer,colder,warmer,warmer,0,991.0,9608.0,
A2ZB6ODYG1RKZ5,minimal,The plate is on the floor. Ali bumps the table. The plate BLANK.,746aa902-d880-5b36-add1-a3457a31beb3,doesn't break,breaks,doesn't break,breaks,breaks,0,583.0,12665.0,
A2ZB6ODYG1RKZ5,minimal,The empty carton is on the table. Ali knocks the carton over. The table is BLANK.,6bb50e85-6ac5-52a5-b623-32e416664177,dry,wet,wet,dry,wet,0,504.0,5848.0,
A2ZB6ODYG1RKZ5,minimal,The painting is North of Ali. Ali turns around. The painting is BLANK Ali.,64e3f33d-f1bb-5469-960d-6b974ada7e0a,North of,South of,North of,South of,South of,0,591.0,2777.0,
A2ZB6ODYG1RKZ5,minimal,The mug is on the table. Ali bumps the lamp. The mug BLANK.,81e84bb2-9f95-5bbd-bbe3-af94794b6123,doesn't break,breaks,doesn't break,breaks,doesn't break,1,408.0,4711.0,
A2ZB6ODYG1RKZ5,minimal,The empty cup is on the table. Ali knocks the cup over. The table is BLANK.,e6aecef6-eb29-5c41-a462-92c423095047,dry,wet,wet,dry,dry,1,375.0,1785.0,
A2ZB6ODYG1RKZ5,minimal,The tea is on the table. Ali turns on the stove. The tea gets BLANK.,f4d79629-266b-5267-8ea1-847001b48e5a,colder,warmer,colder,warmer,warmer,0,687.0,4239.0,
A2ZB6ODYG1RKZ5,minimal,The vase is North of Ali. Ali turns around. The vase is BLANK Ali.,a3aa7fe8-9da6-5cc8-8664-c4fd06944bd2,North of,South of,North of,South of,South of,0,472.0,5104.0,
AEF5B69YZZO6B,minimal,The clock is on the floor. Ali bumps the table. The clock BLANK.,581ab406-6472-5213-8fa5-924e54aadbbb,doesn't break,breaks,breaks,doesn't break,breaks,0,2424.8000000715256,3438.600000023842,
AEF5B69YZZO6B,minimal,The empty can is on the table. Ali knocks the can over. The table is BLANK.,7b0ff26b-5f65-57c0-b1e1-7dac2ab25032,dry,wet,wet,dry,dry,1,3682.3000000715256,4701.399999976158,
AEF5B69YZZO6B,minimal,The bottle is on the table. Ali bumps the lamp. The bottle BLANK.,8e5290bc-3ba2-56b3-b1c5-33531c9a12ae,doesn't break,breaks,doesn't break,breaks,breaks,0,1355.7000000476835,1890.899999976158,
AEF5B69YZZO6B,minimal,The mug is on the floor. Ali bumps the table. The mug BLANK.,af3ddb77-e0ef-5dc6-a71f-322ffe4f1f53,doesn't break,breaks,breaks,doesn't break,doesn't break,1,3030.8000000715256,2880.600000023842,
AEF5B69YZZO6B,minimal,The broth is on the table. Ali turns on the stove. The broth gets BLANK.,304f867c-d22c-5f80-8b58-04c39ecc54c7,colder,warmer,warmer,colder,colder,1,4014.100000023842,2772.100000023842,
AEF5B69YZZO6B,minimal,The empty mug is on the table. Ali fills the sink. The mug is BLANK.,36794563-6ac8-5075-8df5-b2ecbd8f8c8b,dry,wet,dry,wet,dry,1,4844.400000095367,1186.0,
AEF5B69YZZO6B,minimal,The empty thermos is on the table. Ali knocks the thermos over. The table is BLANK.,504496f0-2b75-5a26-8866-95cbb113f5a4,dry,wet,dry,wet,dry,1,3920.5,1472.4000000953674,
AEF5B69YZZO6B,minimal,The coffee is on the table. Ali turns on the stove. The coffee gets BLANK.,aad29bfa-c5cb-5d6a-9c3f-296137723195,colder,warmer,colder,warmer,colder,1,2241.0,1848.6999999284744,
AEF5B69YZZO6B,minimal,The jar is on the table. Ali bumps the lamp. The jar BLANK.,ca149acc-4333-5d4e-9b73-b3954089e0b3,doesn't break,breaks,breaks,doesn't break,doesn't break,1,2416.399999976158,2796.600000023842,
AEF5B69YZZO6B,minimal,The glass is on the floor. Ali bumps the table. The glass BLANK.,2a5f6d9c-8b03-5fe5-8a19-87971947d204,doesn't break,breaks,breaks,doesn't break,doesn't break,1,8371.800000071526,723.2000000476837,
AEF5B69YZZO6B,minimal,The man is North of Ali. Ali turns around. The man is BLANK Ali.,42f4e9ba-3d9f-52aa-aa48-aaf77bdffda2,North of,South of,South of,North of,North of,1,4631.399999976158,1072.5,
AEF5B69YZZO6B,minimal,The ocean is North of Ali. Ali turns around. The ocean is BLANK Ali.,8e94a295-1159-50a9-9ebf-d12558060a5d,North of,South of,South of,North of,North of,1,6359.399999976158,1481.5999999046326,
AEF5B69YZZO6B,minimal,The empty vase is on the table. Ali fills the sink. The vase is BLANK.,608b5972-0b7e-5142-995f-b84143ea7b33,dry,wet,dry,wet,dry,1,13635.600000023842,3929.0,
A33DV3QDYTA38W,minimal,The empty thermos is on the table. Ali fills the sink. The thermos is BLANK.,ca1d2738-b7ef-5748-bc41-00d7b201a41c,dry,wet,wet,dry,dry,1,9613.0,9729.0,
A33DV3QDYTA38W,minimal,The street is North of Ali. Ali turns around. The street is BLANK Ali.,51679ab6-e072-51aa-920a-095c3ab09319,North of,South of,North of,South of,South of,0,745.0,48527.0,
A33DV3QDYTA38W,minimal,The empty jug is on the table. Ali knocks the jug over. The table is BLANK.,2fc6d99a-038d-5235-bc08-f350777f4e86,dry,wet,wet,dry,dry,1,813.0,6395.0,
A33DV3QDYTA38W,minimal,The fish is on the table. Ali turns on the stove. The fish gets BLANK.,4ec9870c-0c7d-5611-b076-993ce15358f1,colder,warmer,colder,warmer,warmer,0,936.0,8942.0,
A33DV3QDYTA38W,minimal,The empty vase is on the table. Ali knocks the vase over. The table is BLANK.,c79d12ce-733d-590c-bf09-4db1c50645ce,dry,wet,wet,dry,wet,0,738.0,22784.0,
A33DV3QDYTA38W,minimal,The clock is on the table. Ali bumps the lamp. The clock BLANK.,cb7a432a-c5db-586f-98f9-422792efd822,doesn't break,breaks,breaks,doesn't break,doesn't break,1,410.0,8258.0,
A33DV3QDYTA38W,minimal,The empty tub is on the table. Ali fills the sink. The tub is BLANK.,cc2cb203-9a96-586b-9727-0a8212155c43,dry,wet,wet,dry,dry,1,654.0,16325.0,
A33DV3QDYTA38W,minimal,The whiteboard is North of Ali. Ali turns around. The whiteboard is BLANK Ali.,a375252e-8be0-5a31-8826-ab7a09baa72d,North of,South of,North of,South of,South of,0,677.0,6302.0,
A33DV3QDYTA38W,minimal,The mirror is on the floor. Ali bumps the table. The mirror BLANK.,c476f558-1f2e-503e-90a0-b300840ca6e1,doesn't break,breaks,doesn't break,breaks,doesn't break,1,926.0,5760.0,
A33DV3QDYTA38W,minimal,The steak is on the table. Ali turns on the stove. The steak gets BLANK.,403f4fa5-5200-5d22-9f1b-6e2c2edf755c,colder,warmer,warmer,colder,warmer,0,516.0,5699.0,
A33DV3QDYTA38W,minimal,The sculpture is on the table. Ali bumps the lamp. The sculpture BLANK.,8f5095bc-b58d-59fb-94fa-7c121e14b746,doesn't break,breaks,breaks,doesn't break,doesn't break,1,687.0,6557.0,
A33DV3QDYTA38W,minimal,The television is on the floor. Ali bumps the table. The television BLANK.,4e7ee80f-f119-5b6d-82df-ba4d4ad03735,doesn't break,breaks,breaks,doesn't break,doesn't break,1,560.0,6706.0,
AGEU3VFG2D6HY,minimal,The empty glass is on the table. Ali knocks the glass over. The table is BLANK.,03be173e-02aa-5a79-968a-ce8ea00117d3,dry,wet,wet,dry,wet,0,9417.199999999257,1907.9000000003723,
AGEU3VFG2D6HY,minimal,The porridge is on the table. Ali turns on the stove. The porridge gets BLANK.,2b80b416-13b1-5a5a-9b61-4c40aac5cf9e,colder,warmer,warmer,colder,warmer,0,13502.89999999944,1144.699999999255,
A3445FTO62DGIX,minimal,The laptop is on the floor. Ali bumps the table. The laptop BLANK.,88059c09-088b-5009-bafd-b7e931442077,doesn't break,breaks,breaks,doesn't break,doesn't break,1,18553.0,258.0,
A3445FTO62DGIX,minimal,The empty carton is on the table. Ali knocks the carton over. The table is BLANK.,6bb50e85-6ac5-52a5-b623-32e416664177,dry,wet,dry,wet,wet,0,6330.0,1347.0,
A3445FTO62DGIX,minimal,The tea is on the table. Ali turns on the stove. The tea gets BLANK.,f4d79629-266b-5267-8ea1-847001b48e5a,colder,warmer,colder,warmer,warmer,0,4954.0,938.0,
A3445FTO62DGIX,minimal,The painting is North of Ali. Ali turns around. The painting is BLANK Ali.,64e3f33d-f1bb-5469-960d-6b974ada7e0a,North of,South of,South of,North of,North of,1,7621.0,2139.0,
A3445FTO62DGIX,minimal,The sauce is on the table. Ali turns on the stove. The sauce gets BLANK.,7ba8e937-510d-512c-ac3a-9877388c0eec,colder,warmer,warmer,colder,colder,1,6319.0,1972.0,
A3445FTO62DGIX,minimal,The plate is on the floor. Ali bumps the table. The plate BLANK.,746aa902-d880-5b36-add1-a3457a31beb3,doesn't break,breaks,breaks,doesn't break,doesn't break,1,9064.0,1175.0,
A3445FTO62DGIX,minimal,The empty pitcher is on the table. Ali fills the sink. The pitcher is BLANK.,ee9b763e-9f9e-59f8-9bc5-1c6e2075abae,dry,wet,wet,dry,dry,1,6750.0,786.0,
A3445FTO62DGIX,minimal,The vase is North of Ali. Ali turns around. The vase is BLANK Ali.,a3aa7fe8-9da6-5cc8-8664-c4fd06944bd2,North of,South of,South of,North of,North of,1,4403.0,1488.0,
A3445FTO62DGIX,minimal,The empty jug is on the table. Ali fills the sink. The jug is BLANK.,654f6276-9e9e-52c2-867d-b66c3aa70976,dry,wet,wet,dry,dry,1,5721.0,766.0,
A3445FTO62DGIX,minimal,The dog is North of Ali. Ali turns around. The dog is BLANK Ali.,51f91196-934d-5ef1-b798-f0d70fe6a0c2,North of,South of,South of,North of,North of,1,59.0,5505.0,
A3445FTO62DGIX,minimal,The plate is on the table. Ali bumps the lamp. The plate BLANK.,aaa1f7f2-1b97-5138-9daa-38fb1bd7bc25,doesn't break,breaks,doesn't break,breaks,doesn't break,1,3794.0,1139.0,
A3445FTO62DGIX,minimal,The mug is on the table. Ali bumps the lamp. The mug BLANK.,81e84bb2-9f95-5bbd-bbe3-af94794b6123,doesn't break,breaks,breaks,doesn't break,doesn't break,1,6677.0,1502.0,
A3445FTO62DGIX,minimal,The empty cup is on the table. Ali knocks the cup over. The table is BLANK.,e6aecef6-eb29-5c41-a462-92c423095047,dry,wet,wet,dry,dry,1,5853.0,2959.0,
A3445FTO62DGIX,minimal,The laptop is on the floor. Ali bumps the table. The laptop BLANK.,88059c09-088b-5009-bafd-b7e931442077,doesn't break,breaks,breaks,doesn't break,doesn't break,1,10665.0,1578.0,
A3445FTO62DGIX,minimal,The empty carton is on the table. Ali knocks the carton over. The table is BLANK.,6bb50e85-6ac5-52a5-b623-32e416664177,dry,wet,wet,dry,wet,0,6608.0,1047.0,
A3445FTO62DGIX,minimal,The tea is on the table. Ali turns on the stove. The tea gets BLANK.,f4d79629-266b-5267-8ea1-847001b48e5a,colder,warmer,colder,warmer,colder,1,10410.0,1117.0,
A3445FTO62DGIX,minimal,The painting is North of Ali. Ali turns around. The painting is BLANK Ali.,64e3f33d-f1bb-5469-960d-6b974ada7e0a,North of,South of,North of,South of,North of,1,4042.0,1364.0,
A3445FTO62DGIX,minimal,The sauce is on the table. Ali turns on the stove. The sauce gets BLANK.,7ba8e937-510d-512c-ac3a-9877388c0eec,colder,warmer,colder,warmer,colder,1,4717.0,1040.0,
A3445FTO62DGIX,minimal,The plate is on the floor. Ali bumps the table. The plate BLANK.,746aa902-d880-5b36-add1-a3457a31beb3,doesn't break,breaks,doesn't break,breaks,breaks,0,6927.0,1126.0,
A3445FTO62DGIX,minimal,The empty pitcher is on the table. Ali fills the sink. The pitcher is BLANK.,ee9b763e-9f9e-59f8-9bc5-1c6e2075abae,dry,wet,dry,wet,dry,1,4844.0,1274.0,
A3445FTO62DGIX,minimal,The empty jug is on the table. Ali fills the sink. The jug is BLANK.,654f6276-9e9e-52c2-867d-b66c3aa70976,dry,wet,dry,wet,dry,1,8176.0,1176.0,
A3445FTO62DGIX,minimal,The dog is North of Ali. Ali turns around. The dog is BLANK Ali.,51f91196-934d-5ef1-b798-f0d70fe6a0c2,North of,South of,North of,South of,North of,1,4792.0,1111.0,
A3445FTO62DGIX,minimal,The empty cup is on the table. Ali knocks the cup over. The table is BLANK.,e6aecef6-eb29-5c41-a462-92c423095047,dry,wet,wet,dry,dry,1,10652.0,3112.0,
AF18OIZ0GWGP2,minimal,The whiteboard is North of Ali. Ali turns around. The whiteboard is BLANK Ali.,a375252e-8be0-5a31-8826-ab7a09baa72d,North of,South of,North of,South of,South of,0,7964.40000000596,3274.5999999940395,
AF18OIZ0GWGP2,minimal,The television is on the floor. Ali bumps the table. The television BLANK.,4e7ee80f-f119-5b6d-82df-ba4d4ad03735,doesn't break,breaks,breaks,doesn't break,doesn't break,1,9514.40000000596,3644.800000011921,
AF18OIZ0GWGP2,minimal,The clock is on the table. Ali bumps the lamp. The clock BLANK.,cb7a432a-c5db-586f-98f9-422792efd822,doesn't break,breaks,breaks,doesn't break,breaks,0,3901.0,1120.100000023842,
AF18OIZ0GWGP2,minimal,The empty vase is on the table. Ali knocks the vase over. The table is BLANK.,c79d12ce-733d-590c-bf09-4db1c50645ce,dry,wet,wet,dry,wet,0,10763.5,3895.199999988079,
AF18OIZ0GWGP2,minimal,The empty jug is on the table. Ali knocks the jug over. The table is BLANK.,2fc6d99a-038d-5235-bc08-f350777f4e86,dry,wet,wet,dry,dry,1,5285.59999999404,1280.899999976158,
AF18OIZ0GWGP2,minimal,The fish is on the table. Ali turns on the stove. The fish gets BLANK.,4ec9870c-0c7d-5611-b076-993ce15358f1,colder,warmer,warmer,colder,warmer,0,6970.0,8505.800000011921,
AF18OIZ0GWGP2,minimal,The street is North of Ali. Ali turns around. The street is BLANK Ali.,51679ab6-e072-51aa-920a-095c3ab09319,North of,South of,North of,South of,North of,1,6079.700000017881,1003.2000000178814,
AF18OIZ0GWGP2,minimal,The empty thermos is on the table. Ali fills the sink. The thermos is BLANK.,ca1d2738-b7ef-5748-bc41-00d7b201a41c,dry,wet,dry,wet,dry,1,5740.4000000059605,2436.800000011921,
AF18OIZ0GWGP2,minimal,The mirror is on the floor. Ali bumps the table. The mirror BLANK.,c476f558-1f2e-503e-90a0-b300840ca6e1,doesn't break,breaks,doesn't break,breaks,doesn't break,1,3963.7000000178814,1370.5999999940395,
AF18OIZ0GWGP2,minimal,The steak is on the table. Ali turns on the stove. The steak gets BLANK.,403f4fa5-5200-5d22-9f1b-6e2c2edf755c,colder,warmer,warmer,colder,warmer,0,5188.600000023842,15756.69999998808,
AF18OIZ0GWGP2,minimal,The empty tub is on the table. Ali fills the sink. The tub is BLANK.,cc2cb203-9a96-586b-9727-0a8212155c43,dry,wet,wet,dry,dry,1,5037.59999999404,1463.7000000178814,
AF18OIZ0GWGP2,minimal,The sculpture is on the table. Ali bumps the lamp. The sculpture BLANK.,8f5095bc-b58d-59fb-94fa-7c121e14b746,doesn't break,breaks,doesn't break,breaks,doesn't break,1,5786.699999988079,1504.0999999940395,
A364RSKC1UZO23,minimal,The jar is on the floor. Ali bumps the table. The jar BLANK.,272fb3b8-f899-5ff0-ae86-55a1cddaa8e6,doesn't break,breaks,breaks,doesn't break,breaks,0,3951.800000000745,2088.39999999851,
A364RSKC1UZO23,minimal,The cup is on the floor. Ali bumps the table. The cup BLANK.,852b0651-2c81-5807-ba4a-d3f2a56a5e5d,doesn't break,breaks,doesn't break,breaks,doesn't break,1,8288.60000000149,5261.60000000149,
A364RSKC1UZO23,minimal,The television is on the table. Ali bumps the lamp. The television BLANK.,60833207-b675-5f32-ab67-85a791ce814f,doesn't break,breaks,doesn't break,breaks,doesn't break,1,6133.29999999702,2887.5,
A364RSKC1UZO23,minimal,The museum is North of Ali. Ali turns around. The museum is BLANK Ali.,11d7dec7-34c3-5381-80c8-460155badd74,North of,South of,South of,North of,South of,0,7480.800000000745,4943.89999999851,
A364RSKC1UZO23,minimal,The empty bowl is on the table. Ali fills the sink. The bowl is BLANK.,b53176cd-e250-5a59-b3be-ceaba45ea634,dry,wet,wet,dry,dry,1,5128.800000000745,6350.0,
A364RSKC1UZO23,minimal,The empty box is on the table. Ali fills the sink. The box is BLANK.,58b88005-7f83-54dc-8994-ba230c248673,dry,wet,wet,dry,dry,1,6486.5,6713.5,
A364RSKC1UZO23,minimal,The empty teapot is on the table. Ali knocks the teapot over. The table is BLANK.,35b3312e-b7e0-59b8-933b-ec0336ad5162,dry,wet,dry,wet,wet,0,3702.20000000298,18120.900000002235,
A364RSKC1UZO23,minimal,The water is on the table. Ali turns on the stove. The water gets BLANK.,d363d97e-3c05-5ea9-b0af-4bfba2258626,colder,warmer,colder,warmer,warmer,0,3614.10000000149,10208.199999999257,
A364RSKC1UZO23,minimal,The empty wineglass is on the table. Ali knocks the wineglass over. The table is BLANK.,dfb0bf34-70f6-5390-b055-469ef8e6506c,dry,wet,wet,dry,wet,0,7102.599999997765,12296.699999999257,
A364RSKC1UZO23,minimal,The tree is North of Ali. Ali turns around. The tree is BLANK Ali.,f8a90dad-f837-555e-beb1-3a5da5eb35ef,North of,South of,North of,South of,North of,1,1558.699999999255,23392.5,
A364RSKC1UZO23,minimal,The pasta is on the table. Ali turns on the stove. The pasta gets BLANK.,a74a9014-1030-5c5d-b1d0-43ada1ff9c9d,colder,warmer,colder,warmer,warmer,0,6189.800000000745,1639.800000000745,
A364RSKC1UZO23,minimal,The cup is on the table. Ali bumps the lamp. The cup BLANK.,e9a925cf-de07-55f7-8ab3-9f28791b3728,doesn't break,breaks,breaks,doesn't break,doesn't break,1,2936.300000000745,6519.699999999255,
AIHB3OV1Z5Q6,minimal,The empty mug is on the table. Ali knocks the mug over. The table is BLANK.,7f7d49b6-0545-5dd9-9166-80fc48a498e7,dry,wet,dry,wet,wet,0,485.0,840.0,
AIHB3OV1Z5Q6,minimal,The empty glass is on the table. Ali fills the sink. The glass is BLANK.,34ea25b7-8077-5b64-bc1b-17e62828dfb0,dry,wet,wet,dry,dry,1,521.0,324.0,
AIHB3OV1Z5Q6,minimal,The glass is on the table. Ali bumps the lamp. The glass BLANK.,4c8e019f-3f91-5c88-bdea-d68026fd0446,doesn't break,breaks,doesn't break,breaks,breaks,0,184.0,288.0,
AIHB3OV1Z5Q6,minimal,The vase is on the table. Ali bumps the lamp. The vase BLANK.,2f76e57c-aad0-59fa-99e3-ad747c8c14d1,doesn't break,breaks,doesn't break,breaks,breaks,0,228.0,270.0,
AIHB3OV1Z5Q6,minimal,The painting is North of Ali. Ali turns around. The painting is BLANK Ali.,64e3f33d-f1bb-5469-960d-6b974ada7e0a,North of,South of,South of,North of,South of,0,328.0,198.0,
AIHB3OV1Z5Q6,minimal,The statue is North of Ali. Ali turns around. The statue is BLANK Ali.,54f3455a-0981-5b04-b253-5891eb7c16e5,North of,South of,North of,South of,North of,1,246.0,235.0,
AIHB3OV1Z5Q6,minimal,The empty glass is on the table. Ali knocks the glass over. The table is BLANK.,03be173e-02aa-5a79-968a-ce8ea00117d3,dry,wet,dry,wet,dry,1,215.0,174.0,
AIHB3OV1Z5Q6,minimal,The empty glass is on the table. Ali knocks the glass over. The table is BLANK.,03be173e-02aa-5a79-968a-ce8ea00117d3,dry,wet,wet,dry,wet,0,149.0,120.0,
AIHB3OV1Z5Q6,minimal,The vase is on the floor. Ali bumps the table. The vase BLANK.,b981d9fe-77c9-531c-afc1-fc37c2d11e04,doesn't break,breaks,doesn't break,breaks,doesn't break,1,126.0,90.0,
AIHB3OV1Z5Q6,minimal,The soup is on the table. Ali turns on the stove. The soup gets BLANK.,43bffc24-3955-522c-a74b-5fd4b204d283,colder,warmer,warmer,colder,warmer,0,90.0,121.0,
AIHB3OV1Z5Q6,minimal,The glass is on the floor. Ali bumps the table. The glass BLANK.,2a5f6d9c-8b03-5fe5-8a19-87971947d204,doesn't break,breaks,breaks,doesn't break,breaks,0,348.0,156.0,
AIHB3OV1Z5Q6,minimal,The porridge is on the table. Ali turns on the stove. The porridge gets BLANK.,2b80b416-13b1-5a5a-9b61-4c40aac5cf9e,colder,warmer,warmer,colder,warmer,0,119.0,150.0,
AIHB3OV1Z5Q6,minimal,The empty cup is on the table. Ali fills the sink. The cup is BLANK.,01ab1e92-2477-582f-a9a9-917cb2a0983b,dry,wet,dry,wet,dry,1,137.0,102.0,
A34V7HUH38XVGT,minimal,The computer is North of Ali. Ali turns around. The computer is BLANK Ali.,40691f9e-5ca7-5c21-98cb-f1f3e90fece7,North of,South of,South of,North of,South of,0,1041.0,9751.199999928474,
A34V7HUH38XVGT,minimal,The tablet is on the floor. Ali bumps the table. The tablet BLANK.,c746580e-0ddd-5f98-b93a-f4cca7c1f161,doesn't break,breaks,breaks,doesn't break,doesn't break,1,1407.600000023842,8405.0,
A34V7HUH38XVGT,minimal,The candle is on the table. Ali bumps the lamp. The candle BLANK.,0edfc764-15dc-56a4-97f0-79696d42e604,doesn't break,breaks,doesn't break,breaks,breaks,0,772.7000000476837,4084.299999952316,
A34V7HUH38XVGT,minimal,The ornament is on the floor. Ali bumps the table. The ornament BLANK.,e5ae0bb2-4f9a-5c05-8a70-d24d352debe0,doesn't break,breaks,doesn't break,breaks,doesn't break,1,736.7999999523163,1686.4000000953674,
A34V7HUH38XVGT,minimal,The book is North of Ali. Ali turns around. The book is BLANK Ali.,68d84e25-fe4e-5077-a48e-f046d48af2fc,North of,South of,North of,South of,North of,1,1062.3000000715256,1091.0999999046326,
A34V7HUH38XVGT,minimal,The portrait is on the table. Ali bumps the lamp. The portrait BLANK.,887ddffd-f870-51c3-a4da-9d16882413d5,doesn't break,breaks,breaks,doesn't break,breaks,0,1425.7999999523165,2655.899999976158,
A34V7HUH38XVGT,minimal,The empty bowl is on the table. Ali knocks the bowl over. The table is BLANK.,06b16899-ccf7-506d-b8e7-c094839d0ed7,dry,wet,wet,dry,wet,0,779.8000000715256,450.10000002384186,
A34V7HUH38XVGT,minimal,The curry is on the table. Ali turns on the stove. The curry gets BLANK.,b0f42dcc-e0f5-5341-907b-8832326e0521,colder,warmer,colder,warmer,colder,1,657.7000000476837,7692.299999952316,
A34V7HUH38XVGT,minimal,The chicken is on the table. Ali turns on the stove. The chicken gets BLANK.,6fbad9b4-9231-5796-a9b4-b8e8fb940654,colder,warmer,colder,warmer,warmer,0,566.2000000476837,2067.899999976158,
A34V7HUH38XVGT,minimal,The empty kettle is on the table. Ali fills the sink. The kettle is BLANK.,335be0e6-a5ed-5801-80f1-5c6cab349d24,dry,wet,dry,wet,dry,1,515.2000000476837,2912.5,
A34V7HUH38XVGT,minimal,The empty flask is on the table. Ali knocks the flask over. The table is BLANK.,4d25e5cd-4b9f-54f6-abe2-eafde27f21c2,dry,wet,dry,wet,dry,1,1042.600000023842,3965.099999904633,
A34V7HUH38XVGT,minimal,The empty jar is on the table. Ali fills the sink. The jar is BLANK.,637372ba-bac0-5ffc-95af-27467657d0b0,dry,wet,dry,wet,wet,0,607.7000000476837,3280.600000023842,
AJJ42OO4VM3RG,minimal,The empty teapot is on the table. Ali knocks the teapot over. The table is BLANK.,35b3312e-b7e0-59b8-933b-ec0336ad5162,dry,wet,dry,wet,wet,0,9348.39999999851,1406.10000000149,
AJJ42OO4VM3RG,minimal,The cup is on the floor. Ali bumps the table. The cup BLANK.,852b0651-2c81-5807-ba4a-d3f2a56a5e5d,doesn't break,breaks,doesn't break,breaks,breaks,0,4311.39999999851,2491.70000000298,
AJJ42OO4VM3RG,minimal,The empty box is on the table. Ali fills the sink. The box is BLANK.,58b88005-7f83-54dc-8994-ba230c248673,dry,wet,dry,wet,wet,0,4065.39999999851,4939.89999999851,
AJJ42OO4VM3RG,minimal,The cup is on the table. Ali bumps the lamp. The cup BLANK.,e9a925cf-de07-55f7-8ab3-9f28791b3728,doesn't break,breaks,breaks,doesn't break,doesn't break,1,3479.6999999955297,5538.0,
AJJ42OO4VM3RG,minimal,The empty bowl is on the table. Ali fills the sink. The bowl is BLANK.,b53176cd-e250-5a59-b3be-ceaba45ea634,dry,wet,dry,wet,dry,1,2029.70000000298,578.9000000059605,
AJJ42OO4VM3RG,minimal,The television is on the table. Ali bumps the lamp. The television BLANK.,60833207-b675-5f32-ab67-85a791ce814f,doesn't break,breaks,doesn't break,breaks,doesn't break,1,1656.1999999955297,662.1000000014901,
AJJ42OO4VM3RG,minimal,The jar is on the floor. Ali bumps the table. The jar BLANK.,272fb3b8-f899-5ff0-ae86-55a1cddaa8e6,doesn't break,breaks,breaks,doesn't break,doesn't break,1,7876.79999999702,797.1000000014901,
AJJ42OO4VM3RG,minimal,The pasta is on the table. Ali turns on the stove. The pasta gets BLANK.,a74a9014-1030-5c5d-b1d0-43ada1ff9c9d,colder,warmer,warmer,colder,warmer,0,5042.39999999851,1216.10000000149,
AJJ42OO4VM3RG,minimal,The water is on the table. Ali turns on the stove. The water gets BLANK.,d363d97e-3c05-5ea9-b0af-4bfba2258626,colder,warmer,colder,warmer,warmer,0,2751.4000000059605,783.7000000029802,
AJJ42OO4VM3RG,minimal,The tree is North of Ali. Ali turns around. The tree is BLANK Ali.,f8a90dad-f837-555e-beb1-3a5da5eb35ef,North of,South of,South of,North of,South of,0,1989.5,507.8999999985099,
AJJ42OO4VM3RG,minimal,The empty wineglass is on the table. Ali knocks the wineglass over. The table is BLANK.,dfb0bf34-70f6-5390-b055-469ef8e6506c,dry,wet,wet,dry,wet,0,367.69999999552965,385.6000000014901,
AJJ42OO4VM3RG,minimal,The museum is North of Ali. Ali turns around. The museum is BLANK Ali.,11d7dec7-34c3-5381-80c8-460155badd74,North of,South of,South of,North of,South of,0,762.1000000014901,2040.5,
A36DK2OP86BTSO,minimal,The ornament is on the floor. Ali bumps the table. The ornament BLANK.,e5ae0bb2-4f9a-5c05-8a70-d24d352debe0,doesn't break,breaks,breaks,doesn't break,breaks,0,1008.60000000149,526.8000000044703,
A36DK2OP86BTSO,minimal,The chicken is on the table. Ali turns on the stove. The chicken gets BLANK.,6fbad9b4-9231-5796-a9b4-b8e8fb940654,colder,warmer,warmer,colder,warmer,0,672.0,206.6000000014901,
A36DK2OP86BTSO,minimal,The empty jar is on the table. Ali fills the sink. The jar is BLANK.,637372ba-bac0-5ffc-95af-27467657d0b0,dry,wet,dry,wet,dry,1,62.70000000298023,151.30000000447035,
A36DK2OP86BTSO,minimal,The tablet is on the floor. Ali bumps the table. The tablet BLANK.,c746580e-0ddd-5f98-b93a-f4cca7c1f161,doesn't break,breaks,doesn't break,breaks,doesn't break,1,143.89999999850988,55.30000000447035,
A36DK2OP86BTSO,minimal,The portrait is on the table. Ali bumps the lamp. The portrait BLANK.,887ddffd-f870-51c3-a4da-9d16882413d5,doesn't break,breaks,breaks,doesn't break,breaks,0,159.60000000149012,71.70000000298023,
A36DK2OP86BTSO,minimal,The book is North of Ali. Ali turns around. The book is BLANK Ali.,68d84e25-fe4e-5077-a48e-f046d48af2fc,North of,South of,North of,South of,North of,1,110.70000000298025,64.59999999403954,
A36DK2OP86BTSO,minimal,The candle is on the table. Ali bumps the lamp. The candle BLANK.,0edfc764-15dc-56a4-97f0-79696d42e604,doesn't break,breaks,breaks,doesn't break,breaks,0,95.0,119.0,
A36DK2OP86BTSO,minimal,The curry is on the table. Ali turns on the stove. The curry gets BLANK.,b0f42dcc-e0f5-5341-907b-8832326e0521,colder,warmer,warmer,colder,warmer,0,0.7999999970197678,238.20000000298023,
A36DK2OP86BTSO,minimal,The computer is North of Ali. Ali turns around. The computer is BLANK Ali.,40691f9e-5ca7-5c21-98cb-f1f3e90fece7,North of,South of,South of,North of,South of,0,144.5,95.60000000149012,
A36DK2OP86BTSO,minimal,The empty flask is on the table. Ali knocks the flask over. The table is BLANK.,4d25e5cd-4b9f-54f6-abe2-eafde27f21c2,dry,wet,wet,dry,wet,0,15.399999998509884,193.0,
A36DK2OP86BTSO,minimal,The empty kettle is on the table. Ali fills the sink. The kettle is BLANK.,335be0e6-a5ed-5801-80f1-5c6cab349d24,dry,wet,wet,dry,wet,0,1.5,228.20000000298023,
A36DK2OP86BTSO,minimal,The empty bowl is on the table. Ali knocks the bowl over. The table is BLANK.,06b16899-ccf7-506d-b8e7-c094839d0ed7,dry,wet,dry,wet,dry,1,31.700000002980232,191.5,
A36DK2OP86BTSO,minimal,The ornament is on the floor. Ali bumps the table. The ornament BLANK.,e5ae0bb2-4f9a-5c05-8a70-d24d352debe0,doesn't break,breaks,doesn't break,breaks,doesn't break,1,909.60000000149,2351.5,
A36DK2OP86BTSO,minimal,The ornament is on the floor. Ali bumps the table. The ornament BLANK.,e5ae0bb2-4f9a-5c05-8a70-d24d352debe0,doesn't break,breaks,,,doesn't break,-1,,,"The ornament is already on the floor, so when Ali bumps the table, it is not directly affected by the movement of the table. Therefore, the ornament doesn't break because the bump does not cause it to fall or experience a force that would shatter it."
A36DK2OP86BTSO,minimal,The chicken is on the table. Ali turns on the stove. The chicken gets BLANK.,6fbad9b4-9231-5796-a9b4-b8e8fb940654,colder,warmer,warmer,colder,warmer,0,1189.6999999955297,1895.8999999985097,
A36DK2OP86BTSO,minimal,The chicken is on the table. Ali turns on the stove. The chicken gets BLANK.,6fbad9b4-9231-5796-a9b4-b8e8fb940654,colder,warmer,,,warmer,-1,,,"Turning on the stove increases the heat in the surrounding area. Since the chicken is on the table near the stove, it gets warmer as a result of the rising temperature."
A36DK2OP86BTSO,minimal,The portrait is on the table. Ali bumps the lamp. The portrait BLANK.,887ddffd-f870-51c3-a4da-9d16882413d5,doesn't break,breaks,doesn't break,breaks,doesn't break,1,1350.2999999970198,2031.60000000149,
A36DK2OP86BTSO,minimal,The portrait is on the table. Ali bumps the lamp. The portrait BLANK.,887ddffd-f870-51c3-a4da-9d16882413d5,doesn't break,breaks,,,doesn't break,-1,,,"The portrait is on the table, so it is not directly affected when Ali bumps the lamp. Therefore, the portrait doesn't break, because the bump does not disturb it or cause it to fall."
A36DK2OP86BTSO,minimal,The book is North of Ali. Ali turns around. The book is BLANK Ali.,68d84e25-fe4e-5077-a48e-f046d48af2fc,North of,South of,South of,North of,South of,0,1117.2999999970198,1664.0,
A36DK2OP86BTSO,minimal,The book is North of Ali. Ali turns around. The book is BLANK Ali.,68d84e25-fe4e-5077-a48e-f046d48af2fc,North of,South of,,,South of,-1,,,"If the book is North of Ali and Ali turns around 180 degrees, his facing direction reverses. Therefore, from Ali’s new perspective, the book is now South of him."
AK2YUQUFZN1L6,minimal,The empty cup is on the table. Ali knocks the cup over. The table is BLANK.,e6aecef6-eb29-5c41-a462-92c423095047,dry,wet,wet,dry,wet,0,5325.60000000149,1930.60000000149,
AK2YUQUFZN1L6,minimal,The vase is North of Ali. Ali turns around. The vase is BLANK Ali.,a3aa7fe8-9da6-5cc8-8664-c4fd06944bd2,North of,South of,North of,South of,North of,1,10452.800000000743,2107.099999997765,
AK2YUQUFZN1L6,minimal,The painting is North of Ali. Ali turns around. The painting is BLANK Ali.,64e3f33d-f1bb-5469-960d-6b974ada7e0a,North of,South of,North of,South of,North of,1,7450.60000000149,1263.699999999255,
AK2YUQUFZN1L6,minimal,The laptop is on the floor. Ali bumps the table. The laptop BLANK.,88059c09-088b-5009-bafd-b7e931442077,doesn't break,breaks,breaks,doesn't break,doesn't break,1,4572.29999999702,2650.89999999851,
AK2YUQUFZN1L6,minimal,The empty pitcher is on the table. Ali fills the sink. The pitcher is BLANK.,ee9b763e-9f9e-59f8-9bc5-1c6e2075abae,dry,wet,wet,dry,dry,1,5591.39999999851,2236.39999999851,
AK2YUQUFZN1L6,minimal,The dog is North of Ali. Ali turns around. The dog is BLANK Ali.,51f91196-934d-5ef1-b798-f0d70fe6a0c2,North of,South of,South of,North of,North of,1,7339.400000002235,2351.199999999255,
AK2YUQUFZN1L6,minimal,The mug is on the table. Ali bumps the lamp. The mug BLANK.,81e84bb2-9f95-5bbd-bbe3-af94794b6123,doesn't break,breaks,breaks,doesn't break,doesn't break,1,4082.400000002235,1647.800000000745,
AK2YUQUFZN1L6,minimal,The plate is on the table. Ali bumps the lamp. The plate BLANK.,aaa1f7f2-1b97-5138-9daa-38fb1bd7bc25,doesn't break,breaks,doesn't break,breaks,doesn't break,1,5087.5,1023.5999999977648,
AK2YUQUFZN1L6,minimal,The empty carton is on the table. Ali knocks the carton over. The table is BLANK.,6bb50e85-6ac5-52a5-b623-32e416664177,dry,wet,wet,dry,dry,1,5639.599999997765,2687.800000000745,
AK2YUQUFZN1L6,minimal,The plate is on the floor. Ali bumps the table. The plate BLANK.,746aa902-d880-5b36-add1-a3457a31beb3,doesn't break,breaks,breaks,doesn't break,doesn't break,1,4783.79999999702,1167.699999999255,
AK2YUQUFZN1L6,minimal,The empty jug is on the table. Ali fills the sink. The jug is BLANK.,654f6276-9e9e-52c2-867d-b66c3aa70976,dry,wet,dry,wet,dry,1,4183.699999999255,1527.7999999970198,
AK2YUQUFZN1L6,minimal,The tea is on the table. Ali turns on the stove. The tea gets BLANK.,f4d79629-266b-5267-8ea1-847001b48e5a,colder,warmer,colder,warmer,colder,1,9245.10000000149,1842.3999999985097,
AK2YUQUFZN1L6,minimal,The sauce is on the table. Ali turns on the stove. The sauce gets BLANK.,7ba8e937-510d-512c-ac3a-9877388c0eec,colder,warmer,colder,warmer,colder,1,5044.0,1259.199999999255,
AK2YUQUFZN1L6,minimal,The empty cup is on the table. Ali knocks the cup over. The table is BLANK.,e6aecef6-eb29-5c41-a462-92c423095047,dry,wet,dry,wet,dry,1,4327.0,1023.6999999992548,
AK2YUQUFZN1L6,minimal,The empty cup is on the table. Ali knocks the cup over. The table is BLANK.,e6aecef6-eb29-5c41-a462-92c423095047,dry,wet,,,dry,-1,,,The cup is empty.
AK2YUQUFZN1L6,minimal,The vase is North of Ali. Ali turns around. The vase is BLANK Ali.,a3aa7fe8-9da6-5cc8-8664-c4fd06944bd2,North of,South of,North of,South of,South of,0,7116.10000000149,1338.89999999851,
AK2YUQUFZN1L6,minimal,The vase is North of Ali. Ali turns around. The vase is BLANK Ali.,a3aa7fe8-9da6-5cc8-8664-c4fd06944bd2,North of,South of,,,South of,-1,,,"Ali turned around, so now he faces the opposite of North."
AK2YUQUFZN1L6,minimal,The empty jug is on the table. Ali fills the sink. The jug is BLANK.,654f6276-9e9e-52c2-867d-b66c3aa70976,dry,wet,dry,wet,dry,1,3768.10000000149,2302.60000000149,
AK2YUQUFZN1L6,minimal,The empty jug is on the table. Ali fills the sink. The jug is BLANK.,654f6276-9e9e-52c2-867d-b66c3aa70976,dry,wet,,,dry,-1,,,The jug was not filled.
A37DZ189TLKB9O,minimal,The empty jug is on the table. Ali knocks the jug over. The table is BLANK.,2fc6d99a-038d-5235-bc08-f350777f4e86,dry,wet,wet,dry,dry,1,7714.400000095367,3700.399999856949,
A37DZ189TLKB9O,minimal,The sculpture is on the table. Ali bumps the lamp. The sculpture BLANK.,8f5095bc-b58d-59fb-94fa-7c121e14b746,doesn't break,breaks,doesn't break,breaks,breaks,0,1324.9000000953674,9253.200000047684,
A37DZ189TLKB9O,minimal,The empty thermos is on the table. Ali fills the sink. The thermos is BLANK.,ca1d2738-b7ef-5748-bc41-00d7b201a41c,dry,wet,wet,dry,dry,1,5158.5,1095.2999999523165,
A37DZ189TLKB9O,minimal,The fish is on the table. Ali turns on the stove. The fish gets BLANK.,4ec9870c-0c7d-5611-b076-993ce15358f1,colder,warmer,warmer,colder,warmer,0,957.0999999046326,49906.79999995232,
A37DZ189TLKB9O,minimal,The steak is on the table. Ali turns on the stove. The steak gets BLANK.,403f4fa5-5200-5d22-9f1b-6e2c2edf755c,colder,warmer,warmer,colder,warmer,0,3071.099999904633,1307.2000000476835,
A37DZ189TLKB9O,minimal,The mirror is on the floor. Ali bumps the table. The mirror BLANK.,c476f558-1f2e-503e-90a0-b300840ca6e1,doesn't break,breaks,doesn't break,breaks,doesn't break,1,4255.300000190735,1305.2999999523165,
A37DZ189TLKB9O,minimal,The empty tub is on the table. Ali fills the sink. The tub is BLANK.,cc2cb203-9a96-586b-9727-0a8212155c43,dry,wet,wet,dry,wet,0,3557.099999904633,1359.5,
A37DZ189TLKB9O,minimal,The empty vase is on the table. Ali knocks the vase over. The table is BLANK.,c79d12ce-733d-590c-bf09-4db1c50645ce,dry,wet,dry,wet,dry,1,4598.899999856949,2588.899999856949,
A37DZ189TLKB9O,minimal,The television is on the floor. Ali bumps the table. The television BLANK.,4e7ee80f-f119-5b6d-82df-ba4d4ad03735,doesn't break,breaks,breaks,doesn't break,doesn't break,1,2957.599999904633,1776.5999999046326,
A37DZ189TLKB9O,minimal,The whiteboard is North of Ali. Ali turns around. The whiteboard is BLANK Ali.,a375252e-8be0-5a31-8826-ab7a09baa72d,North of,South of,North of,South of,South of,0,4408.799999952316,1014.5999999046326,
A37DZ189TLKB9O,minimal,The street is North of Ali. Ali turns around. The street is BLANK Ali.,51679ab6-e072-51aa-920a-095c3ab09319,North of,South of,South of,North of,North of,1,1047.0999999046326,5709.5,
A37DZ189TLKB9O,minimal,The clock is on the table. Ali bumps the lamp. The clock BLANK.,cb7a432a-c5db-586f-98f9-422792efd822,doesn't break,breaks,breaks,doesn't break,doesn't break,1,4719.700000047684,1255.2000000476835,
AJKIDXICJ65RU,minimal,The empty bottle is on the table. Ali knocks the bottle over. The table is BLANK.,f1c8f5cb-5ef5-5bd2-b1ae-37722af5ab13,dry,wet,wet,dry,dry,1,33602.20000000298,22151.0,
AJKIDXICJ65RU,minimal,The empty bottle is on the table. Ali fills the sink. The bottle is BLANK.,f20343fe-adbf-5f1f-984e-58ee5b7c2b91,dry,wet,wet,dry,dry,1,86967.09999999776,18037.0,
AJKIDXICJ65RU,minimal,The mirror is on the table. Ali bumps the lamp. The mirror BLANK.,cc6308c4-fe93-592d-bd7c-c3c3495dfb04,doesn't break,breaks,breaks,doesn't break,doesn't break,1,929.3000000007452,128707.0,
AJKIDXICJ65RU,minimal,The phone is on the table. Ali bumps the lamp. The phone BLANK.,2828fd38-836b-534a-a861-283f930b7d39,doesn't break,breaks,breaks,doesn't break,breaks,0,316.5999999977648,623.3000000007451,
AJKIDXICJ65RU,minimal,The empty pot is on the table. Ali knocks the pot over. The table is BLANK.,3bc3df7d-a91c-5999-8bb6-788efd21d35e,dry,wet,dry,wet,dry,1,285.80000000074506,318.5,
AJKIDXICJ65RU,minimal,The phone is on the floor. Ali bumps the table. The phone BLANK.,a0089e09-ecb1-5910-97f4-de47ef22bfcd,doesn't break,breaks,doesn't break,breaks,doesn't break,1,308.69999999925494,314.29999999701977,
AJKIDXICJ65RU,minimal,The rice is on the table. Ali turns on the stove. The rice gets BLANK.,ff215e3b-d72f-5802-b7c5-e74b4bbbdb7c,colder,warmer,colder,warmer,colder,1,250.6999999992549,287.69999999925494,
AJKIDXICJ65RU,minimal,The empty container is on the table. Ali fills the sink. The container is BLANK.,8e3a22ae-91ba-581e-9943-23bcec0a345d,dry,wet,dry,wet,dry,1,317.30000000074506,308.0,
AJKIDXICJ65RU,minimal,The city is North of Ali. Ali turns around. The city is BLANK Ali.,d67a4a6d-bc61-537a-8b65-178cf81511b2,North of,South of,South of,North of,South of,0,320.3999999985099,325.0,
AJKIDXICJ65RU,minimal,The pot is on the floor. Ali bumps the table. The pot BLANK.,0318a66a-6207-5568-9d40-200aa1786c0b,doesn't break,breaks,breaks,doesn't break,breaks,0,340.0999999977648,259.3999999985099,
AJKIDXICJ65RU,minimal,The stew is on the table. Ali turns on the stove. The stew gets BLANK.,03c79cd5-cadc-5704-b773-cdd109719ae3,colder,warmer,colder,warmer,colder,1,283.69999999925494,312.0,
AJKIDXICJ65RU,minimal,The lake is North of Ali. Ali turns around. The lake is BLANK Ali.,9c900f5c-ba5e-50dd-ad14-ff2e930698e4,North of,South of,South of,North of,South of,0,335.3999999985099,284.30000000074506,
AJKIDXICJ65RU,minimal,The mirror is on the table. Ali bumps the lamp. The mirror BLANK.,cc6308c4-fe93-592d-bd7c-c3c3495dfb04,doesn't break,breaks,doesn't break,breaks,doesn't break,1,541.0,1287.0,
AJKIDXICJ65RU,minimal,The mirror is on the table. Ali bumps the lamp. The mirror BLANK.,cc6308c4-fe93-592d-bd7c-c3c3495dfb04,doesn't break,breaks,,,doesn't break,-1,,,I think it is correct answer.
AJKIDXICJ65RU,minimal,The phone is on the table. Ali bumps the lamp. The phone BLANK.,2828fd38-836b-534a-a861-283f930b7d39,doesn't break,breaks,doesn't break,breaks,doesn't break,1,459.6999999992549,959.5,
AJKIDXICJ65RU,minimal,The phone is on the table. Ali bumps the lamp. The phone BLANK.,2828fd38-836b-534a-a861-283f930b7d39,doesn't break,breaks,,,doesn't break,-1,,,I think it is correct answer.
AJKIDXICJ65RU,minimal,The empty container is on the table. Ali fills the sink. The container is BLANK.,8e3a22ae-91ba-581e-9943-23bcec0a345d,dry,wet,wet,dry,wet,0,372.3999999985099,792.0,
AJKIDXICJ65RU,minimal,The empty container is on the table. Ali fills the sink. The container is BLANK.,8e3a22ae-91ba-581e-9943-23bcec0a345d,dry,wet,,,wet,-1,,,I think it is correct answer.
AJKIDXICJ65RU,minimal,The city is North of Ali. Ali turns around. The city is BLANK Ali.,d67a4a6d-bc61-537a-8b65-178cf81511b2,North of,South of,South of,North of,South of,0,8243.699999999255,3303.599999997765,
AJKIDXICJ65RU,minimal,The city is North of Ali. Ali turns around. The city is BLANK Ali.,d67a4a6d-bc61-537a-8b65-178cf81511b2,North of,South of,,,South of,-1,,,I think it is correct answer.
AJKIDXICJ65RU,minimal,The pot is on the floor. Ali bumps the table. The pot BLANK.,0318a66a-6207-5568-9d40-200aa1786c0b,doesn't break,breaks,doesn't break,breaks,doesn't break,1,531.1000000014901,1007.60000000149,
AJKIDXICJ65RU,minimal,The pot is on the floor. Ali bumps the table. The pot BLANK.,0318a66a-6207-5568-9d40-200aa1786c0b,doesn't break,breaks,,,doesn't break,-1,,,I think it is correct answer.
AJKIDXICJ65RU,minimal,The lake is North of Ali. Ali turns around. The lake is BLANK Ali.,9c900f5c-ba5e-50dd-ad14-ff2e930698e4,North of,South of,North of,South of,North of,1,836.7999999970198,960.0,
AJKIDXICJ65RU,minimal,The lake is North of Ali. Ali turns around. The lake is BLANK Ali.,9c900f5c-ba5e-50dd-ad14-ff2e930698e4,North of,South of,,,North of,-1,,,I think it is correct answer.
A37F1D1STO13BL,minimal,The glass is on the table. Ali bumps the lamp. The glass BLANK.,4c8e019f-3f91-5c88-bdea-d68026fd0446,doesn't break,breaks,breaks,doesn't break,breaks,0,3221.79999999702,3188.199999999255,
A37F1D1STO13BL,minimal,The statue is North of Ali. Ali turns around. The statue is BLANK Ali.,54f3455a-0981-5b04-b253-5891eb7c16e5,North of,South of,North of,South of,South of,0,5462.0,3725.5,
A37F1D1STO13BL,minimal,The vase is on the floor. Ali bumps the table. The vase BLANK.,b981d9fe-77c9-531c-afc1-fc37c2d11e04,doesn't break,breaks,doesn't break,breaks,breaks,0,2318.800000000745,2935.20000000298,
A37F1D1STO13BL,minimal,The empty cup is on the table. Ali fills the sink. The cup is BLANK.,01ab1e92-2477-582f-a9a9-917cb2a0983b,dry,wet,wet,dry,dry,1,4126.699999999255,823.3999999985099,
A37F1D1STO13BL,minimal,The empty mug is on the table. Ali knocks the mug over. The table is BLANK.,7f7d49b6-0545-5dd9-9166-80fc48a498e7,dry,wet,wet,dry,dry,1,4447.5,2223.10000000149,
A37F1D1STO13BL,minimal,The empty glass is on the table. Ali knocks the glass over. The table is BLANK.,03be173e-02aa-5a79-968a-ce8ea00117d3,dry,wet,dry,wet,wet,0,4508.39999999851,1389.699999999255,
A37F1D1STO13BL,minimal,The painting is North of Ali. Ali turns around. The painting is BLANK Ali.,64e3f33d-f1bb-5469-960d-6b974ada7e0a,North of,South of,South of,North of,South of,0,6123.20000000298,613.1999999992549,
A37F1D1STO13BL,minimal,The porridge is on the table. Ali turns on the stove. The porridge gets BLANK.,2b80b416-13b1-5a5a-9b61-4c40aac5cf9e,colder,warmer,colder,warmer,colder,1,4240.89999999851,4386.199999999255,
A37F1D1STO13BL,minimal,The vase is on the table. Ali bumps the lamp. The vase BLANK.,2f76e57c-aad0-59fa-99e3-ad747c8c14d1,doesn't break,breaks,doesn't break,breaks,doesn't break,1,3312.10000000149,3289.5,
A37F1D1STO13BL,minimal,The empty glass is on the table. Ali fills the sink. The glass is BLANK.,34ea25b7-8077-5b64-bc1b-17e62828dfb0,dry,wet,dry,wet,dry,1,4844.800000000745,698.5,
A37F1D1STO13BL,minimal,The glass is on the floor. Ali bumps the table. The glass BLANK.,2a5f6d9c-8b03-5fe5-8a19-87971947d204,doesn't break,breaks,breaks,doesn't break,doesn't break,1,3969.60000000149,944.5,
A37F1D1STO13BL,minimal,The empty glass is on the table. Ali knocks the glass over. The table is BLANK.,03be173e-02aa-5a79-968a-ce8ea00117d3,dry,wet,wet,dry,wet,0,4171.29999999702,1374.39999999851,
A37F1D1STO13BL,minimal,The soup is on the table. Ali turns on the stove. The soup gets BLANK.,43bffc24-3955-522c-a74b-5fd4b204d283,colder,warmer,colder,warmer,colder,1,3074.10000000149,644.1000000014901,
A37F1D1STO13BL,minimal,The glass is on the table. Ali bumps the lamp. The glass BLANK.,4c8e019f-3f91-5c88-bdea-d68026fd0446,doesn't break,breaks,breaks,doesn't break,doesn't break,1,3403.800000000745,794.3000000007451,
A37F1D1STO13BL,minimal,The statue is North of Ali. Ali turns around. The statue is BLANK Ali.,54f3455a-0981-5b04-b253-5891eb7c16e5,North of,South of,South of,North of,South of,0,2882.89999999851,659.4000000022352,
A37F1D1STO13BL,minimal,The vase is on the floor. Ali bumps the table. The vase BLANK.,b981d9fe-77c9-531c-afc1-fc37c2d11e04,doesn't break,breaks,doesn't break,breaks,doesn't break,1,1864.3999999985097,940.39999999851,
A37F1D1STO13BL,minimal,The empty cup is on the table. Ali fills the sink. The cup is BLANK.,01ab1e92-2477-582f-a9a9-917cb2a0983b,dry,wet,dry,wet,dry,1,3082.199999999255,1275.0999999977648,
A37F1D1STO13BL,minimal,The empty glass is on the table. Ali knocks the glass over. The table is BLANK.,03be173e-02aa-5a79-968a-ce8ea00117d3,dry,wet,dry,wet,wet,0,2468.599999997765,3739.300000000745,
A37F1D1STO13BL,minimal,The painting is North of Ali. Ali turns around. The painting is BLANK Ali.,64e3f33d-f1bb-5469-960d-6b974ada7e0a,North of,South of,South of,North of,South of,0,1903.0,599.5,
A37F1D1STO13BL,minimal,The empty glass is on the table. Ali fills the sink. The glass is BLANK.,34ea25b7-8077-5b64-bc1b-17e62828dfb0,dry,wet,wet,dry,dry,1,3833.300000000745,425.4000000022352,
A37F1D1STO13BL,minimal,The empty glass is on the table. Ali knocks the glass over. The table is BLANK.,03be173e-02aa-5a79-968a-ce8ea00117d3,dry,wet,wet,dry,dry,1,1830.800000000745,407.79999999701977,
AL5MR5NR0VYFI,minimal,The plate is on the table. Ali bumps the lamp. The plate BLANK.,aaa1f7f2-1b97-5138-9daa-38fb1bd7bc25,doesn't break,breaks,breaks,doesn't break,breaks,0,4653.399999976158,5167.400000035763,
AL5MR5NR0VYFI,minimal,The mug is on the table. Ali bumps the lamp. The mug BLANK.,81e84bb2-9f95-5bbd-bbe3-af94794b6123,doesn't break,breaks,breaks,doesn't break,breaks,0,556.3999999761581,5044.800000011921,
AL5MR5NR0VYFI,minimal,The laptop is on the floor. Ali bumps the table. The laptop BLANK.,88059c09-088b-5009-bafd-b7e931442077,doesn't break,breaks,doesn't break,breaks,doesn't break,1,4383.699999988079,1697.5,
AL5MR5NR0VYFI,minimal,The vase is North of Ali. Ali turns around. The vase is BLANK Ali.,a3aa7fe8-9da6-5cc8-8664-c4fd06944bd2,North of,South of,South of,North of,North of,1,1020.5,11949.100000023842,
AL5MR5NR0VYFI,minimal,The tea is on the table. Ali turns on the stove. The tea gets BLANK.,f4d79629-266b-5267-8ea1-847001b48e5a,colder,warmer,colder,warmer,warmer,0,983.100000023842,6173.300000011921,
AL5MR5NR0VYFI,minimal,The empty cup is on the table. Ali knocks the cup over. The table is BLANK.,e6aecef6-eb29-5c41-a462-92c423095047,dry,wet,wet,dry,wet,0,621.0,4486.699999988079,
AL5MR5NR0VYFI,minimal,The empty jug is on the table. Ali fills the sink. The jug is BLANK.,654f6276-9e9e-52c2-867d-b66c3aa70976,dry,wet,wet,dry,dry,1,549.8999999761581,5032.199999988079,
AL5MR5NR0VYFI,minimal,The painting is North of Ali. Ali turns around. The painting is BLANK Ali.,64e3f33d-f1bb-5469-960d-6b974ada7e0a,North of,South of,South of,North of,South of,0,474.3999999761581,3074.600000023842,
AL5MR5NR0VYFI,minimal,The empty pitcher is on the table. Ali fills the sink. The pitcher is BLANK.,ee9b763e-9f9e-59f8-9bc5-1c6e2075abae,dry,wet,dry,wet,dry,1,895.0,7647.300000011921,
AL5MR5NR0VYFI,minimal,The dog is North of Ali. Ali turns around. The dog is BLANK Ali.,51f91196-934d-5ef1-b798-f0d70fe6a0c2,North of,South of,North of,South of,South of,0,3968.599999964237,1276.600000023842,
AL5MR5NR0VYFI,minimal,The sauce is on the table. Ali turns on the stove. The sauce gets BLANK.,7ba8e937-510d-512c-ac3a-9877388c0eec,colder,warmer,colder,warmer,colder,1,959.5,4076.599999964237,
AL5MR5NR0VYFI,minimal,The plate is on the floor. Ali bumps the table. The plate BLANK.,746aa902-d880-5b36-add1-a3457a31beb3,doesn't break,breaks,doesn't break,breaks,breaks,0,754.8000000119209,2979.199999988079,
AL5MR5NR0VYFI,minimal,The empty carton is on the table. Ali knocks the carton over. The table is BLANK.,6bb50e85-6ac5-52a5-b623-32e416664177,dry,wet,dry,wet,wet,0,701.5999999642372,4941.300000011921,
A38XTDNRT7Z5VA,minimal,The pot is on the floor. Ali bumps the table. The pot BLANK.,0318a66a-6207-5568-9d40-200aa1786c0b,doesn't break,breaks,breaks,doesn't break,doesn't break,1,2484.800000000745,260046.5,
A38XTDNRT7Z5VA,minimal,The empty bottle is on the table. Ali fills the sink. The bottle is BLANK.,f20343fe-adbf-5f1f-984e-58ee5b7c2b91,dry,wet,dry,wet,wet,0,92247.19999999924,13512.5,
A38XTDNRT7Z5VA,minimal,The empty bottle is on the table. Ali knocks the bottle over. The table is BLANK.,f1c8f5cb-5ef5-5bd2-b1ae-37722af5ab13,dry,wet,wet,dry,dry,1,67496.29999999702,16249.5,
A38XTDNRT7Z5VA,minimal,The mirror is on the table. Ali bumps the lamp. The mirror BLANK.,cc6308c4-fe93-592d-bd7c-c3c3495dfb04,doesn't break,breaks,breaks,doesn't break,doesn't break,1,58819.10000000149,19252.300000000745,
A38XTDNRT7Z5VA,minimal,The stew is on the table. Ali turns on the stove. The stew gets BLANK.,03c79cd5-cadc-5704-b773-cdd109719ae3,colder,warmer,colder,warmer,warmer,0,216837.8000000008,3216.800000000745,
A38XTDNRT7Z5VA,minimal,The empty container is on the table. Ali fills the sink. The container is BLANK.,8e3a22ae-91ba-581e-9943-23bcec0a345d,dry,wet,wet,dry,wet,0,389.3999999985099,492.8999999985099,
A38XTDNRT7Z5VA,minimal,The phone is on the floor. Ali bumps the table. The phone BLANK.,a0089e09-ecb1-5910-97f4-de47ef22bfcd,doesn't break,breaks,breaks,doesn't break,breaks,0,214.89999999850988,629.1000000014901,
A38XTDNRT7Z5VA,minimal,The rice is on the table. Ali turns on the stove. The rice gets BLANK.,ff215e3b-d72f-5802-b7c5-e74b4bbbdb7c,colder,warmer,colder,warmer,warmer,0,612.0999999977648,2489.800000000745,
A38XTDNRT7Z5VA,minimal,The city is North of Ali. Ali turns around. The city is BLANK Ali.,d67a4a6d-bc61-537a-8b65-178cf81511b2,North of,South of,North of,South of,South of,0,524.3999999985099,2573.89999999851,
A38XTDNRT7Z5VA,minimal,The phone is on the table. Ali bumps the lamp. The phone BLANK.,2828fd38-836b-534a-a861-283f930b7d39,doesn't break,breaks,breaks,doesn't break,breaks,0,183.89999999850988,1544.0999999977648,
A38XTDNRT7Z5VA,minimal,The lake is North of Ali. Ali turns around. The lake is BLANK Ali.,9c900f5c-ba5e-50dd-ad14-ff2e930698e4,North of,South of,South of,North of,South of,0,405.6000000014901,898.6000000014901,
A38XTDNRT7Z5VA,minimal,The empty pot is on the table. Ali knocks the pot over. The table is BLANK.,3bc3df7d-a91c-5999-8bb6-788efd21d35e,dry,wet,wet,dry,wet,0,186.80000000074503,206.1000000014901,
A38XTDNRT7Z5VA,minimal,The empty bottle is on the table. Ali fills the sink. The bottle is BLANK.,f20343fe-adbf-5f1f-984e-58ee5b7c2b91,dry,wet,dry,wet,dry,1,571.3000000007451,1820.0,
A38XTDNRT7Z5VA,minimal,The empty bottle is on the table. Ali fills the sink. The bottle is BLANK.,f20343fe-adbf-5f1f-984e-58ee5b7c2b91,dry,wet,,,dry,-1,,,i THINK IT IS CORRECT ANSWER
A38XTDNRT7Z5VA,minimal,The empty bottle is on the table. Ali knocks the bottle over. The table is BLANK.,f1c8f5cb-5ef5-5bd2-b1ae-37722af5ab13,dry,wet,wet,dry,wet,0,1077.4000000022352,15374.599999997765,
A38XTDNRT7Z5VA,minimal,The empty bottle is on the table. Ali knocks the bottle over. The table is BLANK.,f1c8f5cb-5ef5-5bd2-b1ae-37722af5ab13,dry,wet,,,wet,-1,,,i THINK IT IS CORRECT ANSWER
A38XTDNRT7Z5VA,minimal,The stew is on the table. Ali turns on the stove. The stew gets BLANK.,03c79cd5-cadc-5704-b773-cdd109719ae3,colder,warmer,colder,warmer,warmer,0,854.3999999985099,3179.300000000745,
A38XTDNRT7Z5VA,minimal,The stew is on the table. Ali turns on the stove. The stew gets BLANK.,03c79cd5-cadc-5704-b773-cdd109719ae3,colder,warmer,,,warmer,-1,,,i THINK IT IS CORRECT ANSWER
A38XTDNRT7Z5VA,minimal,The empty container is on the table. Ali fills the sink. The container is BLANK.,8e3a22ae-91ba-581e-9943-23bcec0a345d,dry,wet,dry,wet,wet,0,693.0,3538.5,
A38XTDNRT7Z5VA,minimal,The empty container is on the table. Ali fills the sink. The container is BLANK.,8e3a22ae-91ba-581e-9943-23bcec0a345d,dry,wet,,,wet,-1,,,i THINK IT IS CORRECT ANSWER
A38XTDNRT7Z5VA,minimal,The phone is on the floor. Ali bumps the table. The phone BLANK.,a0089e09-ecb1-5910-97f4-de47ef22bfcd,doesn't break,breaks,breaks,doesn't break,breaks,0,1152.800000000745,477.8999999985099,
A38XTDNRT7Z5VA,minimal,The phone is on the floor. Ali bumps the table. The phone BLANK.,a0089e09-ecb1-5910-97f4-de47ef22bfcd,doesn't break,breaks,,,breaks,-1,,,i THINK IT IS CORRECT ANSWER
A38XTDNRT7Z5VA,minimal,The rice is on the table. Ali turns on the stove. The rice gets BLANK.,ff215e3b-d72f-5802-b7c5-e74b4bbbdb7c,colder,warmer,warmer,colder,warmer,0,3609.800000000745,770.4000000022352,
A38XTDNRT7Z5VA,minimal,The rice is on the table. Ali turns on the stove. The rice gets BLANK.,ff215e3b-d72f-5802-b7c5-e74b4bbbdb7c,colder,warmer,,,warmer,-1,,,i THINK IT IS CORRECT ANSWER
A38XTDNRT7Z5VA,minimal,The city is North of Ali. Ali turns around. The city is BLANK Ali.,d67a4a6d-bc61-537a-8b65-178cf81511b2,North of,South of,North of,South of,North of,1,788.0,1251.39999999851,
A38XTDNRT7Z5VA,minimal,The city is North of Ali. Ali turns around. The city is BLANK Ali.,d67a4a6d-bc61-537a-8b65-178cf81511b2,North of,South of,,,North of,-1,,,i THINK IT IS CORRECT ANSWER
A38XTDNRT7Z5VA,minimal,The phone is on the table. Ali bumps the lamp. The phone BLANK.,2828fd38-836b-534a-a861-283f930b7d39,doesn't break,breaks,breaks,doesn't break,doesn't break,1,612.1000000014901,1425.0,
A38XTDNRT7Z5VA,minimal,The phone is on the table. Ali bumps the lamp. The phone BLANK.,2828fd38-836b-534a-a861-283f930b7d39,doesn't break,breaks,,,doesn't break,-1,,,i THINK IT IS CORRECT ANSWER
A38XTDNRT7Z5VA,minimal,The lake is North of Ali. Ali turns around. The lake is BLANK Ali.,9c900f5c-ba5e-50dd-ad14-ff2e930698e4,North of,South of,South of,North of,North of,1,713.8000000007451,1544.199999999255,
A38XTDNRT7Z5VA,minimal,The lake is North of Ali. Ali turns around. The lake is BLANK Ali.,9c900f5c-ba5e-50dd-ad14-ff2e930698e4,North of,South of,,,North of,-1,,,i THINK IT IS CORRECT ANSWER
A38XTDNRT7Z5VA,minimal,The empty pot is on the table. Ali knocks the pot over. The table is BLANK.,3bc3df7d-a91c-5999-8bb6-788efd21d35e,dry,wet,wet,dry,wet,0,629.6999999992549,1702.39999999851,
A38XTDNRT7Z5VA,minimal,The empty pot is on the table. Ali knocks the pot over. The table is BLANK.,3bc3df7d-a91c-5999-8bb6-788efd21d35e,dry,wet,,,wet,-1,,,i THINK IT IS CORRECT ANSWER
ALKXAMEP2BAIQ,minimal,The ornament is on the floor. Ali bumps the table. The ornament BLANK.,e5ae0bb2-4f9a-5c05-8a70-d24d352debe0,doesn't break,breaks,doesn't break,breaks,breaks,0,7014.800000011921,1535.0,
ALKXAMEP2BAIQ,minimal,The book is North of Ali. Ali turns around. The book is BLANK Ali.,68d84e25-fe4e-5077-a48e-f046d48af2fc,North of,South of,North of,South of,South of,0,8639.800000011921,1254.9000000357628,
ALKXAMEP2BAIQ,minimal,The tablet is on the floor. Ali bumps the table. The tablet BLANK.,c746580e-0ddd-5f98-b93a-f4cca7c1f161,doesn't break,breaks,breaks,doesn't break,breaks,0,3303.100000023842,1087.7000000476835,
ALKXAMEP2BAIQ,minimal,The empty jar is on the table. Ali fills the sink. The jar is BLANK.,637372ba-bac0-5ffc-95af-27467657d0b0,dry,wet,dry,wet,wet,0,7711.400000035763,2046.9000000357628,
ALKXAMEP2BAIQ,minimal,The empty kettle is on the table. Ali fills the sink. The kettle is BLANK.,335be0e6-a5ed-5801-80f1-5c6cab349d24,dry,wet,dry,wet,dry,1,7111.399999976158,647.6999999880791,
ALKXAMEP2BAIQ,minimal,The portrait is on the table. Ali bumps the lamp. The portrait BLANK.,887ddffd-f870-51c3-a4da-9d16882413d5,doesn't break,breaks,doesn't break,breaks,doesn't break,1,3631.300000011921,3679.699999988079,
ALKXAMEP2BAIQ,minimal,The candle is on the table. Ali bumps the lamp. The candle BLANK.,0edfc764-15dc-56a4-97f0-79696d42e604,doesn't break,breaks,breaks,doesn't break,doesn't break,1,3303.699999988079,1159.199999988079,
ALKXAMEP2BAIQ,minimal,The curry is on the table. Ali turns on the stove. The curry gets BLANK.,b0f42dcc-e0f5-5341-907b-8832326e0521,colder,warmer,warmer,colder,warmer,0,4062.400000035763,1440.600000023842,
ALKXAMEP2BAIQ,minimal,The empty bowl is on the table. Ali knocks the bowl over. The table is BLANK.,06b16899-ccf7-506d-b8e7-c094839d0ed7,dry,wet,dry,wet,dry,1,4607.700000047684,1487.2000000476835,
ALKXAMEP2BAIQ,minimal,The empty flask is on the table. Ali knocks the flask over. The table is BLANK.,4d25e5cd-4b9f-54f6-abe2-eafde27f21c2,dry,wet,wet,dry,dry,1,655.3000000119209,4247.699999988079,
ALKXAMEP2BAIQ,minimal,The chicken is on the table. Ali turns on the stove. The chicken gets BLANK.,6fbad9b4-9231-5796-a9b4-b8e8fb940654,colder,warmer,colder,warmer,colder,1,5343.099999964237,1895.300000011921,
ALKXAMEP2BAIQ,minimal,The computer is North of Ali. Ali turns around. The computer is BLANK Ali.,40691f9e-5ca7-5c21-98cb-f1f3e90fece7,North of,South of,South of,North of,South of,0,3887.400000035763,759.6000000238419,
A387QR9H4L2IHO,minimal,The empty pot is on the table. Ali knocks the pot over. The table is BLANK.,3bc3df7d-a91c-5999-8bb6-788efd21d35e,dry,wet,dry,wet,dry,1,6302.899999976158,4026.899999976158,
A387QR9H4L2IHO,minimal,The empty bottle is on the table. Ali knocks the bottle over. The table is BLANK.,f1c8f5cb-5ef5-5bd2-b1ae-37722af5ab13,dry,wet,dry,wet,dry,1,4036.400000095368,932.899999976158,
A387QR9H4L2IHO,minimal,The phone is on the floor. Ali bumps the table. The phone BLANK.,a0089e09-ecb1-5910-97f4-de47ef22bfcd,doesn't break,breaks,doesn't break,breaks,doesn't break,1,5321.200000047684,2502.5,
A387QR9H4L2IHO,minimal,The rice is on the table. Ali turns on the stove. The rice gets BLANK.,ff215e3b-d72f-5802-b7c5-e74b4bbbdb7c,colder,warmer,colder,warmer,colder,1,3157.0,2162.8000000715256,
A387QR9H4L2IHO,minimal,The empty bottle is on the table. Ali fills the sink. The bottle is BLANK.,f20343fe-adbf-5f1f-984e-58ee5b7c2b91,dry,wet,wet,dry,dry,1,4615.300000071526,1419.5,
A387QR9H4L2IHO,minimal,The mirror is on the table. Ali bumps the lamp. The mirror BLANK.,cc6308c4-fe93-592d-bd7c-c3c3495dfb04,doesn't break,breaks,doesn't break,breaks,doesn't break,1,2484.399999976158,1158.7000000476835,
A387QR9H4L2IHO,minimal,The pot is on the floor. Ali bumps the table. The pot BLANK.,0318a66a-6207-5568-9d40-200aa1786c0b,doesn't break,breaks,breaks,doesn't break,doesn't break,1,2167.899999976158,1467.399999976158,
A387QR9H4L2IHO,minimal,The stew is on the table. Ali turns on the stove. The stew gets BLANK.,03c79cd5-cadc-5704-b773-cdd109719ae3,colder,warmer,colder,warmer,colder,1,4215.100000023842,2015.399999976158,
A387QR9H4L2IHO,minimal,The phone is on the table. Ali bumps the lamp. The phone BLANK.,2828fd38-836b-534a-a861-283f930b7d39,doesn't break,breaks,breaks,doesn't break,doesn't break,1,3843.5,1996.5999999046328,
A387QR9H4L2IHO,minimal,The city is North of Ali. Ali turns around. The city is BLANK Ali.,d67a4a6d-bc61-537a-8b65-178cf81511b2,North of,South of,South of,North of,North of,1,1690.7000000476835,748.0,
A387QR9H4L2IHO,minimal,The lake is North of Ali. Ali turns around. The lake is BLANK Ali.,9c900f5c-ba5e-50dd-ad14-ff2e930698e4,North of,South of,North of,South of,North of,1,3091.600000023842,924.4000000953674,
A387QR9H4L2IHO,minimal,The empty container is on the table. Ali fills the sink. The container is BLANK.,8e3a22ae-91ba-581e-9943-23bcec0a345d,dry,wet,dry,wet,dry,1,2617.7999999523163,1234.0,
A387QR9H4L2IHO,minimal,The empty pot is on the table. Ali knocks the pot over. The table is BLANK.,3bc3df7d-a91c-5999-8bb6-788efd21d35e,dry,wet,dry,wet,dry,1,2282.700000047684,1788.0,
A387QR9H4L2IHO,minimal,The empty pot is on the table. Ali knocks the pot over. The table is BLANK.,3bc3df7d-a91c-5999-8bb6-788efd21d35e,dry,wet,,,dry,-1,,,it is empty.
A387QR9H4L2IHO,minimal,The mirror is on the table. Ali bumps the lamp. The mirror BLANK.,cc6308c4-fe93-592d-bd7c-c3c3495dfb04,doesn't break,breaks,breaks,doesn't break,doesn't break,1,3272.0,3836.899999976158,
A387QR9H4L2IHO,minimal,The mirror is on the table. Ali bumps the lamp. The mirror BLANK.,cc6308c4-fe93-592d-bd7c-c3c3495dfb04,doesn't break,breaks,,,doesn't break,-1,,,"Ali bumped the lamp not the mirror.  Therefore, the mirror wouldn't break."
A387QR9H4L2IHO,minimal,The pot is on the floor. Ali bumps the table. The pot BLANK.,0318a66a-6207-5568-9d40-200aa1786c0b,doesn't break,breaks,doesn't break,breaks,doesn't break,1,2216.899999976158,1709.5,
A387QR9H4L2IHO,minimal,The pot is on the floor. Ali bumps the table. The pot BLANK.,0318a66a-6207-5568-9d40-200aa1786c0b,doesn't break,breaks,,,doesn't break,-1,,,"Ali bumped the table not the pot.  Therefore, the pot wouldn't break.
"
A387QR9H4L2IHO,minimal,The stew is on the table. Ali turns on the stove. The stew gets BLANK.,03c79cd5-cadc-5704-b773-cdd109719ae3,colder,warmer,colder,warmer,colder,1,2706.399999976158,1676.0,
A387QR9H4L2IHO,minimal,The stew is on the table. Ali turns on the stove. The stew gets BLANK.,03c79cd5-cadc-5704-b773-cdd109719ae3,colder,warmer,,,colder,-1,,,"Ali turned on the stove, but the stew was on the table, so it wouldn't get warmer."
A387QR9H4L2IHO,minimal,The phone is on the table. Ali bumps the lamp. The phone BLANK.,2828fd38-836b-534a-a861-283f930b7d39,doesn't break,breaks,breaks,doesn't break,doesn't break,1,1417.5,5475.300000071526,
A387QR9H4L2IHO,minimal,The phone is on the table. Ali bumps the lamp. The phone BLANK.,2828fd38-836b-534a-a861-283f930b7d39,doesn't break,breaks,,,doesn't break,-1,,,"Ali bumped the lamp not the phone.  Therefore, the phone shouldn't break."
A387QR9H4L2IHO,minimal,The city is North of Ali. Ali turns around. The city is BLANK Ali.,d67a4a6d-bc61-537a-8b65-178cf81511b2,North of,South of,North of,South of,North of,1,1496.0,2512.2999999523163,
A387QR9H4L2IHO,minimal,The city is North of Ali. Ali turns around. The city is BLANK Ali.,d67a4a6d-bc61-537a-8b65-178cf81511b2,North of,South of,,,North of,-1,,,It is still north if it was north before.
AM7O6RZDT2KOY,minimal,The empty flask is on the table. Ali fills the sink. The flask is BLANK.,9727b31c-2a14-5db5-9980-0074c623524f,dry,wet,dry,wet,dry,1,2415.0,11632.0,
AM7O6RZDT2KOY,minimal,The lamp is on the floor. Ali bumps the table. The lamp BLANK.,730042f0-d8b0-5c6c-8bf7-410416a84eb5,doesn't break,breaks,breaks,doesn't break,doesn't break,1,3174.0000000000146,7343.999999999985,
AM7O6RZDT2KOY,minimal,The sculpture is on the floor. Ali bumps the table. The sculpture BLANK.,6837d037-fd89-5325-945f-ec953cdaf8fc,doesn't break,breaks,breaks,doesn't break,doesn't break,1,903.0,2220.0,
AM7O6RZDT2KOY,minimal,The emtpy can is on the table. Ali fills the sink. The can is BLANK.,23582299-2316-5e9e-a72f-ef1038bc4df3,dry,wet,wet,dry,dry,1,2228.0,2554.0,
AM7O6RZDT2KOY,minimal,The empty pitcher is on the table. Ali knocks the pitcher over. The table is BLANK.,ce777ad4-6e7f-5a27-bd97-42231b86b999,dry,wet,dry,wet,dry,1,1691.0,2536.0,
AM7O6RZDT2KOY,minimal,The tablet is on the table. Ali bumps the lamp. The tablet BLANK.,1859f2b1-26a2-5a64-959f-fab9926dbb6d,doesn't break,breaks,doesn't break,breaks,doesn't break,1,3560.0,8933.99999999997,
AM7O6RZDT2KOY,minimal,The empty jar is on the table. Ali knocks the jar over. The table is BLANK.,d0c6d46f-fa2f-5c0a-93d2-5ebf343adfef,dry,wet,wet,dry,dry,1,2069.0,2894.0,
A38G96U9JZU3CW,minimal,The lamp is on the floor. Ali bumps the table. The lamp BLANK.,730042f0-d8b0-5c6c-8bf7-410416a84eb5,doesn't break,breaks,breaks,doesn't break,doesn't break,1,4907.0,11602.0,
A38G96U9JZU3CW,minimal,The chili is on the table. Ali turns on the stove. The chili gets BLANK.,688b9409-948b-5506-a5bd-8f72bd8f0cdd,colder,warmer,warmer,colder,warmer,0,996.0,12359.0,
A38G96U9JZU3CW,minimal,The tablet is on the table. Ali bumps the lamp. The tablet BLANK.,1859f2b1-26a2-5a64-959f-fab9926dbb6d,doesn't break,breaks,doesn't break,breaks,doesn't break,1,1066.0,7240.0,
A38G96U9JZU3CW,minimal,The gumbo is on the table. Ali turns on the stove. The gumbo gets BLANK.,052dddd5-a2cf-5e97-90ed-7e2d2e91f62e,colder,warmer,warmer,colder,warmer,0,606.0,6944.0,
A38G96U9JZU3CW,minimal,The empty pitcher is on the table. Ali knocks the pitcher over. The table is BLANK.,ce777ad4-6e7f-5a27-bd97-42231b86b999,dry,wet,wet,dry,dry,1,1753.0,9872.0,
A38G96U9JZU3CW,minimal,The empty jar is on the table. Ali knocks the jar over. The table is BLANK.,d0c6d46f-fa2f-5c0a-93d2-5ebf343adfef,dry,wet,wet,dry,dry,1,1850.0,7547.0,
A38G96U9JZU3CW,minimal,The ornament is on the table. Ali bumps the lamp. The ornament BLANK.,95cf280f-0045-5691-9286-ca2825f711f3,doesn't break,breaks,breaks,doesn't break,doesn't break,1,592.0,4358.0,
A38G96U9JZU3CW,minimal,The house is North of Ali. Ali turns around. The house is BLANK Ali.,168b3f9d-5c7e-5e03-948e-a8b96b9e08a7,North of,South of,South of,North of,South of,0,1023.0,3526.0,
A38G96U9JZU3CW,minimal,The sculpture is on the floor. Ali bumps the table. The sculpture BLANK.,6837d037-fd89-5325-945f-ec953cdaf8fc,doesn't break,breaks,doesn't break,breaks,doesn't break,1,2021.0,3078.0,
A38G96U9JZU3CW,minimal,The emtpy can is on the table. Ali fills the sink. The can is BLANK.,23582299-2316-5e9e-a72f-ef1038bc4df3,dry,wet,dry,wet,dry,1,341.0,10951.0,
A38G96U9JZU3CW,minimal,The mountain is North of Ali. Ali turns around. The mountain is BLANK Ali.,cbe70172-4bc2-5518-ae97-53e795d58f6a,North of,South of,South of,North of,South of,0,1182.0,4537.0,
A38G96U9JZU3CW,minimal,The empty flask is on the table. Ali fills the sink. The flask is BLANK.,9727b31c-2a14-5db5-9980-0074c623524f,dry,wet,dry,wet,dry,1,487.0,7050.0,
A38G96U9JZU3CW,minimal,The lamp is on the floor. Ali bumps the table. The lamp BLANK.,730042f0-d8b0-5c6c-8bf7-410416a84eb5,doesn't break,breaks,doesn't break,breaks,doesn't break,1,519.0,6105.0,
A38G96U9JZU3CW,minimal,The lamp is on the floor. Ali bumps the table. The lamp BLANK.,730042f0-d8b0-5c6c-8bf7-410416a84eb5,doesn't break,breaks,,,doesn't break,-1,,,The lamp isn't on the table and therefore wouldn't be affected by her bumping the table.
A38G96U9JZU3CW,minimal,The chili is on the table. Ali turns on the stove. The chili gets BLANK.,688b9409-948b-5506-a5bd-8f72bd8f0cdd,colder,warmer,colder,warmer,warmer,0,2054.0,8790.0,
A38G96U9JZU3CW,minimal,The chili is on the table. Ali turns on the stove. The chili gets BLANK.,688b9409-948b-5506-a5bd-8f72bd8f0cdd,colder,warmer,,,warmer,-1,,,"The chili isn't on the stove, but the stove would warm the whole room up so it would probably get warmer."
A38G96U9JZU3CW,minimal,The tablet is on the table. Ali bumps the lamp. The tablet BLANK.,1859f2b1-26a2-5a64-959f-fab9926dbb6d,doesn't break,breaks,breaks,doesn't break,doesn't break,1,1475.0,9585.0,
A38G96U9JZU3CW,minimal,The tablet is on the table. Ali bumps the lamp. The tablet BLANK.,1859f2b1-26a2-5a64-959f-fab9926dbb6d,doesn't break,breaks,,,doesn't break,-1,,,Ali didn't interact with the table so the tablet on the table should be fine.
A38G96U9JZU3CW,minimal,The gumbo is on the table. Ali turns on the stove. The gumbo gets BLANK.,052dddd5-a2cf-5e97-90ed-7e2d2e91f62e,colder,warmer,warmer,colder,warmer,0,994.0,11315.0,
A38G96U9JZU3CW,minimal,The gumbo is on the table. Ali turns on the stove. The gumbo gets BLANK.,052dddd5-a2cf-5e97-90ed-7e2d2e91f62e,colder,warmer,,,warmer,-1,,,If Ali turns on the stove then the entire room should get warmer.
A38G96U9JZU3CW,minimal,The empty jar is on the table. Ali knocks the jar over. The table is BLANK.,d0c6d46f-fa2f-5c0a-93d2-5ebf343adfef,dry,wet,wet,dry,dry,1,892.0,9331.0,
A38G96U9JZU3CW,minimal,The empty jar is on the table. Ali knocks the jar over. The table is BLANK.,d0c6d46f-fa2f-5c0a-93d2-5ebf343adfef,dry,wet,,,dry,-1,,,The jar is empty so the table wouldn't get wet.
A38G96U9JZU3CW,minimal,The house is North of Ali. Ali turns around. The house is BLANK Ali.,168b3f9d-5c7e-5e03-948e-a8b96b9e08a7,North of,South of,North of,South of,North of,1,790.0,5324.0,
A38G96U9JZU3CW,minimal,The house is North of Ali. Ali turns around. The house is BLANK Ali.,168b3f9d-5c7e-5e03-948e-a8b96b9e08a7,North of,South of,,,North of,-1,,,If she turned it flips her direction.
A38G96U9JZU3CW,minimal,The emtpy can is on the table. Ali fills the sink. The can is BLANK.,23582299-2316-5e9e-a72f-ef1038bc4df3,dry,wet,dry,wet,dry,1,984.0,4835.0,
A38G96U9JZU3CW,minimal,The emtpy can is on the table. Ali fills the sink. The can is BLANK.,23582299-2316-5e9e-a72f-ef1038bc4df3,dry,wet,,,dry,-1,,,Sink and the table don't correlate.
A38G96U9JZU3CW,minimal,The mountain is North of Ali. Ali turns around. The mountain is BLANK Ali.,cbe70172-4bc2-5518-ae97-53e795d58f6a,North of,South of,North of,South of,South of,0,864.0,7830.0,
A38G96U9JZU3CW,minimal,The mountain is North of Ali. Ali turns around. The mountain is BLANK Ali.,cbe70172-4bc2-5518-ae97-53e795d58f6a,North of,South of,,,South of,-1,,,She inverted her direction.
A38G96U9JZU3CW,minimal,The empty flask is on the table. Ali fills the sink. The flask is BLANK.,9727b31c-2a14-5db5-9980-0074c623524f,dry,wet,wet,dry,dry,1,2155.0,4060.0,
A38G96U9JZU3CW,minimal,The empty flask is on the table. Ali fills the sink. The flask is BLANK.,9727b31c-2a14-5db5-9980-0074c623524f,dry,wet,,,dry,-1,,,The flask and the sink don't correlate.
AMUZFMLPDJEQO,minimal,The fish is on the table. Ali turns on the stove. The fish gets BLANK.,4ec9870c-0c7d-5611-b076-993ce15358f1,colder,warmer,warmer,colder,colder,1,1429.8000001907349,14208.699999809263,
AMUZFMLPDJEQO,minimal,The television is on the floor. Ali bumps the table. The television BLANK.,4e7ee80f-f119-5b6d-82df-ba4d4ad03735,doesn't break,breaks,breaks,doesn't break,doesn't break,1,5500.0,1580.5999994277954,
AMUZFMLPDJEQO,minimal,The sculpture is on the table. Ali bumps the lamp. The sculpture BLANK.,8f5095bc-b58d-59fb-94fa-7c121e14b746,doesn't break,breaks,doesn't break,breaks,doesn't break,1,4630.0,1577.5,
AMUZFMLPDJEQO,minimal,The steak is on the table. Ali turns on the stove. The steak gets BLANK.,403f4fa5-5200-5d22-9f1b-6e2c2edf755c,colder,warmer,warmer,colder,colder,1,3739.4000005722046,3949.799999237061,
AMUZFMLPDJEQO,minimal,The whiteboard is North of Ali. Ali turns around. The whiteboard is BLANK Ali.,a375252e-8be0-5a31-8826-ab7a09baa72d,North of,South of,South of,North of,North of,1,7401.89999961853,11431.900000572205,
AMUZFMLPDJEQO,minimal,The empty tub is on the table. Ali fills the sink. The tub is BLANK.,cc2cb203-9a96-586b-9727-0a8212155c43,dry,wet,dry,wet,dry,1,5341.300000190735,4740.60000038147,
AMUZFMLPDJEQO,minimal,The empty thermos is on the table. Ali fills the sink. The thermos is BLANK.,ca1d2738-b7ef-5748-bc41-00d7b201a41c,dry,wet,dry,wet,dry,1,3642.39999961853,6290.800000190735,
AMUZFMLPDJEQO,minimal,The mirror is on the floor. Ali bumps the table. The mirror BLANK.,c476f558-1f2e-503e-90a0-b300840ca6e1,doesn't break,breaks,doesn't break,breaks,doesn't break,1,4611.89999961853,1188.5999994277954,
AMUZFMLPDJEQO,minimal,The empty vase is on the table. Ali knocks the vase over. The table is BLANK.,c79d12ce-733d-590c-bf09-4db1c50645ce,dry,wet,wet,dry,dry,1,5415.5,2051.0,
AMUZFMLPDJEQO,minimal,The street is North of Ali. Ali turns around. The street is BLANK Ali.,51679ab6-e072-51aa-920a-095c3ab09319,North of,South of,North of,South of,North of,1,6370.299999237061,1005.8999996185304,
AMUZFMLPDJEQO,minimal,The empty jug is on the table. Ali knocks the jug over. The table is BLANK.,2fc6d99a-038d-5235-bc08-f350777f4e86,dry,wet,dry,wet,wet,0,6085.800000190735,2309.199999809265,
AMUZFMLPDJEQO,minimal,The clock is on the table. Ali bumps the lamp. The clock BLANK.,cb7a432a-c5db-586f-98f9-422792efd822,doesn't break,breaks,doesn't break,breaks,doesn't break,1,4004.4000005722046,1302.8000001907349,
AMUZFMLPDJEQO,minimal,The empty tub is on the table. Ali fills the sink. The tub is BLANK.,cc2cb203-9a96-586b-9727-0a8212155c43,dry,wet,dry,wet,dry,1,6768.10000038147,2400.300000190735,
AMUZFMLPDJEQO,minimal,The empty tub is on the table. Ali fills the sink. The tub is BLANK.,cc2cb203-9a96-586b-9727-0a8212155c43,dry,wet,,,dry,-1,,,"Even though Ali fills the sink, the tub remains empty, so it is dry."
AMUZFMLPDJEQO,minimal,The empty jug is on the table. Ali knocks the jug over. The table is BLANK.,2fc6d99a-038d-5235-bc08-f350777f4e86,dry,wet,dry,wet,dry,1,2291.699999809265,18911.900000572205,
AMUZFMLPDJEQO,minimal,The empty jug is on the table. Ali knocks the jug over. The table is BLANK.,2fc6d99a-038d-5235-bc08-f350777f4e86,dry,wet,,,dry,-1,,,"The jug was empty, so the table would not get wet."
A2YR34IWZOBQL5,minimal,The empty jug is on the table. Ali fills the sink. The jug is BLANK.,654f6276-9e9e-52c2-867d-b66c3aa70976,dry,wet,dry,wet,dry,1,4628.0,8563.0,
A2YR34IWZOBQL5,minimal,The tea is on the table. Ali turns on the stove. The tea gets BLANK.,f4d79629-266b-5267-8ea1-847001b48e5a,colder,warmer,warmer,colder,colder,1,8409.0,5923.0,
A2YR34IWZOBQL5,minimal,The plate is on the floor. Ali bumps the table. The plate BLANK.,746aa902-d880-5b36-add1-a3457a31beb3,doesn't break,breaks,doesn't break,breaks,doesn't break,1,902.0,5974.0,
A2YR34IWZOBQL5,minimal,The vase is North of Ali. Ali turns around. The vase is BLANK Ali.,a3aa7fe8-9da6-5cc8-8664-c4fd06944bd2,North of,South of,South of,North of,South of,0,1094.0,1449.0,
A2YR34IWZOBQL5,minimal,The dog is North of Ali. Ali turns around. The dog is BLANK Ali.,51f91196-934d-5ef1-b798-f0d70fe6a0c2,North of,South of,North of,South of,South of,0,501.0,5143.0,
A2YR34IWZOBQL5,minimal,The plate is on the table. Ali bumps the lamp. The plate BLANK.,aaa1f7f2-1b97-5138-9daa-38fb1bd7bc25,doesn't break,breaks,breaks,doesn't break,doesn't break,1,997.0,3380.0,
A2YR34IWZOBQL5,minimal,The mug is on the table. Ali bumps the lamp. The mug BLANK.,81e84bb2-9f95-5bbd-bbe3-af94794b6123,doesn't break,breaks,doesn't break,breaks,breaks,0,571.0,10004.0,
A2YR34IWZOBQL5,minimal,The empty carton is on the table. Ali knocks the carton over. The table is BLANK.,6bb50e85-6ac5-52a5-b623-32e416664177,dry,wet,wet,dry,wet,0,6718.0,36987.0,
A2YR34IWZOBQL5,minimal,The painting is North of Ali. Ali turns around. The painting is BLANK Ali.,64e3f33d-f1bb-5469-960d-6b974ada7e0a,North of,South of,South of,North of,South of,0,501.0,3320.0,
A2YR34IWZOBQL5,minimal,The empty pitcher is on the table. Ali fills the sink. The pitcher is BLANK.,ee9b763e-9f9e-59f8-9bc5-1c6e2075abae,dry,wet,dry,wet,dry,1,461.0,9344.0,
A2YR34IWZOBQL5,minimal,The empty cup is on the table. Ali knocks the cup over. The table is BLANK.,e6aecef6-eb29-5c41-a462-92c423095047,dry,wet,dry,wet,dry,1,279.0,503.0,
A2YR34IWZOBQL5,minimal,The laptop is on the floor. Ali bumps the table. The laptop BLANK.,88059c09-088b-5009-bafd-b7e931442077,doesn't break,breaks,doesn't break,breaks,doesn't break,1,678.0,306.0,
A2YR34IWZOBQL5,minimal,The sauce is on the table. Ali turns on the stove. The sauce gets BLANK.,7ba8e937-510d-512c-ac3a-9877388c0eec,colder,warmer,warmer,colder,warmer,0,312.0,394.0,
AMNRYECHXZY34,minimal,The empty flask is on the table. Ali knocks the flask over. The table is BLANK.,4d25e5cd-4b9f-54f6-abe2-eafde27f21c2,dry,wet,dry,wet,wet,0,6549.0,1317.0,
AMNRYECHXZY34,minimal,The empty kettle is on the table. Ali fills the sink. The kettle is BLANK.,335be0e6-a5ed-5801-80f1-5c6cab349d24,dry,wet,wet,dry,dry,1,7076.0,2603.0,
AMNRYECHXZY34,minimal,The book is North of Ali. Ali turns around. The book is BLANK Ali.,68d84e25-fe4e-5077-a48e-f046d48af2fc,North of,South of,North of,South of,South of,0,6528.0,1204.0,
AMNRYECHXZY34,minimal,The chicken is on the table. Ali turns on the stove. The chicken gets BLANK.,6fbad9b4-9231-5796-a9b4-b8e8fb940654,colder,warmer,warmer,colder,warmer,0,3809.0,849.0,
AMNRYECHXZY34,minimal,The empty bowl is on the table. Ali knocks the bowl over. The table is BLANK.,06b16899-ccf7-506d-b8e7-c094839d0ed7,dry,wet,wet,dry,wet,0,3232.0,2932.0,
AMNRYECHXZY34,minimal,The curry is on the table. Ali turns on the stove. The curry gets BLANK.,b0f42dcc-e0f5-5341-907b-8832326e0521,colder,warmer,colder,warmer,warmer,0,4005.0,4300.0,
AMNRYECHXZY34,minimal,The empty jar is on the table. Ali fills the sink. The jar is BLANK.,637372ba-bac0-5ffc-95af-27467657d0b0,dry,wet,wet,dry,dry,1,2681.0,2093.0,
AMNRYECHXZY34,minimal,The portrait is on the table. Ali bumps the lamp. The portrait BLANK.,887ddffd-f870-51c3-a4da-9d16882413d5,doesn't break,breaks,breaks,doesn't break,doesn't break,1,4933.0,2292.0,
AMNRYECHXZY34,minimal,The candle is on the table. Ali bumps the lamp. The candle BLANK.,0edfc764-15dc-56a4-97f0-79696d42e604,doesn't break,breaks,breaks,doesn't break,breaks,0,2527.0,1603.0,
AMNRYECHXZY34,minimal,The ornament is on the floor. Ali bumps the table. The ornament BLANK.,e5ae0bb2-4f9a-5c05-8a70-d24d352debe0,doesn't break,breaks,doesn't break,breaks,doesn't break,1,2729.0,927.0,
AMNRYECHXZY34,minimal,The computer is North of Ali. Ali turns around. The computer is BLANK Ali.,40691f9e-5ca7-5c21-98cb-f1f3e90fece7,North of,South of,North of,South of,South of,0,6807.0,536.0,
AMNRYECHXZY34,minimal,The tablet is on the floor. Ali bumps the table. The tablet BLANK.,c746580e-0ddd-5f98-b93a-f4cca7c1f161,doesn't break,breaks,breaks,doesn't break,doesn't break,1,3700.0,562.0,
A330JJZGJL7IG2,minimal,The empty flask is on the table. Ali fills the sink. The flask is BLANK.,9727b31c-2a14-5db5-9980-0074c623524f,dry,wet,wet,dry,dry,1,7522.0,5483.0,
A330JJZGJL7IG2,minimal,The chili is on the table. Ali turns on the stove. The chili gets BLANK.,688b9409-948b-5506-a5bd-8f72bd8f0cdd,colder,warmer,warmer,colder,colder,1,4506.0,3798.0,
A330JJZGJL7IG2,minimal,The gumbo is on the table. Ali turns on the stove. The gumbo gets BLANK.,052dddd5-a2cf-5e97-90ed-7e2d2e91f62e,colder,warmer,colder,warmer,colder,1,4367.0,6868.0,
A330JJZGJL7IG2,minimal,The lamp is on the floor. Ali bumps the table. The lamp BLANK.,730042f0-d8b0-5c6c-8bf7-410416a84eb5,doesn't break,breaks,doesn't break,breaks,doesn't break,1,5757.0,3124.0,
AMOBC1D09Q381,minimal,The whiteboard is North of Ali. Ali turns around. The whiteboard is BLANK Ali.,a375252e-8be0-5a31-8826-ab7a09baa72d,North of,South of,North of,South of,North of,1,6732.0,1548.0,
AMOBC1D09Q381,minimal,The empty tub is on the table. Ali fills the sink. The tub is BLANK.,cc2cb203-9a96-586b-9727-0a8212155c43,dry,wet,dry,wet,dry,1,8225.0,5099.0,
AMOBC1D09Q381,minimal,The empty thermos is on the table. Ali fills the sink. The thermos is BLANK.,ca1d2738-b7ef-5748-bc41-00d7b201a41c,dry,wet,wet,dry,wet,0,7158.0,2549.0,
AMOBC1D09Q381,minimal,The street is North of Ali. Ali turns around. The street is BLANK Ali.,51679ab6-e072-51aa-920a-095c3ab09319,North of,South of,North of,South of,South of,0,8904.0,5977.0,
AMOBC1D09Q381,minimal,The clock is on the table. Ali bumps the lamp. The clock BLANK.,cb7a432a-c5db-586f-98f9-422792efd822,doesn't break,breaks,doesn't break,breaks,doesn't break,1,4996.0,2660.0,
AMOBC1D09Q381,minimal,The mirror is on the floor. Ali bumps the table. The mirror BLANK.,c476f558-1f2e-503e-90a0-b300840ca6e1,doesn't break,breaks,doesn't break,breaks,doesn't break,1,6951.0,1411.0,
AMOBC1D09Q381,minimal,The empty vase is on the table. Ali knocks the vase over. The table is BLANK.,c79d12ce-733d-590c-bf09-4db1c50645ce,dry,wet,dry,wet,dry,1,6723.0,3795.0,
AMOBC1D09Q381,minimal,The steak is on the table. Ali turns on the stove. The steak gets BLANK.,403f4fa5-5200-5d22-9f1b-6e2c2edf755c,colder,warmer,warmer,colder,colder,1,5532.0,2597.0,
AMOBC1D09Q381,minimal,The empty jug is on the table. Ali knocks the jug over. The table is BLANK.,2fc6d99a-038d-5235-bc08-f350777f4e86,dry,wet,dry,wet,dry,1,6636.0,3041.0,
AMOBC1D09Q381,minimal,The sculpture is on the table. Ali bumps the lamp. The sculpture BLANK.,8f5095bc-b58d-59fb-94fa-7c121e14b746,doesn't break,breaks,breaks,doesn't break,doesn't break,1,5059.0,2092.0,
AMOBC1D09Q381,minimal,The television is on the floor. Ali bumps the table. The television BLANK.,4e7ee80f-f119-5b6d-82df-ba4d4ad03735,doesn't break,breaks,breaks,doesn't break,doesn't break,1,3395.0,4531.0,
AMOBC1D09Q381,minimal,The fish is on the table. Ali turns on the stove. The fish gets BLANK.,4ec9870c-0c7d-5611-b076-993ce15358f1,colder,warmer,warmer,colder,warmer,0,3958.0,10398.0,
AMOBC1D09Q381,minimal,The whiteboard is North of Ali. Ali turns around. The whiteboard is BLANK Ali.,a375252e-8be0-5a31-8826-ab7a09baa72d,North of,South of,North of,South of,North of,1,4635.0,1725.0,
AMOBC1D09Q381,minimal,The whiteboard is North of Ali. Ali turns around. The whiteboard is BLANK Ali.,a375252e-8be0-5a31-8826-ab7a09baa72d,North of,South of,,,North of,-1,,,Even if Ali turns around the whiteboard will still be north of him.
AMOBC1D09Q381,minimal,The empty tub is on the table. Ali fills the sink. The tub is BLANK.,cc2cb203-9a96-586b-9727-0a8212155c43,dry,wet,wet,dry,dry,1,6541.0,2043.0,
AMOBC1D09Q381,minimal,The empty tub is on the table. Ali fills the sink. The tub is BLANK.,cc2cb203-9a96-586b-9727-0a8212155c43,dry,wet,,,dry,-1,,,normally a tub wont be wet unless you fill it with water and ali filled the sink not the tub.
AMOBC1D09Q381,minimal,The empty thermos is on the table. Ali fills the sink. The thermos is BLANK.,ca1d2738-b7ef-5748-bc41-00d7b201a41c,dry,wet,wet,dry,wet,0,7065.0,3083.0,
AMOBC1D09Q381,minimal,The empty thermos is on the table. Ali fills the sink. The thermos is BLANK.,ca1d2738-b7ef-5748-bc41-00d7b201a41c,dry,wet,,,wet,-1,,,I accidentally chose the wrong answer.
AMOBC1D09Q381,minimal,The street is North of Ali. Ali turns around. The street is BLANK Ali.,51679ab6-e072-51aa-920a-095c3ab09319,North of,South of,North of,South of,North of,1,10452.0,4159.0,
AMOBC1D09Q381,minimal,The street is North of Ali. Ali turns around. The street is BLANK Ali.,51679ab6-e072-51aa-920a-095c3ab09319,North of,South of,,,North of,-1,,,the street will still be north of ali when he turns around.
AMOBC1D09Q381,minimal,The mirror is on the floor. Ali bumps the table. The mirror BLANK.,c476f558-1f2e-503e-90a0-b300840ca6e1,doesn't break,breaks,breaks,doesn't break,doesn't break,1,5004.0,2385.0,
AMOBC1D09Q381,minimal,The mirror is on the floor. Ali bumps the table. The mirror BLANK.,c476f558-1f2e-503e-90a0-b300840ca6e1,doesn't break,breaks,,,doesn't break,-1,,,Ali bumps the table not the mirror.
AMOBC1D09Q381,minimal,The empty jug is on the table. Ali knocks the jug over. The table is BLANK.,2fc6d99a-038d-5235-bc08-f350777f4e86,dry,wet,wet,dry,dry,1,6757.0,2261.0,
AMOBC1D09Q381,minimal,The empty jug is on the table. Ali knocks the jug over. The table is BLANK.,2fc6d99a-038d-5235-bc08-f350777f4e86,dry,wet,,,dry,-1,,,the jug is empty to the table will still be dry.
AMOBC1D09Q381,minimal,The sculpture is on the table. Ali bumps the lamp. The sculpture BLANK.,8f5095bc-b58d-59fb-94fa-7c121e14b746,doesn't break,breaks,doesn't break,breaks,doesn't break,1,4233.0,1660.0,
AMOBC1D09Q381,minimal,The sculpture is on the table. Ali bumps the lamp. The sculpture BLANK.,8f5095bc-b58d-59fb-94fa-7c121e14b746,doesn't break,breaks,,,doesn't break,-1,,,"ali bumps the lamp not the table, so the sculpture which is on the table will not break."
A39GP79ULCP9J2,minimal,The empty pitcher is on the table. Ali fills the sink. The pitcher is BLANK.,ee9b763e-9f9e-59f8-9bc5-1c6e2075abae,dry,wet,wet,dry,dry,1,7552.800000000745,3679.10000000149,
A39GP79ULCP9J2,minimal,The empty carton is on the table. Ali knocks the carton over. The table is BLANK.,6bb50e85-6ac5-52a5-b623-32e416664177,dry,wet,wet,dry,dry,1,8247.800000000745,2503.300000000745,
A39GP79ULCP9J2,minimal,The laptop is on the floor. Ali bumps the table. The laptop BLANK.,88059c09-088b-5009-bafd-b7e931442077,doesn't break,breaks,breaks,doesn't break,doesn't break,1,5830.9000000003725,4056.900000000373,
A39GP79ULCP9J2,minimal,The plate is on the floor. Ali bumps the table. The plate BLANK.,746aa902-d880-5b36-add1-a3457a31beb3,doesn't break,breaks,doesn't break,breaks,doesn't break,1,6847.199999999255,2136.0,
A39GP79ULCP9J2,minimal,The mug is on the table. Ali bumps the lamp. The mug BLANK.,81e84bb2-9f95-5bbd-bbe3-af94794b6123,doesn't break,breaks,breaks,doesn't break,doesn't break,1,5815.300000000745,1639.7000000011176,
A39GP79ULCP9J2,minimal,The empty cup is on the table. Ali knocks the cup over. The table is BLANK.,e6aecef6-eb29-5c41-a462-92c423095047,dry,wet,wet,dry,dry,1,6127.199999999255,1655.5,
A39GP79ULCP9J2,minimal,The dog is North of Ali. Ali turns around. The dog is BLANK Ali.,51f91196-934d-5ef1-b798-f0d70fe6a0c2,North of,South of,South of,North of,South of,0,7742.89999999851,6336.5,
A39GP79ULCP9J2,minimal,The empty jug is on the table. Ali fills the sink. The jug is BLANK.,654f6276-9e9e-52c2-867d-b66c3aa70976,dry,wet,dry,wet,dry,1,8535.5,2551.800000000745,
A39GP79ULCP9J2,minimal,The painting is North of Ali. Ali turns around. The painting is BLANK Ali.,64e3f33d-f1bb-5469-960d-6b974ada7e0a,North of,South of,South of,North of,South of,0,7895.89999999851,2759.699999999255,
A39GP79ULCP9J2,minimal,The vase is North of Ali. Ali turns around. The vase is BLANK Ali.,a3aa7fe8-9da6-5cc8-8664-c4fd06944bd2,North of,South of,South of,North of,South of,0,6543.4000000003725,1311.5999999996277,
A39GP79ULCP9J2,minimal,The tea is on the table. Ali turns on the stove. The tea gets BLANK.,f4d79629-266b-5267-8ea1-847001b48e5a,colder,warmer,warmer,colder,colder,1,5511.699999999255,2543.5999999996275,
A39GP79ULCP9J2,minimal,The plate is on the table. Ali bumps the lamp. The plate BLANK.,aaa1f7f2-1b97-5138-9daa-38fb1bd7bc25,doesn't break,breaks,doesn't break,breaks,doesn't break,1,3279.89999999851,1030.9000000003723,
A39GP79ULCP9J2,minimal,The sauce is on the table. Ali turns on the stove. The sauce gets BLANK.,7ba8e937-510d-512c-ac3a-9877388c0eec,colder,warmer,colder,warmer,colder,1,4383.89999999851,831.5,
AN45KLUESX3NY,minimal,The empty bottle is on the table. Ali knocks the bottle over. The table is BLANK.,f1c8f5cb-5ef5-5bd2-b1ae-37722af5ab13,dry,wet,dry,wet,dry,1,1495.0,8720.0,
AN45KLUESX3NY,minimal,The phone is on the table. Ali bumps the lamp. The phone BLANK.,2828fd38-836b-534a-a861-283f930b7d39,doesn't break,breaks,breaks,doesn't break,doesn't break,1,1278.0,7444.0,
AN45KLUESX3NY,minimal,The rice is on the table. Ali turns on the stove. The rice gets BLANK.,ff215e3b-d72f-5802-b7c5-e74b4bbbdb7c,colder,warmer,colder,warmer,warmer,0,2313.0,4158.0,
AN45KLUESX3NY,minimal,The lake is North of Ali. Ali turns around. The lake is BLANK Ali.,9c900f5c-ba5e-50dd-ad14-ff2e930698e4,North of,South of,South of,North of,South of,0,631.0,6378.0,
AN45KLUESX3NY,minimal,The pot is on the floor. Ali bumps the table. The pot BLANK.,0318a66a-6207-5568-9d40-200aa1786c0b,doesn't break,breaks,doesn't break,breaks,doesn't break,1,1258.0,4504.0,
AN45KLUESX3NY,minimal,The empty pot is on the table. Ali knocks the pot over. The table is BLANK.,3bc3df7d-a91c-5999-8bb6-788efd21d35e,dry,wet,wet,dry,dry,1,1808.0,5484.0,
AN45KLUESX3NY,minimal,The phone is on the floor. Ali bumps the table. The phone BLANK.,a0089e09-ecb1-5910-97f4-de47ef22bfcd,doesn't break,breaks,breaks,doesn't break,doesn't break,1,2233.0,2899.0,
AN45KLUESX3NY,minimal,The mirror is on the table. Ali bumps the lamp. The mirror BLANK.,cc6308c4-fe93-592d-bd7c-c3c3495dfb04,doesn't break,breaks,doesn't break,breaks,doesn't break,1,2000.0,2795.0,
AN45KLUESX3NY,minimal,The empty bottle is on the table. Ali fills the sink. The bottle is BLANK.,f20343fe-adbf-5f1f-984e-58ee5b7c2b91,dry,wet,dry,wet,dry,1,2524.0,4055.0,
AN45KLUESX3NY,minimal,The empty container is on the table. Ali fills the sink. The container is BLANK.,8e3a22ae-91ba-581e-9943-23bcec0a345d,dry,wet,dry,wet,dry,1,3025.0,7960.0,
AN45KLUESX3NY,minimal,The city is North of Ali. Ali turns around. The city is BLANK Ali.,d67a4a6d-bc61-537a-8b65-178cf81511b2,North of,South of,North of,South of,South of,0,2129.0,1848.0,
AN45KLUESX3NY,minimal,The stew is on the table. Ali turns on the stove. The stew gets BLANK.,03c79cd5-cadc-5704-b773-cdd109719ae3,colder,warmer,colder,warmer,warmer,0,1666.0,5833.0,
A39LEVQ5CNSNN4,minimal,The sauce is on the table. Ali turns on the stove. The sauce gets BLANK.,7ba8e937-510d-512c-ac3a-9877388c0eec,colder,warmer,warmer,colder,warmer,0,9682.0,14736.0,
A39LEVQ5CNSNN4,minimal,The empty cup is on the table. Ali knocks the cup over. The table is BLANK.,e6aecef6-eb29-5c41-a462-92c423095047,dry,wet,dry,wet,wet,0,5533.0,4382.0,
A39LEVQ5CNSNN4,minimal,The plate is on the floor. Ali bumps the table. The plate BLANK.,746aa902-d880-5b36-add1-a3457a31beb3,doesn't break,breaks,breaks,doesn't break,doesn't break,1,4885.0,3128.0,
A39LEVQ5CNSNN4,minimal,The empty carton is on the table. Ali knocks the carton over. The table is BLANK.,6bb50e85-6ac5-52a5-b623-32e416664177,dry,wet,wet,dry,dry,1,6232.0,8232.0,
A39LEVQ5CNSNN4,minimal,The painting is North of Ali. Ali turns around. The painting is BLANK Ali.,64e3f33d-f1bb-5469-960d-6b974ada7e0a,North of,South of,South of,North of,South of,0,6014.0,6151.0,
A39LEVQ5CNSNN4,minimal,The tea is on the table. Ali turns on the stove. The tea gets BLANK.,f4d79629-266b-5267-8ea1-847001b48e5a,colder,warmer,warmer,colder,colder,1,3894.0,14779.0,
A39LEVQ5CNSNN4,minimal,The vase is North of Ali. Ali turns around. The vase is BLANK Ali.,a3aa7fe8-9da6-5cc8-8664-c4fd06944bd2,North of,South of,North of,South of,South of,0,2367.0,18794.0,
A39LEVQ5CNSNN4,minimal,The dog is North of Ali. Ali turns around. The dog is BLANK Ali.,51f91196-934d-5ef1-b798-f0d70fe6a0c2,North of,South of,South of,North of,South of,0,3935.0,5325.0,
A39LEVQ5CNSNN4,minimal,The laptop is on the floor. Ali bumps the table. The laptop BLANK.,88059c09-088b-5009-bafd-b7e931442077,doesn't break,breaks,breaks,doesn't break,doesn't break,1,2868.0,3922.0,
A39LEVQ5CNSNN4,minimal,The empty jug is on the table. Ali fills the sink. The jug is BLANK.,654f6276-9e9e-52c2-867d-b66c3aa70976,dry,wet,dry,wet,dry,1,8111.0,2214.0,
A39LEVQ5CNSNN4,minimal,The empty pitcher is on the table. Ali fills the sink. The pitcher is BLANK.,ee9b763e-9f9e-59f8-9bc5-1c6e2075abae,dry,wet,wet,dry,dry,1,2968.0,6694.0,
A39LEVQ5CNSNN4,minimal,The mug is on the table. Ali bumps the lamp. The mug BLANK.,81e84bb2-9f95-5bbd-bbe3-af94794b6123,doesn't break,breaks,doesn't break,breaks,doesn't break,1,2695.0,6031.0,
A39LEVQ5CNSNN4,minimal,The plate is on the table. Ali bumps the lamp. The plate BLANK.,aaa1f7f2-1b97-5138-9daa-38fb1bd7bc25,doesn't break,breaks,doesn't break,breaks,doesn't break,1,15728.0,2246.0,
ARELG5OUZK5XZ,minimal,The man is North of Ali. Ali turns around. The man is BLANK Ali.,42f4e9ba-3d9f-52aa-aa48-aaf77bdffda2,North of,South of,North of,South of,North of,1,749.6000001430511,689.4000000953674,
ARELG5OUZK5XZ,minimal,The bottle is on the table. Ali bumps the lamp. The bottle BLANK.,8e5290bc-3ba2-56b3-b1c5-33531c9a12ae,doesn't break,breaks,doesn't break,breaks,doesn't break,1,670.2000000476837,609.9000000953674,
ARELG5OUZK5XZ,minimal,The coffee is on the table. Ali turns on the stove. The coffee gets BLANK.,aad29bfa-c5cb-5d6a-9c3f-296137723195,colder,warmer,warmer,colder,colder,1,1609.7999999523165,680.0,
ARELG5OUZK5XZ,minimal,The clock is on the floor. Ali bumps the table. The clock BLANK.,581ab406-6472-5213-8fa5-924e54aadbbb,doesn't break,breaks,breaks,doesn't break,breaks,0,670.1000001430511,679.7999999523163,
ARELG5OUZK5XZ,minimal,The glass is on the floor. Ali bumps the table. The glass BLANK.,2a5f6d9c-8b03-5fe5-8a19-87971947d204,doesn't break,breaks,doesn't break,breaks,doesn't break,1,729.8999998569489,619.8999998569489,
ARELG5OUZK5XZ,minimal,The ocean is North of Ali. Ali turns around. The ocean is BLANK Ali.,8e94a295-1159-50a9-9ebf-d12558060a5d,North of,South of,South of,North of,South of,0,608.0999999046326,671.7000000476837,
ARELG5OUZK5XZ,minimal,The empty mug is on the table. Ali fills the sink. The mug is BLANK.,36794563-6ac8-5075-8df5-b2ecbd8f8c8b,dry,wet,wet,dry,dry,1,739.3999998569489,661.8999998569489,
ARELG5OUZK5XZ,minimal,The jar is on the table. Ali bumps the lamp. The jar BLANK.,ca149acc-4333-5d4e-9b73-b3954089e0b3,doesn't break,breaks,doesn't break,breaks,doesn't break,1,588.2999999523163,611.9000000953674,
ARELG5OUZK5XZ,minimal,The empty can is on the table. Ali knocks the can over. The table is BLANK.,7b0ff26b-5f65-57c0-b1e1-7dac2ab25032,dry,wet,wet,dry,wet,0,669.5,680.2999999523163,
ARELG5OUZK5XZ,minimal,The mug is on the floor. Ali bumps the table. The mug BLANK.,af3ddb77-e0ef-5dc6-a71f-322ffe4f1f53,doesn't break,breaks,doesn't break,breaks,breaks,0,660.0,689.5,
ARELG5OUZK5XZ,minimal,The empty vase is on the table. Ali fills the sink. The vase is BLANK.,608b5972-0b7e-5142-995f-b84143ea7b33,dry,wet,wet,dry,wet,0,640.0,697.6000001430511,
ARELG5OUZK5XZ,minimal,The empty thermos is on the table. Ali knocks the thermos over. The table is BLANK.,504496f0-2b75-5a26-8866-95cbb113f5a4,dry,wet,dry,wet,dry,1,649.2000000476837,660.0,
ARELG5OUZK5XZ,minimal,The broth is on the table. Ali turns on the stove. The broth gets BLANK.,304f867c-d22c-5f80-8b58-04c39ecc54c7,colder,warmer,warmer,colder,warmer,0,682.2999999523163,599.5,
ARELG5OUZK5XZ,minimal,The clock is on the floor. Ali bumps the table. The clock BLANK.,581ab406-6472-5213-8fa5-924e54aadbbb,doesn't break,breaks,doesn't break,breaks,doesn't break,1,892.6000001430511,1291.7000000476835,
ARELG5OUZK5XZ,minimal,The clock is on the floor. Ali bumps the table. The clock BLANK.,581ab406-6472-5213-8fa5-924e54aadbbb,doesn't break,breaks,,,doesn't break,-1,,,the clock doesn't break.
ARELG5OUZK5XZ,minimal,The glass is on the floor. Ali bumps the table. The glass BLANK.,2a5f6d9c-8b03-5fe5-8a19-87971947d204,doesn't break,breaks,breaks,doesn't break,breaks,0,1038.4000000953674,689.6000001430511,
ARELG5OUZK5XZ,minimal,The glass is on the floor. Ali bumps the table. The glass BLANK.,2a5f6d9c-8b03-5fe5-8a19-87971947d204,doesn't break,breaks,,,breaks,-1,,,the glass breaks.
ARELG5OUZK5XZ,minimal,The ocean is North of Ali. Ali turns around. The ocean is BLANK Ali.,8e94a295-1159-50a9-9ebf-d12558060a5d,North of,South of,North of,South of,North of,1,809.1000001430511,680.0999999046326,
ARELG5OUZK5XZ,minimal,The ocean is North of Ali. Ali turns around. The ocean is BLANK Ali.,8e94a295-1159-50a9-9ebf-d12558060a5d,North of,South of,,,North of,-1,,,the ocean is north of ali.
ARELG5OUZK5XZ,minimal,The empty mug is on the table. Ali fills the sink. The mug is BLANK.,36794563-6ac8-5075-8df5-b2ecbd8f8c8b,dry,wet,dry,wet,dry,1,683.3999998569489,829.7000000476837,
ARELG5OUZK5XZ,minimal,The empty mug is on the table. Ali fills the sink. The mug is BLANK.,36794563-6ac8-5075-8df5-b2ecbd8f8c8b,dry,wet,,,dry,-1,,,the mug is dry.
ARELG5OUZK5XZ,minimal,The empty can is on the table. Ali knocks the can over. The table is BLANK.,7b0ff26b-5f65-57c0-b1e1-7dac2ab25032,dry,wet,dry,wet,wet,0,1382.5,919.7000000476836,
ARELG5OUZK5XZ,minimal,The empty can is on the table. Ali knocks the can over. The table is BLANK.,7b0ff26b-5f65-57c0-b1e1-7dac2ab25032,dry,wet,,,wet,-1,,,the table is wet.
ARELG5OUZK5XZ,minimal,The mug is on the floor. Ali bumps the table. The mug BLANK.,af3ddb77-e0ef-5dc6-a71f-322ffe4f1f53,doesn't break,breaks,breaks,doesn't break,breaks,0,1181.3999998569489,719.9000000953674,
ARELG5OUZK5XZ,minimal,The mug is on the floor. Ali bumps the table. The mug BLANK.,af3ddb77-e0ef-5dc6-a71f-322ffe4f1f53,doesn't break,breaks,,,breaks,-1,,,the mug breaks.
ARELG5OUZK5XZ,minimal,The empty vase is on the table. Ali fills the sink. The vase is BLANK.,608b5972-0b7e-5142-995f-b84143ea7b33,dry,wet,dry,wet,dry,1,957.2999999523164,682.8999998569489,
ARELG5OUZK5XZ,minimal,The empty vase is on the table. Ali fills the sink. The vase is BLANK.,608b5972-0b7e-5142-995f-b84143ea7b33,dry,wet,,,dry,-1,,,the vase is dry.
ARELG5OUZK5XZ,minimal,The broth is on the table. Ali turns on the stove. The broth gets BLANK.,304f867c-d22c-5f80-8b58-04c39ecc54c7,colder,warmer,warmer,colder,warmer,0,1471.9000000953674,667.0,
ARELG5OUZK5XZ,minimal,The broth is on the table. Ali turns on the stove. The broth gets BLANK.,304f867c-d22c-5f80-8b58-04c39ecc54c7,colder,warmer,,,warmer,-1,,,the broth gets warmer.
A39L5W9N08RN33,minimal,The porridge is on the table. Ali turns on the stove. The porridge gets BLANK.,2b80b416-13b1-5a5a-9b61-4c40aac5cf9e,colder,warmer,warmer,colder,warmer,0,6072.9000000003725,1505.4000000003723,
A39L5W9N08RN33,minimal,The empty glass is on the table. Ali fills the sink. The glass is BLANK.,34ea25b7-8077-5b64-bc1b-17e62828dfb0,dry,wet,dry,wet,dry,1,2555.0,14305.300000000743,
A39L5W9N08RN33,minimal,The empty cup is on the table. Ali fills the sink. The cup is BLANK.,01ab1e92-2477-582f-a9a9-917cb2a0983b,dry,wet,wet,dry,dry,1,4210.0,4953.800000000745,
A39L5W9N08RN33,minimal,The empty glass is on the table. Ali knocks the glass over. The table is BLANK.,03be173e-02aa-5a79-968a-ce8ea00117d3,dry,wet,wet,dry,dry,1,3812.699999999255,5858.0,
A39L5W9N08RN33,minimal,The soup is on the table. Ali turns on the stove. The soup gets BLANK.,43bffc24-3955-522c-a74b-5fd4b204d283,colder,warmer,colder,warmer,colder,1,892.2000000011176,11641.300000000743,
A39L5W9N08RN33,minimal,The glass is on the floor. Ali bumps the table. The glass BLANK.,2a5f6d9c-8b03-5fe5-8a19-87971947d204,doesn't break,breaks,doesn't break,breaks,doesn't break,1,1731.800000000745,6982.9000000003725,
A39L5W9N08RN33,minimal,The empty glass is on the table. Ali knocks the glass over. The table is BLANK.,03be173e-02aa-5a79-968a-ce8ea00117d3,dry,wet,wet,dry,dry,1,705.5,7085.5,
A39L5W9N08RN33,minimal,The empty mug is on the table. Ali knocks the mug over. The table is BLANK.,7f7d49b6-0545-5dd9-9166-80fc48a498e7,dry,wet,dry,wet,dry,1,1561.39999999851,7806.800000000745,
A39L5W9N08RN33,minimal,The vase is on the floor. Ali bumps the table. The vase BLANK.,b981d9fe-77c9-531c-afc1-fc37c2d11e04,doesn't break,breaks,doesn't break,breaks,doesn't break,1,1327.300000000745,3507.7000000011176,
A39L5W9N08RN33,minimal,The painting is North of Ali. Ali turns around. The painting is BLANK Ali.,64e3f33d-f1bb-5469-960d-6b974ada7e0a,North of,South of,South of,North of,North of,1,1204.4000000003723,9081.10000000149,
A39L5W9N08RN33,minimal,The statue is North of Ali. Ali turns around. The statue is BLANK Ali.,54f3455a-0981-5b04-b253-5891eb7c16e5,North of,South of,North of,South of,North of,1,776.4000000003725,6322.599999999628,
A39L5W9N08RN33,minimal,The vase is on the table. Ali bumps the lamp. The vase BLANK.,2f76e57c-aad0-59fa-99e3-ad747c8c14d1,doesn't break,breaks,breaks,doesn't break,doesn't break,1,629.6999999992549,10734.599999999627,
A39L5W9N08RN33,minimal,The glass is on the table. Ali bumps the lamp. The glass BLANK.,4c8e019f-3f91-5c88-bdea-d68026fd0446,doesn't break,breaks,breaks,doesn't break,doesn't break,1,1300.9000000003723,4826.799999998882,
AU2NVT51E749C,minimal,The vase is on the table. Ali bumps the lamp. The vase BLANK.,2f76e57c-aad0-59fa-99e3-ad747c8c14d1,doesn't break,breaks,breaks,doesn't break,breaks,0,3995.900000000373,4233.700000001118,
AU2NVT51E749C,minimal,The empty mug is on the table. Ali knocks the mug over. The table is BLANK.,7f7d49b6-0545-5dd9-9166-80fc48a498e7,dry,wet,dry,wet,dry,1,2821.2999999988824,5940.89999999851,
A3CBGP3BFGKT7T,minimal,The cup is on the table. Ali bumps the lamp. The cup BLANK.,e9a925cf-de07-55f7-8ab3-9f28791b3728,doesn't break,breaks,breaks,doesn't break,breaks,0,4570.5,1153.699999988079,
A3CBGP3BFGKT7T,minimal,The tree is North of Ali. Ali turns around. The tree is BLANK Ali.,f8a90dad-f837-555e-beb1-3a5da5eb35ef,North of,South of,South of,North of,South of,0,6000.800000011921,2855.1000000089407,
A3CBGP3BFGKT7T,minimal,The museum is North of Ali. Ali turns around. The museum is BLANK Ali.,11d7dec7-34c3-5381-80c8-460155badd74,North of,South of,North of,South of,North of,1,11429.20000000298,5547.79999999702,
A3CBGP3BFGKT7T,minimal,The television is on the table. Ali bumps the lamp. The television BLANK.,60833207-b675-5f32-ab67-85a791ce814f,doesn't break,breaks,doesn't break,breaks,doesn't break,1,5307.09999999404,1593.2999999970198,
A3CBGP3BFGKT7T,minimal,The pasta is on the table. Ali turns on the stove. The pasta gets BLANK.,a74a9014-1030-5c5d-b1d0-43ada1ff9c9d,colder,warmer,warmer,colder,warmer,0,1214.0999999940395,4137.79999999702,
A3CBGP3BFGKT7T,minimal,The empty box is on the table. Ali fills the sink. The box is BLANK.,58b88005-7f83-54dc-8994-ba230c248673,dry,wet,dry,wet,dry,1,4055.59999999404,1567.0,
A3CBGP3BFGKT7T,minimal,The jar is on the floor. Ali bumps the table. The jar BLANK.,272fb3b8-f899-5ff0-ae86-55a1cddaa8e6,doesn't break,breaks,breaks,doesn't break,doesn't break,1,3459.29999999702,945.1000000089408,
A3CBGP3BFGKT7T,minimal,The empty wineglass is on the table. Ali knocks the wineglass over. The table is BLANK.,dfb0bf34-70f6-5390-b055-469ef8e6506c,dry,wet,dry,wet,dry,1,12020.59999999404,3000.79999999702,
A3CBGP3BFGKT7T,minimal,The cup is on the floor. Ali bumps the table. The cup BLANK.,852b0651-2c81-5807-ba4a-d3f2a56a5e5d,doesn't break,breaks,breaks,doesn't break,doesn't break,1,2555.89999999106,977.8999999910592,
A3CBGP3BFGKT7T,minimal,The empty teapot is on the table. Ali knocks the teapot over. The table is BLANK.,35b3312e-b7e0-59b8-933b-ec0336ad5162,dry,wet,wet,dry,dry,1,4165.70000000298,566.4000000059605,
A3CBGP3BFGKT7T,minimal,The water is on the table. Ali turns on the stove. The water gets BLANK.,d363d97e-3c05-5ea9-b0af-4bfba2258626,colder,warmer,colder,warmer,colder,1,6215.899999991059,1335.2000000029802,
A3CBGP3BFGKT7T,minimal,The empty bowl is on the table. Ali fills the sink. The bowl is BLANK.,b53176cd-e250-5a59-b3be-ceaba45ea634,dry,wet,wet,dry,dry,1,3005.0999999940395,1006.3999999910592,
AQT47REKEEOG6,minimal,The empty pitcher is on the table. Ali fills the sink. The pitcher is BLANK.,ee9b763e-9f9e-59f8-9bc5-1c6e2075abae,dry,wet,dry,wet,wet,0,5167.5,6161.799999952316,
AQT47REKEEOG6,minimal,The sauce is on the table. Ali turns on the stove. The sauce gets BLANK.,7ba8e937-510d-512c-ac3a-9877388c0eec,colder,warmer,warmer,colder,warmer,0,3194.7999999523163,869.8999999761581,
AQT47REKEEOG6,minimal,The empty carton is on the table. Ali knocks the carton over. The table is BLANK.,6bb50e85-6ac5-52a5-b623-32e416664177,dry,wet,dry,wet,dry,1,3079.899999976158,2076.600000023842,
AQT47REKEEOG6,minimal,The dog is North of Ali. Ali turns around. The dog is BLANK Ali.,51f91196-934d-5ef1-b798-f0d70fe6a0c2,North of,South of,South of,North of,South of,0,6723.899999976158,661.6999999284744,
AQT47REKEEOG6,minimal,The empty cup is on the table. Ali knocks the cup over. The table is BLANK.,e6aecef6-eb29-5c41-a462-92c423095047,dry,wet,wet,dry,dry,1,1815.1000000238416,2750.100000023842,
AQT47REKEEOG6,minimal,The empty jug is on the table. Ali fills the sink. The jug is BLANK.,654f6276-9e9e-52c2-867d-b66c3aa70976,dry,wet,dry,wet,wet,0,3125.1999999284744,5460.399999976158,
AQT47REKEEOG6,minimal,The vase is North of Ali. Ali turns around. The vase is BLANK Ali.,a3aa7fe8-9da6-5cc8-8664-c4fd06944bd2,North of,South of,North of,South of,South of,0,3220.5,5384.300000071526,
AQT47REKEEOG6,minimal,The mug is on the table. Ali bumps the lamp. The mug BLANK.,81e84bb2-9f95-5bbd-bbe3-af94794b6123,doesn't break,breaks,doesn't break,breaks,doesn't break,1,2452.4000000953674,2725.200000047684,
AQT47REKEEOG6,minimal,The plate is on the floor. Ali bumps the table. The plate BLANK.,746aa902-d880-5b36-add1-a3457a31beb3,doesn't break,breaks,breaks,doesn't break,doesn't break,1,8488.700000047684,950.9000000953674,
AQT47REKEEOG6,minimal,The plate is on the table. Ali bumps the lamp. The plate BLANK.,aaa1f7f2-1b97-5138-9daa-38fb1bd7bc25,doesn't break,breaks,breaks,doesn't break,doesn't break,1,3260.5,955.9000000953674,
AQT47REKEEOG6,minimal,The laptop is on the floor. Ali bumps the table. The laptop BLANK.,88059c09-088b-5009-bafd-b7e931442077,doesn't break,breaks,doesn't break,breaks,doesn't break,1,2801.399999976158,1172.7999999523165,
AQT47REKEEOG6,minimal,The painting is North of Ali. Ali turns around. The painting is BLANK Ali.,64e3f33d-f1bb-5469-960d-6b974ada7e0a,North of,South of,North of,South of,South of,0,2330.1999999284744,880.6000000238419,
AQT47REKEEOG6,minimal,The tea is on the table. Ali turns on the stove. The tea gets BLANK.,f4d79629-266b-5267-8ea1-847001b48e5a,colder,warmer,colder,warmer,colder,1,4413.199999928474,5841.899999976158,
A3D4IFNOBP90IC,minimal,The empty glass is on the table. Ali fills the sink. The glass is BLANK.,34ea25b7-8077-5b64-bc1b-17e62828dfb0,dry,wet,dry,wet,dry,1,16939.39999999851,11718.800000000743,
A3D4IFNOBP90IC,minimal,The porridge is on the table. Ali turns on the stove. The porridge gets BLANK.,2b80b416-13b1-5a5a-9b61-4c40aac5cf9e,colder,warmer,warmer,colder,colder,1,6858.0,11323.0,
A3D4IFNOBP90IC,minimal,The painting is North of Ali. Ali turns around. The painting is BLANK Ali.,64e3f33d-f1bb-5469-960d-6b974ada7e0a,North of,South of,South of,North of,North of,1,27985.300000000745,4479.0,
A3D4IFNOBP90IC,minimal,The empty glass is on the table. Ali knocks the glass over. The table is BLANK.,03be173e-02aa-5a79-968a-ce8ea00117d3,dry,wet,wet,dry,dry,1,18335.800000000745,4090.39999999851,
A3D4IFNOBP90IC,minimal,The empty mug is on the table. Ali knocks the mug over. The table is BLANK.,7f7d49b6-0545-5dd9-9166-80fc48a498e7,dry,wet,wet,dry,dry,1,11595.900000002235,1037.5,
A3D4IFNOBP90IC,minimal,The soup is on the table. Ali turns on the stove. The soup gets BLANK.,43bffc24-3955-522c-a74b-5fd4b204d283,colder,warmer,warmer,colder,colder,1,6467.699999999255,957.3000000007452,
A3D4IFNOBP90IC,minimal,The glass is on the floor. Ali bumps the table. The glass BLANK.,2a5f6d9c-8b03-5fe5-8a19-87971947d204,doesn't break,breaks,doesn't break,breaks,doesn't break,1,10408.20000000298,4475.900000002235,
A3D4IFNOBP90IC,minimal,The statue is North of Ali. Ali turns around. The statue is BLANK Ali.,54f3455a-0981-5b04-b253-5891eb7c16e5,North of,South of,South of,North of,North of,1,14450.400000002235,12544.5,
AW5O1RK3W60FC,minimal,The tree is North of Ali. Ali turns around. The tree is BLANK Ali.,f8a90dad-f837-555e-beb1-3a5da5eb35ef,North of,South of,North of,South of,South of,0,13711.0,8383.600000143051,
AW5O1RK3W60FC,minimal,The empty teapot is on the table. Ali knocks the teapot over. The table is BLANK.,35b3312e-b7e0-59b8-933b-ec0336ad5162,dry,wet,wet,dry,dry,1,7127.700000047684,5335.300000190735,
AW5O1RK3W60FC,minimal,The cup is on the table. Ali bumps the lamp. The cup BLANK.,e9a925cf-de07-55f7-8ab3-9f28791b3728,doesn't break,breaks,breaks,doesn't break,doesn't break,1,11984.300000190737,4470.599999904633,
AW5O1RK3W60FC,minimal,The empty wineglass is on the table. Ali knocks the wineglass over. The table is BLANK.,dfb0bf34-70f6-5390-b055-469ef8e6506c,dry,wet,dry,wet,dry,1,6111.400000095367,1823.5,
AW5O1RK3W60FC,minimal,The water is on the table. Ali turns on the stove. The water gets BLANK.,d363d97e-3c05-5ea9-b0af-4bfba2258626,colder,warmer,colder,warmer,warmer,0,9864.199999809263,4383.200000047684,
AW5O1RK3W60FC,minimal,The television is on the table. Ali bumps the lamp. The television BLANK.,60833207-b675-5f32-ab67-85a791ce814f,doesn't break,breaks,breaks,doesn't break,doesn't break,1,5631.900000095367,3143.200000047684,
AW5O1RK3W60FC,minimal,The pasta is on the table. Ali turns on the stove. The pasta gets BLANK.,a74a9014-1030-5c5d-b1d0-43ada1ff9c9d,colder,warmer,colder,warmer,warmer,0,5687.5,2727.599999904633,
AW5O1RK3W60FC,minimal,The empty bowl is on the table. Ali fills the sink. The bowl is BLANK.,b53176cd-e250-5a59-b3be-ceaba45ea634,dry,wet,wet,dry,wet,0,8448.0,2623.5,
AW5O1RK3W60FC,minimal,The cup is on the floor. Ali bumps the table. The cup BLANK.,852b0651-2c81-5807-ba4a-d3f2a56a5e5d,doesn't break,breaks,doesn't break,breaks,doesn't break,1,9823.0,800.7000000476837,
AW5O1RK3W60FC,minimal,The empty box is on the table. Ali fills the sink. The box is BLANK.,58b88005-7f83-54dc-8994-ba230c248673,dry,wet,wet,dry,dry,1,5887.200000047684,2912.0,
AW5O1RK3W60FC,minimal,The jar is on the floor. Ali bumps the table. The jar BLANK.,272fb3b8-f899-5ff0-ae86-55a1cddaa8e6,doesn't break,breaks,breaks,doesn't break,doesn't break,1,4335.5,1087.5,
AW5O1RK3W60FC,minimal,The museum is North of Ali. Ali turns around. The museum is BLANK Ali.,11d7dec7-34c3-5381-80c8-460155badd74,North of,South of,South of,North of,South of,0,13224.399999856949,823.2999999523163,
A3E47SUA2D4ZXK,minimal,The tea is on the table. Ali turns on the stove. The tea gets BLANK.,f4d79629-266b-5267-8ea1-847001b48e5a,colder,warmer,colder,warmer,colder,1,5289.0,7330.0,
A3E47SUA2D4ZXK,minimal,The empty cup is on the table. Ali knocks the cup over. The table is BLANK.,e6aecef6-eb29-5c41-a462-92c423095047,dry,wet,wet,dry,dry,1,3669.0,5746.0,
A3E47SUA2D4ZXK,minimal,The laptop is on the floor. Ali bumps the table. The laptop BLANK.,88059c09-088b-5009-bafd-b7e931442077,doesn't break,breaks,doesn't break,breaks,doesn't break,1,3746.0,2942.0,
A3E47SUA2D4ZXK,minimal,The plate is on the table. Ali bumps the lamp. The plate BLANK.,aaa1f7f2-1b97-5138-9daa-38fb1bd7bc25,doesn't break,breaks,breaks,doesn't break,doesn't break,1,3495.0,2139.0,
A3E47SUA2D4ZXK,minimal,The empty carton is on the table. Ali knocks the carton over. The table is BLANK.,6bb50e85-6ac5-52a5-b623-32e416664177,dry,wet,wet,dry,dry,1,4019.0,2155.0,
A3E47SUA2D4ZXK,minimal,The empty jug is on the table. Ali fills the sink. The jug is BLANK.,654f6276-9e9e-52c2-867d-b66c3aa70976,dry,wet,dry,wet,dry,1,3575.0,2698.0,
A3E47SUA2D4ZXK,minimal,The sauce is on the table. Ali turns on the stove. The sauce gets BLANK.,7ba8e937-510d-512c-ac3a-9877388c0eec,colder,warmer,colder,warmer,colder,1,2618.0,2638.0,
A3E47SUA2D4ZXK,minimal,The vase is North of Ali. Ali turns around. The vase is BLANK Ali.,a3aa7fe8-9da6-5cc8-8664-c4fd06944bd2,North of,South of,South of,North of,North of,1,3989.0,3989.0,
A3E47SUA2D4ZXK,minimal,The painting is North of Ali. Ali turns around. The painting is BLANK Ali.,64e3f33d-f1bb-5469-960d-6b974ada7e0a,North of,South of,South of,North of,North of,1,3480.0,5727.0,
A3E47SUA2D4ZXK,minimal,The empty pitcher is on the table. Ali fills the sink. The pitcher is BLANK.,ee9b763e-9f9e-59f8-9bc5-1c6e2075abae,dry,wet,dry,wet,dry,1,2634.0,4026.0,
A3E47SUA2D4ZXK,minimal,The mug is on the table. Ali bumps the lamp. The mug BLANK.,81e84bb2-9f95-5bbd-bbe3-af94794b6123,doesn't break,breaks,breaks,doesn't break,doesn't break,1,3085.0,1750.0,
A3E47SUA2D4ZXK,minimal,The plate is on the floor. Ali bumps the table. The plate BLANK.,746aa902-d880-5b36-add1-a3457a31beb3,doesn't break,breaks,doesn't break,breaks,doesn't break,1,3711.0,1004.0,
A3E47SUA2D4ZXK,minimal,The dog is North of Ali. Ali turns around. The dog is BLANK Ali.,51f91196-934d-5ef1-b798-f0d70fe6a0c2,North of,South of,South of,North of,North of,1,4844.0,1972.0,
AVBT6U06WXR9C,minimal,The man is North of Ali. Ali turns around. The man is BLANK Ali.,42f4e9ba-3d9f-52aa-aa48-aaf77bdffda2,North of,South of,South of,North of,South of,0,4269.899999856949,1796.0,
AVBT6U06WXR9C,minimal,The mug is on the floor. Ali bumps the table. The mug BLANK.,af3ddb77-e0ef-5dc6-a71f-322ffe4f1f53,doesn't break,breaks,doesn't break,breaks,breaks,0,1073.7000000476835,6112.399999856949,
AVBT6U06WXR9C,minimal,The empty mug is on the table. Ali fills the sink. The mug is BLANK.,36794563-6ac8-5075-8df5-b2ecbd8f8c8b,dry,wet,dry,wet,dry,1,1900.3999998569489,4584.100000143051,
AVBT6U06WXR9C,minimal,The ocean is North of Ali. Ali turns around. The ocean is BLANK Ali.,8e94a295-1159-50a9-9ebf-d12558060a5d,North of,South of,North of,South of,South of,0,1466.7999999523165,5109.700000047684,
AVBT6U06WXR9C,minimal,The glass is on the floor. Ali bumps the table. The glass BLANK.,2a5f6d9c-8b03-5fe5-8a19-87971947d204,doesn't break,breaks,doesn't break,breaks,breaks,0,2766.9000000953674,1556.7000000476835,
AVBT6U06WXR9C,minimal,The empty vase is on the table. Ali fills the sink. The vase is BLANK.,608b5972-0b7e-5142-995f-b84143ea7b33,dry,wet,dry,wet,wet,0,1051.7999999523165,5488.899999856949,
AVBT6U06WXR9C,minimal,The jar is on the table. Ali bumps the lamp. The jar BLANK.,ca149acc-4333-5d4e-9b73-b3954089e0b3,doesn't break,breaks,breaks,doesn't break,breaks,0,996.6000001430511,4556.299999952316,
AVBT6U06WXR9C,minimal,The clock is on the floor. Ali bumps the table. The clock BLANK.,581ab406-6472-5213-8fa5-924e54aadbbb,doesn't break,breaks,breaks,doesn't break,breaks,0,2547.899999856949,1641.7000000476835,
AVBT6U06WXR9C,minimal,The broth is on the table. Ali turns on the stove. The broth gets BLANK.,304f867c-d22c-5f80-8b58-04c39ecc54c7,colder,warmer,colder,warmer,warmer,0,868.0,3808.599999904633,
AVBT6U06WXR9C,minimal,The coffee is on the table. Ali turns on the stove. The coffee gets BLANK.,aad29bfa-c5cb-5d6a-9c3f-296137723195,colder,warmer,warmer,colder,warmer,0,2913.099999904633,1274.5999999046326,
AVBT6U06WXR9C,minimal,The empty can is on the table. Ali knocks the can over. The table is BLANK.,7b0ff26b-5f65-57c0-b1e1-7dac2ab25032,dry,wet,wet,dry,wet,0,653.5,8787.100000143051,
AVBT6U06WXR9C,minimal,The bottle is on the table. Ali bumps the lamp. The bottle BLANK.,8e5290bc-3ba2-56b3-b1c5-33531c9a12ae,doesn't break,breaks,doesn't break,breaks,breaks,0,991.8999998569489,2175.700000047684,
AVBT6U06WXR9C,minimal,The empty thermos is on the table. Ali knocks the thermos over. The table is BLANK.,504496f0-2b75-5a26-8866-95cbb113f5a4,dry,wet,dry,wet,wet,0,2688.599999904633,1620.2999999523165,
AYG8B3ZK9K6E4,minimal,The empty jar is on the table. Ali knocks the jar over. The table is BLANK.,d0c6d46f-fa2f-5c0a-93d2-5ebf343adfef,dry,wet,dry,wet,wet,0,154.0,357.0,
AYG8B3ZK9K6E4,minimal,The empty flask is on the table. Ali fills the sink. The flask is BLANK.,9727b31c-2a14-5db5-9980-0074c623524f,dry,wet,wet,dry,wet,0,72.0,574.0,
AYG8B3ZK9K6E4,minimal,The gumbo is on the table. Ali turns on the stove. The gumbo gets BLANK.,052dddd5-a2cf-5e97-90ed-7e2d2e91f62e,colder,warmer,colder,warmer,warmer,0,60.0,564.0,
AYG8B3ZK9K6E4,minimal,The lamp is on the floor. Ali bumps the table. The lamp BLANK.,730042f0-d8b0-5c6c-8bf7-410416a84eb5,doesn't break,breaks,breaks,doesn't break,breaks,0,380.0,671.0,
AYG8B3ZK9K6E4,minimal,The chili is on the table. Ali turns on the stove. The chili gets BLANK.,688b9409-948b-5506-a5bd-8f72bd8f0cdd,colder,warmer,warmer,colder,warmer,0,186.0,350.0,
AYG8B3ZK9K6E4,minimal,The tablet is on the table. Ali bumps the lamp. The tablet BLANK.,1859f2b1-26a2-5a64-959f-fab9926dbb6d,doesn't break,breaks,doesn't break,breaks,doesn't break,1,248.0,321.0,
AYG8B3ZK9K6E4,minimal,The empty pitcher is on the table. Ali knocks the pitcher over. The table is BLANK.,ce777ad4-6e7f-5a27-bd97-42231b86b999,dry,wet,dry,wet,wet,0,253.0,375.0,
AYG8B3ZK9K6E4,minimal,The emtpy can is on the table. Ali fills the sink. The can is BLANK.,23582299-2316-5e9e-a72f-ef1038bc4df3,dry,wet,dry,wet,wet,0,208.0,216.0,
AYG8B3ZK9K6E4,minimal,The house is North of Ali. Ali turns around. The house is BLANK Ali.,168b3f9d-5c7e-5e03-948e-a8b96b9e08a7,North of,South of,South of,North of,South of,0,353.0,296.0,
AYG8B3ZK9K6E4,minimal,The mountain is North of Ali. Ali turns around. The mountain is BLANK Ali.,cbe70172-4bc2-5518-ae97-53e795d58f6a,North of,South of,South of,North of,South of,0,91.0,108.0,
AYG8B3ZK9K6E4,minimal,The ornament is on the table. Ali bumps the lamp. The ornament BLANK.,95cf280f-0045-5691-9286-ca2825f711f3,doesn't break,breaks,doesn't break,breaks,breaks,0,1062.0,2627.0,
AYG8B3ZK9K6E4,minimal,The sculpture is on the floor. Ali bumps the table. The sculpture BLANK.,6837d037-fd89-5325-945f-ec953cdaf8fc,doesn't break,breaks,doesn't break,breaks,doesn't break,1,269.0,298.0,
A3EUGO4VR2N4G1,minimal,The mirror is on the floor. Ali bumps the table. The mirror BLANK.,c476f558-1f2e-503e-90a0-b300840ca6e1,doesn't break,breaks,breaks,doesn't break,doesn't break,1,7474.200000047684,4700.300000011921,
A3EUGO4VR2N4G1,minimal,The clock is on the table. Ali bumps the lamp. The clock BLANK.,cb7a432a-c5db-586f-98f9-422792efd822,doesn't break,breaks,doesn't break,breaks,doesn't break,1,11252.399999976158,1388.5,
A3EUGO4VR2N4G1,minimal,The empty thermos is on the table. Ali fills the sink. The thermos is BLANK.,ca1d2738-b7ef-5748-bc41-00d7b201a41c,dry,wet,dry,wet,dry,1,3461.899999976158,1329.300000011921,
A3EUGO4VR2N4G1,minimal,The sculpture is on the table. Ali bumps the lamp. The sculpture BLANK.,8f5095bc-b58d-59fb-94fa-7c121e14b746,doesn't break,breaks,breaks,doesn't break,doesn't break,1,3821.899999976158,1080.300000011921,
A3EUGO4VR2N4G1,minimal,The street is North of Ali. Ali turns around. The street is BLANK Ali.,51679ab6-e072-51aa-920a-095c3ab09319,North of,South of,North of,South of,South of,0,4815.599999964237,944.0,
A3EUGO4VR2N4G1,minimal,The television is on the floor. Ali bumps the table. The television BLANK.,4e7ee80f-f119-5b6d-82df-ba4d4ad03735,doesn't break,breaks,doesn't break,breaks,doesn't break,1,3183.7999999523163,1748.300000011921,
A3EUGO4VR2N4G1,minimal,The steak is on the table. Ali turns on the stove. The steak gets BLANK.,403f4fa5-5200-5d22-9f1b-6e2c2edf755c,colder,warmer,warmer,colder,colder,1,4702.0,4504.299999952316,
A3EUGO4VR2N4G1,minimal,The empty vase is on the table. Ali knocks the vase over. The table is BLANK.,c79d12ce-733d-590c-bf09-4db1c50645ce,dry,wet,wet,dry,dry,1,5393.100000023842,2767.199999988079,
A3EUGO4VR2N4G1,minimal,The empty tub is on the table. Ali fills the sink. The tub is BLANK.,cc2cb203-9a96-586b-9727-0a8212155c43,dry,wet,dry,wet,dry,1,3256.800000011921,879.8000000119209,
A3EUGO4VR2N4G1,minimal,The fish is on the table. Ali turns on the stove. The fish gets BLANK.,4ec9870c-0c7d-5611-b076-993ce15358f1,colder,warmer,colder,warmer,colder,1,2939.699999988079,988.899999976158,
A3EUGO4VR2N4G1,minimal,The empty jug is on the table. Ali knocks the jug over. The table is BLANK.,2fc6d99a-038d-5235-bc08-f350777f4e86,dry,wet,dry,wet,dry,1,3062.300000011921,799.6999999880791,
A3EUGO4VR2N4G1,minimal,The whiteboard is North of Ali. Ali turns around. The whiteboard is BLANK Ali.,a375252e-8be0-5a31-8826-ab7a09baa72d,North of,South of,South of,North of,North of,1,3374.199999988079,3417.100000023842,
A82Q1HS5CPZ5I,minimal,The museum is North of Ali. Ali turns around. The museum is BLANK Ali.,11d7dec7-34c3-5381-80c8-460155badd74,North of,South of,North of,South of,South of,0,3308.0,1469.0,
A82Q1HS5CPZ5I,minimal,The pasta is on the table. Ali turns on the stove. The pasta gets BLANK.,a74a9014-1030-5c5d-b1d0-43ada1ff9c9d,colder,warmer,warmer,colder,warmer,0,6070.0,1234.0,
A82Q1HS5CPZ5I,minimal,The television is on the table. Ali bumps the lamp. The television BLANK.,60833207-b675-5f32-ab67-85a791ce814f,doesn't break,breaks,breaks,doesn't break,doesn't break,1,6744.0,718.0,
A82Q1HS5CPZ5I,minimal,The empty wineglass is on the table. Ali knocks the wineglass over. The table is BLANK.,dfb0bf34-70f6-5390-b055-469ef8e6506c,dry,wet,wet,dry,wet,0,5775.0,1080.0,
A82Q1HS5CPZ5I,minimal,The empty teapot is on the table. Ali knocks the teapot over. The table is BLANK.,35b3312e-b7e0-59b8-933b-ec0336ad5162,dry,wet,dry,wet,wet,0,11448.0,1227.0,
A82Q1HS5CPZ5I,minimal,The cup is on the floor. Ali bumps the table. The cup BLANK.,852b0651-2c81-5807-ba4a-d3f2a56a5e5d,doesn't break,breaks,breaks,doesn't break,doesn't break,1,5957.0,710.0,
A82Q1HS5CPZ5I,minimal,The cup is on the table. Ali bumps the lamp. The cup BLANK.,e9a925cf-de07-55f7-8ab3-9f28791b3728,doesn't break,breaks,doesn't break,breaks,breaks,0,4209.0,1041.0,
A82Q1HS5CPZ5I,minimal,The jar is on the floor. Ali bumps the table. The jar BLANK.,272fb3b8-f899-5ff0-ae86-55a1cddaa8e6,doesn't break,breaks,doesn't break,breaks,doesn't break,1,5094.0,597.0,
A82Q1HS5CPZ5I,minimal,The empty bowl is on the table. Ali fills the sink. The bowl is BLANK.,b53176cd-e250-5a59-b3be-ceaba45ea634,dry,wet,wet,dry,dry,1,13166.0,1100.0,
A82Q1HS5CPZ5I,minimal,The empty box is on the table. Ali fills the sink. The box is BLANK.,58b88005-7f83-54dc-8994-ba230c248673,dry,wet,dry,wet,dry,1,17388.0,876.0,
A82Q1HS5CPZ5I,minimal,The tree is North of Ali. Ali turns around. The tree is BLANK Ali.,f8a90dad-f837-555e-beb1-3a5da5eb35ef,North of,South of,North of,South of,North of,1,2986.0,786.0,
A82Q1HS5CPZ5I,minimal,The water is on the table. Ali turns on the stove. The water gets BLANK.,d363d97e-3c05-5ea9-b0af-4bfba2258626,colder,warmer,colder,warmer,colder,1,3865.0,1048.0,
A82Q1HS5CPZ5I,minimal,The museum is North of Ali. Ali turns around. The museum is BLANK Ali.,11d7dec7-34c3-5381-80c8-460155badd74,North of,South of,North of,South of,South of,0,9802.0,777.0,
A82Q1HS5CPZ5I,minimal,The museum is North of Ali. Ali turns around. The museum is BLANK Ali.,11d7dec7-34c3-5381-80c8-460155badd74,North of,South of,,,South of,-1,,,"museum is north, ali turned around so opposite of north is south"
A82Q1HS5CPZ5I,minimal,The pasta is on the table. Ali turns on the stove. The pasta gets BLANK.,a74a9014-1030-5c5d-b1d0-43ada1ff9c9d,colder,warmer,colder,warmer,colder,1,12719.0,1634.0,
A82Q1HS5CPZ5I,minimal,The pasta is on the table. Ali turns on the stove. The pasta gets BLANK.,a74a9014-1030-5c5d-b1d0-43ada1ff9c9d,colder,warmer,,,colder,-1,,,"pasta was on table, not related to the stove so it won't get hotter, so the answer left was colder"
A82Q1HS5CPZ5I,minimal,The empty wineglass is on the table. Ali knocks the wineglass over. The table is BLANK.,dfb0bf34-70f6-5390-b055-469ef8e6506c,dry,wet,dry,wet,wet,0,8796.0,1466.0,
A82Q1HS5CPZ5I,minimal,The empty wineglass is on the table. Ali knocks the wineglass over. The table is BLANK.,dfb0bf34-70f6-5390-b055-469ef8e6506c,dry,wet,,,wet,-1,,,"glass was on table, it was knocked over so its wet"
A82Q1HS5CPZ5I,minimal,The empty teapot is on the table. Ali knocks the teapot over. The table is BLANK.,35b3312e-b7e0-59b8-933b-ec0336ad5162,dry,wet,wet,dry,dry,1,4970.0,2122.0,
A82Q1HS5CPZ5I,minimal,The empty teapot is on the table. Ali knocks the teapot over. The table is BLANK.,35b3312e-b7e0-59b8-933b-ec0336ad5162,dry,wet,,,dry,-1,,,teapot is empty
A82Q1HS5CPZ5I,minimal,The cup is on the table. Ali bumps the lamp. The cup BLANK.,e9a925cf-de07-55f7-8ab3-9f28791b3728,doesn't break,breaks,breaks,doesn't break,doesn't break,1,3562.0,1311.0,
A82Q1HS5CPZ5I,minimal,The cup is on the table. Ali bumps the lamp. The cup BLANK.,e9a925cf-de07-55f7-8ab3-9f28791b3728,doesn't break,breaks,,,doesn't break,-1,,,cup was on table so unaffected 
A82Q1HS5CPZ5I,minimal,The empty bowl is on the table. Ali fills the sink. The bowl is BLANK.,b53176cd-e250-5a59-b3be-ceaba45ea634,dry,wet,dry,wet,dry,1,5313.0,770.0,
A82Q1HS5CPZ5I,minimal,The empty bowl is on the table. Ali fills the sink. The bowl is BLANK.,b53176cd-e250-5a59-b3be-ceaba45ea634,dry,wet,,,dry,-1,,,"bowl was on table, not at the sink"
A82Q1HS5CPZ5I,minimal,The empty box is on the table. Ali fills the sink. The box is BLANK.,58b88005-7f83-54dc-8994-ba230c248673,dry,wet,dry,wet,dry,1,1578.0,4403.0,
A82Q1HS5CPZ5I,minimal,The empty box is on the table. Ali fills the sink. The box is BLANK.,58b88005-7f83-54dc-8994-ba230c248673,dry,wet,,,dry,-1,,,box on table not in the sink
A8KK3DJZDVNUZ,minimal,The cup is on the floor. Ali bumps the table. The cup BLANK.,852b0651-2c81-5807-ba4a-d3f2a56a5e5d,doesn't break,breaks,breaks,doesn't break,breaks,0,233823.19999999923,23385.0,
A8KK3DJZDVNUZ,minimal,The cup is on the table. Ali bumps the lamp. The cup BLANK.,e9a925cf-de07-55f7-8ab3-9f28791b3728,doesn't break,breaks,breaks,doesn't break,doesn't break,1,995.8000000007452,22058.599999997765,
A8KK3DJZDVNUZ,minimal,The empty box is on the table. Ali fills the sink. The box is BLANK.,58b88005-7f83-54dc-8994-ba230c248673,dry,wet,wet,dry,dry,1,349577.69999999925,32863.400000002235,
A8KK3DJZDVNUZ,minimal,The museum is North of Ali. Ali turns around. The museum is BLANK Ali.,11d7dec7-34c3-5381-80c8-460155badd74,North of,South of,North of,South of,South of,0,1076.5999999977648,29087.89999999851,
A8KK3DJZDVNUZ,minimal,The television is on the table. Ali bumps the lamp. The television BLANK.,60833207-b675-5f32-ab67-85a791ce814f,doesn't break,breaks,breaks,doesn't break,doesn't break,1,102730.09999999776,29486.800000000745,
A8KK3DJZDVNUZ,minimal,The empty bowl is on the table. Ali fills the sink. The bowl is BLANK.,b53176cd-e250-5a59-b3be-ceaba45ea634,dry,wet,dry,wet,wet,0,73274.80000000075,15227.70000000298,
A8KK3DJZDVNUZ,minimal,The jar is on the floor. Ali bumps the table. The jar BLANK.,272fb3b8-f899-5ff0-ae86-55a1cddaa8e6,doesn't break,breaks,breaks,doesn't break,doesn't break,1,125245.10000000148,22481.69999999925,
A8KK3DJZDVNUZ,minimal,The tree is North of Ali. Ali turns around. The tree is BLANK Ali.,f8a90dad-f837-555e-beb1-3a5da5eb35ef,North of,South of,North of,South of,South of,0,508.8999999985099,1931.9000000022352,
A8KK3DJZDVNUZ,minimal,The water is on the table. Ali turns on the stove. The water gets BLANK.,d363d97e-3c05-5ea9-b0af-4bfba2258626,colder,warmer,colder,warmer,warmer,0,475.0,1494.89999999851,
A8KK3DJZDVNUZ,minimal,The pasta is on the table. Ali turns on the stove. The pasta gets BLANK.,a74a9014-1030-5c5d-b1d0-43ada1ff9c9d,colder,warmer,warmer,colder,warmer,0,396.1000000014901,453.6999999992549,
A8KK3DJZDVNUZ,minimal,The empty wineglass is on the table. Ali knocks the wineglass over. The table is BLANK.,dfb0bf34-70f6-5390-b055-469ef8e6506c,dry,wet,dry,wet,dry,1,377.1999999992549,482.1999999992549,
A8KK3DJZDVNUZ,minimal,The empty teapot is on the table. Ali knocks the teapot over. The table is BLANK.,35b3312e-b7e0-59b8-933b-ec0336ad5162,dry,wet,wet,dry,wet,0,396.79999999701977,351.9000000022352,
A8KK3DJZDVNUZ,minimal,The cup is on the floor. Ali bumps the table. The cup BLANK.,852b0651-2c81-5807-ba4a-d3f2a56a5e5d,doesn't break,breaks,doesn't break,breaks,doesn't break,1,500.5,382.29999999701977,
A8KK3DJZDVNUZ,minimal,The cup is on the floor. Ali bumps the table. The cup BLANK.,852b0651-2c81-5807-ba4a-d3f2a56a5e5d,doesn't break,breaks,,,doesn't break,-1,,,BECAUSE THE TABLE IS TWO STRONG AN ALI NOT BUMPS THE TABLE FASTLY.
A3HWJUL2SS2QNT,minimal,The empty wineglass is on the table. Ali knocks the wineglass over. The table is BLANK.,dfb0bf34-70f6-5390-b055-469ef8e6506c,dry,wet,wet,dry,wet,0,2410.9000000059605,1322.800000011921,
A3HWJUL2SS2QNT,minimal,The empty teapot is on the table. Ali knocks the teapot over. The table is BLANK.,35b3312e-b7e0-59b8-933b-ec0336ad5162,dry,wet,wet,dry,dry,1,1242.800000011921,1963.800000011921,
A3HWJUL2SS2QNT,minimal,The empty box is on the table. Ali fills the sink. The box is BLANK.,58b88005-7f83-54dc-8994-ba230c248673,dry,wet,dry,wet,dry,1,5057.59999999404,5638.09999999404,
A3HWJUL2SS2QNT,minimal,The water is on the table. Ali turns on the stove. The water gets BLANK.,d363d97e-3c05-5ea9-b0af-4bfba2258626,colder,warmer,warmer,colder,colder,1,1593.7000000178814,9893.09999999404,
A3HWJUL2SS2QNT,minimal,The empty bowl is on the table. Ali fills the sink. The bowl is BLANK.,b53176cd-e250-5a59-b3be-ceaba45ea634,dry,wet,dry,wet,dry,1,946.5999999940396,11779.0,
A3HWJUL2SS2QNT,minimal,The tree is North of Ali. Ali turns around. The tree is BLANK Ali.,f8a90dad-f837-555e-beb1-3a5da5eb35ef,North of,South of,North of,South of,South of,0,2064.9000000059605,5898.9000000059605,
A3HWJUL2SS2QNT,minimal,The cup is on the floor. Ali bumps the table. The cup BLANK.,852b0651-2c81-5807-ba4a-d3f2a56a5e5d,doesn't break,breaks,breaks,doesn't break,doesn't break,1,410.8000000119209,441.0,
A3HWJUL2SS2QNT,minimal,The television is on the table. Ali bumps the lamp. The television BLANK.,60833207-b675-5f32-ab67-85a791ce814f,doesn't break,breaks,doesn't break,breaks,doesn't break,1,866.8000000119209,3803.900000005961,
A3HWJUL2SS2QNT,minimal,The pasta is on the table. Ali turns on the stove. The pasta gets BLANK.,a74a9014-1030-5c5d-b1d0-43ada1ff9c9d,colder,warmer,warmer,colder,colder,1,1448.5999999940395,3046.9000000059605,
A3HWJUL2SS2QNT,minimal,The jar is on the floor. Ali bumps the table. The jar BLANK.,272fb3b8-f899-5ff0-ae86-55a1cddaa8e6,doesn't break,breaks,breaks,doesn't break,doesn't break,1,2716.5,3898.900000005961,
A3HWJUL2SS2QNT,minimal,The museum is North of Ali. Ali turns around. The museum is BLANK Ali.,11d7dec7-34c3-5381-80c8-460155badd74,North of,South of,North of,South of,North of,1,811.7000000178814,6019.9000000059605,
A3HWJUL2SS2QNT,minimal,The cup is on the table. Ali bumps the lamp. The cup BLANK.,e9a925cf-de07-55f7-8ab3-9f28791b3728,doesn't break,breaks,doesn't break,breaks,doesn't break,1,551.9000000059605,620.9000000059605,
A3HH7T31PFH49C,minimal,The tree is North of Ali. Ali turns around. The tree is BLANK Ali.,f8a90dad-f837-555e-beb1-3a5da5eb35ef,North of,South of,North of,South of,North of,1,14821.799999999814,1240.4000000003723,
A3HH7T31PFH49C,minimal,The jar is on the floor. Ali bumps the table. The jar BLANK.,272fb3b8-f899-5ff0-ae86-55a1cddaa8e6,doesn't break,breaks,breaks,doesn't break,doesn't break,1,9359.299999999814,9815.5,
A3HH7T31PFH49C,minimal,The empty wineglass is on the table. Ali knocks the wineglass over. The table is BLANK.,dfb0bf34-70f6-5390-b055-469ef8e6506c,dry,wet,dry,wet,dry,1,14741.799999999814,10426.0,
A3HH7T31PFH49C,minimal,The pasta is on the table. Ali turns on the stove. The pasta gets BLANK.,a74a9014-1030-5c5d-b1d0-43ada1ff9c9d,colder,warmer,colder,warmer,warmer,0,5254.799999999814,16540.700000000186,
A3HH7T31PFH49C,minimal,The cup is on the table. Ali bumps the lamp. The cup BLANK.,e9a925cf-de07-55f7-8ab3-9f28791b3728,doesn't break,breaks,breaks,doesn't break,doesn't break,1,4905.600000000559,3316.7000000001863,
A3HH7T31PFH49C,minimal,The empty teapot is on the table. Ali knocks the teapot over. The table is BLANK.,35b3312e-b7e0-59b8-933b-ec0336ad5162,dry,wet,wet,dry,dry,1,6183.5,5490.9000000003725,
A3HH7T31PFH49C,minimal,The cup is on the floor. Ali bumps the table. The cup BLANK.,852b0651-2c81-5807-ba4a-d3f2a56a5e5d,doesn't break,breaks,breaks,doesn't break,doesn't break,1,5334.9000000003725,7761.699999999255,
A3HH7T31PFH49C,minimal,The television is on the table. Ali bumps the lamp. The television BLANK.,60833207-b675-5f32-ab67-85a791ce814f,doesn't break,breaks,breaks,doesn't break,doesn't break,1,4377.899999999441,5130.700000000186,
A3HH7T31PFH49C,minimal,The empty bowl is on the table. Ali fills the sink. The bowl is BLANK.,b53176cd-e250-5a59-b3be-ceaba45ea634,dry,wet,wet,dry,dry,1,8262.100000000559,8162.899999999441,
A3HH7T31PFH49C,minimal,The museum is North of Ali. Ali turns around. The museum is BLANK Ali.,11d7dec7-34c3-5381-80c8-460155badd74,North of,South of,North of,South of,North of,1,4780.399999999441,4273.700000000186,
A3HH7T31PFH49C,minimal,The empty box is on the table. Ali fills the sink. The box is BLANK.,58b88005-7f83-54dc-8994-ba230c248673,dry,wet,wet,dry,dry,1,4053.0,6173.200000000186,
A3HH7T31PFH49C,minimal,The water is on the table. Ali turns on the stove. The water gets BLANK.,d363d97e-3c05-5ea9-b0af-4bfba2258626,colder,warmer,colder,warmer,colder,1,4845.4000000003725,8267.400000000373,
AXJYGUTPJ6YC4,minimal,The rice is on the table. Ali turns on the stove. The rice gets BLANK.,ff215e3b-d72f-5802-b7c5-e74b4bbbdb7c,colder,warmer,warmer,colder,warmer,0,4719.199999999255,1251.2999999970198,
AXJYGUTPJ6YC4,minimal,The stew is on the table. Ali turns on the stove. The stew gets BLANK.,03c79cd5-cadc-5704-b773-cdd109719ae3,colder,warmer,colder,warmer,warmer,0,514.8000000007451,3967.300000000745,
AXJYGUTPJ6YC4,minimal,The empty bottle is on the table. Ali fills the sink. The bottle is BLANK.,f20343fe-adbf-5f1f-984e-58ee5b7c2b91,dry,wet,wet,dry,dry,1,5704.699999999255,4659.89999999851,
AXJYGUTPJ6YC4,minimal,The mirror is on the table. Ali bumps the lamp. The mirror BLANK.,cc6308c4-fe93-592d-bd7c-c3c3495dfb04,doesn't break,breaks,breaks,doesn't break,breaks,0,4399.39999999851,13628.099999997765,
AXJYGUTPJ6YC4,minimal,The lake is North of Ali. Ali turns around. The lake is BLANK Ali.,9c900f5c-ba5e-50dd-ad14-ff2e930698e4,North of,South of,South of,North of,South of,0,5949.60000000149,3008.39999999851,
AXJYGUTPJ6YC4,minimal,The phone is on the floor. Ali bumps the table. The phone BLANK.,a0089e09-ecb1-5910-97f4-de47ef22bfcd,doesn't break,breaks,breaks,doesn't break,doesn't break,1,3950.10000000149,2020.199999999255,
AXJYGUTPJ6YC4,minimal,The empty bottle is on the table. Ali knocks the bottle over. The table is BLANK.,f1c8f5cb-5ef5-5bd2-b1ae-37722af5ab13,dry,wet,wet,dry,dry,1,5143.5,2242.89999999851,
AXJYGUTPJ6YC4,minimal,The phone is on the table. Ali bumps the lamp. The phone BLANK.,2828fd38-836b-534a-a861-283f930b7d39,doesn't break,breaks,doesn't break,breaks,doesn't break,1,4544.89999999851,1190.0,
AXJYGUTPJ6YC4,minimal,The pot is on the floor. Ali bumps the table. The pot BLANK.,0318a66a-6207-5568-9d40-200aa1786c0b,doesn't break,breaks,breaks,doesn't break,doesn't break,1,2593.70000000298,892.7000000029802,
AXJYGUTPJ6YC4,minimal,The city is North of Ali. Ali turns around. The city is BLANK Ali.,d67a4a6d-bc61-537a-8b65-178cf81511b2,North of,South of,South of,North of,South of,0,3698.0,866.2999999970198,
AXJYGUTPJ6YC4,minimal,The empty pot is on the table. Ali knocks the pot over. The table is BLANK.,3bc3df7d-a91c-5999-8bb6-788efd21d35e,dry,wet,wet,dry,dry,1,2987.6999999955297,515.1999999955297,
AXJYGUTPJ6YC4,minimal,The empty container is on the table. Ali fills the sink. The container is BLANK.,8e3a22ae-91ba-581e-9943-23bcec0a345d,dry,wet,wet,dry,dry,1,2924.29999999702,2927.60000000149,
A3GVSP3QVK7APN,minimal,The dog is North of Ali. Ali turns around. The dog is BLANK Ali.,51f91196-934d-5ef1-b798-f0d70fe6a0c2,North of,South of,South of,North of,South of,0,6605.899999976158,9855.80000001192,
A3GVSP3QVK7APN,minimal,The tea is on the table. Ali turns on the stove. The tea gets BLANK.,f4d79629-266b-5267-8ea1-847001b48e5a,colder,warmer,colder,warmer,warmer,0,1004.5,9026.899999976158,
A3GVSP3QVK7APN,minimal,The empty jug is on the table. Ali fills the sink. The jug is BLANK.,654f6276-9e9e-52c2-867d-b66c3aa70976,dry,wet,dry,wet,wet,0,895.6000000238419,7358.800000011921,
A3GVSP3QVK7APN,minimal,The painting is North of Ali. Ali turns around. The painting is BLANK Ali.,64e3f33d-f1bb-5469-960d-6b974ada7e0a,North of,South of,North of,South of,South of,0,892.8000000119209,11757.19999998808,
A3GVSP3QVK7APN,minimal,The plate is on the table. Ali bumps the lamp. The plate BLANK.,aaa1f7f2-1b97-5138-9daa-38fb1bd7bc25,doesn't break,breaks,breaks,doesn't break,breaks,0,757.2999999523163,7697.100000023842,
A3GVSP3QVK7APN,minimal,The mug is on the table. Ali bumps the lamp. The mug BLANK.,81e84bb2-9f95-5bbd-bbe3-af94794b6123,doesn't break,breaks,breaks,doesn't break,doesn't break,1,302.80000001192093,9423.30000001192,
A3GVSP3QVK7APN,minimal,The empty cup is on the table. Ali knocks the cup over. The table is BLANK.,e6aecef6-eb29-5c41-a462-92c423095047,dry,wet,wet,dry,wet,0,648.5999999642372,9726.19999998808,
A3GVSP3QVK7APN,minimal,The laptop is on the floor. Ali bumps the table. The laptop BLANK.,88059c09-088b-5009-bafd-b7e931442077,doesn't break,breaks,breaks,doesn't break,breaks,0,327.89999997615814,6401.300000011921,
A3GVSP3QVK7APN,minimal,The sauce is on the table. Ali turns on the stove. The sauce gets BLANK.,7ba8e937-510d-512c-ac3a-9877388c0eec,colder,warmer,colder,warmer,warmer,0,152.30000001192093,9192.19999998808,
A3GVSP3QVK7APN,minimal,The vase is North of Ali. Ali turns around. The vase is BLANK Ali.,a3aa7fe8-9da6-5cc8-8664-c4fd06944bd2,North of,South of,South of,North of,South of,0,170.80000001192093,13468.899999976158,
A3GVSP3QVK7APN,minimal,The plate is on the floor. Ali bumps the table. The plate BLANK.,746aa902-d880-5b36-add1-a3457a31beb3,doesn't break,breaks,breaks,doesn't break,breaks,0,255.7000000476837,8561.199999988079,
A3GVSP3QVK7APN,minimal,The empty carton is on the table. Ali knocks the carton over. The table is BLANK.,6bb50e85-6ac5-52a5-b623-32e416664177,dry,wet,dry,wet,wet,0,286.60000002384186,15766.5,
A3GVSP3QVK7APN,minimal,The empty pitcher is on the table. Ali fills the sink. The pitcher is BLANK.,ee9b763e-9f9e-59f8-9bc5-1c6e2075abae,dry,wet,dry,wet,dry,1,583.7999999523163,8145.0,
A3GVSP3QVK7APN,minimal,The dog is North of Ali. Ali turns around. The dog is BLANK Ali.,51f91196-934d-5ef1-b798-f0d70fe6a0c2,North of,South of,North of,South of,South of,0,247.69999998807907,12135.399999976158,
A3GVSP3QVK7APN,minimal,The dog is North of Ali. Ali turns around. The dog is BLANK Ali.,51f91196-934d-5ef1-b798-f0d70fe6a0c2,North of,South of,,,South of,-1,,,"When Ali turns around, facing the opposite direction, the dog that was originally north of Ali will now be positioned south of Ali because the relative positions are reversed."
A3GVSP3QVK7APN,minimal,The tea is on the table. Ali turns on the stove. The tea gets BLANK.,f4d79629-266b-5267-8ea1-847001b48e5a,colder,warmer,warmer,colder,warmer,0,3363.300000011921,9713.0,
A3GVSP3QVK7APN,minimal,The tea is on the table. Ali turns on the stove. The tea gets BLANK.,f4d79629-266b-5267-8ea1-847001b48e5a,colder,warmer,,,warmer,-1,,,"Turning on the stove provides heat, so the tea's temperature increases, making it warmer. Therefore, ""warmer"" accurately describes the tea's changing state."
A3GVSP3QVK7APN,minimal,The empty jug is on the table. Ali fills the sink. The jug is BLANK.,654f6276-9e9e-52c2-867d-b66c3aa70976,dry,wet,dry,wet,wet,0,2193.600000023842,8777.400000035763,
A3GVSP3QVK7APN,minimal,The empty jug is on the table. Ali fills the sink. The jug is BLANK.,654f6276-9e9e-52c2-867d-b66c3aa70976,dry,wet,,,wet,-1,,,"Filling the sink involves adding water, which can splash or spill onto the jug, making it wet. Thus, ""wet"" accurately describes the jug's likely condition after the action."
A3GVSP3QVK7APN,minimal,The painting is North of Ali. Ali turns around. The painting is BLANK Ali.,64e3f33d-f1bb-5469-960d-6b974ada7e0a,North of,South of,South of,North of,South of,0,1632.7999999523165,7164.700000047684,
A3GVSP3QVK7APN,minimal,The painting is North of Ali. Ali turns around. The painting is BLANK Ali.,64e3f33d-f1bb-5469-960d-6b974ada7e0a,North of,South of,,,South of,-1,,,"When Ali turns around, he faces the opposite direction, so the painting, previously north of him, is now behind him, which means it is south of Ali. Therefore, “South of” correctly describes the painting’s new position relative to Ali."
A3GVSP3QVK7APN,minimal,The plate is on the table. Ali bumps the lamp. The plate BLANK.,aaa1f7f2-1b97-5138-9daa-38fb1bd7bc25,doesn't break,breaks,doesn't break,breaks,breaks,0,1370.899999976158,24889.19999998808,
A3GVSP3QVK7APN,minimal,The plate is on the table. Ali bumps the lamp. The plate BLANK.,aaa1f7f2-1b97-5138-9daa-38fb1bd7bc25,doesn't break,breaks,,,breaks,-1,,,"When Ali bumps the lamp, it creates a disturbance that could cause the plate to fall and shatter, so ""breaks"" is the most logical outcome indicating damage resulting from the bump."
A3GVSP3QVK7APN,minimal,The empty cup is on the table. Ali knocks the cup over. The table is BLANK.,e6aecef6-eb29-5c41-a462-92c423095047,dry,wet,wet,dry,wet,0,1199.899999976158,22368.400000035763,
A3GVSP3QVK7APN,minimal,The empty cup is on the table. Ali knocks the cup over. The table is BLANK.,e6aecef6-eb29-5c41-a462-92c423095047,dry,wet,,,wet,-1,,,"I chose ""wet"" because knocking over the cup likely causes liquid to spill onto the table, making its surface wet."
A3GVSP3QVK7APN,minimal,The laptop is on the floor. Ali bumps the table. The laptop BLANK.,88059c09-088b-5009-bafd-b7e931442077,doesn't break,breaks,doesn't break,breaks,breaks,0,1609.5,23614.400000035763,
A3GVSP3QVK7APN,minimal,The laptop is on the floor. Ali bumps the table. The laptop BLANK.,88059c09-088b-5009-bafd-b7e931442077,doesn't break,breaks,,,breaks,-1,,,"When Ali bumps the table, the laptop, which was on the floor, is likely to be knocked over or damaged, so ""breaks"" logically indicates that the laptop gets damaged or falls."
AYT6G75JNE3OH,minimal,The empty bottle is on the table. Ali knocks the bottle over. The table is BLANK.,f1c8f5cb-5ef5-5bd2-b1ae-37722af5ab13,dry,wet,,,dry,-1,,,
AYT6G75JNE3OH,minimal,The lake is North of Ali. Ali turns around. The lake is BLANK Ali.,9c900f5c-ba5e-50dd-ad14-ff2e930698e4,North of,South of,,,South of,-1,,,
AYT6G75JNE3OH,minimal,The empty pot is on the table. Ali knocks the pot over. The table is BLANK.,3bc3df7d-a91c-5999-8bb6-788efd21d35e,dry,wet,,,dry,-1,,,
AYT6G75JNE3OH,minimal,The rice is on the table. Ali turns on the stove. The rice gets BLANK.,ff215e3b-d72f-5802-b7c5-e74b4bbbdb7c,colder,warmer,,,warmer,-1,,,
AYT6G75JNE3OH,minimal,The mirror is on the table. Ali bumps the lamp. The mirror BLANK.,cc6308c4-fe93-592d-bd7c-c3c3495dfb04,doesn't break,breaks,,,doesn't break,-1,,,
AYT6G75JNE3OH,minimal,The stew is on the table. Ali turns on the stove. The stew gets BLANK.,03c79cd5-cadc-5704-b773-cdd109719ae3,colder,warmer,,,warmer,-1,,,
AYT6G75JNE3OH,minimal,The empty bottle is on the table. Ali fills the sink. The bottle is BLANK.,f20343fe-adbf-5f1f-984e-58ee5b7c2b91,dry,wet,,,dry,-1,,,
AYT6G75JNE3OH,minimal,The empty container is on the table. Ali fills the sink. The container is BLANK.,8e3a22ae-91ba-581e-9943-23bcec0a345d,dry,wet,,,wet,-1,,,
AYT6G75JNE3OH,minimal,The phone is on the floor. Ali bumps the table. The phone BLANK.,a0089e09-ecb1-5910-97f4-de47ef22bfcd,doesn't break,breaks,,,doesn't break,-1,,,
AYT6G75JNE3OH,minimal,The city is North of Ali. Ali turns around. The city is BLANK Ali.,d67a4a6d-bc61-537a-8b65-178cf81511b2,North of,South of,,,South of,-1,,,
A3MYQE53N6PTB8,minimal,The glass is on the floor. Ali bumps the table. The glass BLANK.,2a5f6d9c-8b03-5fe5-8a19-87971947d204,doesn't break,breaks,doesn't break,breaks,breaks,0,3850.0,3320.0,
A3MYQE53N6PTB8,minimal,The ocean is North of Ali. Ali turns around. The ocean is BLANK Ali.,8e94a295-1159-50a9-9ebf-d12558060a5d,North of,South of,South of,North of,South of,0,5127.0,4612.0,
A3MYQE53N6PTB8,minimal,The empty vase is on the table. Ali fills the sink. The vase is BLANK.,608b5972-0b7e-5142-995f-b84143ea7b33,dry,wet,dry,wet,dry,1,4115.0,3067.0,
A3MYQE53N6PTB8,minimal,The broth is on the table. Ali turns on the stove. The broth gets BLANK.,304f867c-d22c-5f80-8b58-04c39ecc54c7,colder,warmer,warmer,colder,colder,1,4106.0,7771.0,
A3MYQE53N6PTB8,minimal,The clock is on the floor. Ali bumps the table. The clock BLANK.,581ab406-6472-5213-8fa5-924e54aadbbb,doesn't break,breaks,doesn't break,breaks,doesn't break,1,2715.0,3341.0,
A3MYQE53N6PTB8,minimal,The jar is on the table. Ali bumps the lamp. The jar BLANK.,ca149acc-4333-5d4e-9b73-b3954089e0b3,doesn't break,breaks,breaks,doesn't break,doesn't break,1,1785.0,2146.0,
A3MYQE53N6PTB8,minimal,The coffee is on the table. Ali turns on the stove. The coffee gets BLANK.,aad29bfa-c5cb-5d6a-9c3f-296137723195,colder,warmer,colder,warmer,colder,1,4961.0,1222.0,
A3MYQE53N6PTB8,minimal,The bottle is on the table. Ali bumps the lamp. The bottle BLANK.,8e5290bc-3ba2-56b3-b1c5-33531c9a12ae,doesn't break,breaks,doesn't break,breaks,doesn't break,1,8148.0,3376.0,
A3MYQE53N6PTB8,minimal,The empty thermos is on the table. Ali knocks the thermos over. The table is BLANK.,504496f0-2b75-5a26-8866-95cbb113f5a4,dry,wet,wet,dry,dry,1,3016.0,9626.0,
A3MYQE53N6PTB8,minimal,The mug is on the floor. Ali bumps the table. The mug BLANK.,af3ddb77-e0ef-5dc6-a71f-322ffe4f1f53,doesn't break,breaks,breaks,doesn't break,doesn't break,1,3769.0,3103.0,
A3MYQE53N6PTB8,minimal,The man is North of Ali. Ali turns around. The man is BLANK Ali.,42f4e9ba-3d9f-52aa-aa48-aaf77bdffda2,North of,South of,North of,South of,North of,1,1271.0,9277.0,
A3MYQE53N6PTB8,minimal,The empty can is on the table. Ali knocks the can over. The table is BLANK.,7b0ff26b-5f65-57c0-b1e1-7dac2ab25032,dry,wet,dry,wet,dry,1,1412.0,5113.0,
A3MYQE53N6PTB8,minimal,The empty mug is on the table. Ali fills the sink. The mug is BLANK.,36794563-6ac8-5075-8df5-b2ecbd8f8c8b,dry,wet,wet,dry,dry,1,8859.0,1033.0,
AYIFHDQSXQJ6B,minimal,The empty bottle is on the table. Ali knocks the bottle over. The table is BLANK.,f1c8f5cb-5ef5-5bd2-b1ae-37722af5ab13,dry,wet,wet,dry,wet,0,3805.599999904633,1073.5999999046326,
AYIFHDQSXQJ6B,minimal,The empty container is on the table. Ali fills the sink. The container is BLANK.,8e3a22ae-91ba-581e-9943-23bcec0a345d,dry,wet,wet,dry,dry,1,6378.799999952316,1723.3000001907349,
AYIFHDQSXQJ6B,minimal,The stew is on the table. Ali turns on the stove. The stew gets BLANK.,03c79cd5-cadc-5704-b773-cdd109719ae3,colder,warmer,colder,warmer,warmer,0,3612.5,1019.5,
AYIFHDQSXQJ6B,minimal,The phone is on the floor. Ali bumps the table. The phone BLANK.,a0089e09-ecb1-5910-97f4-de47ef22bfcd,doesn't break,breaks,breaks,doesn't break,breaks,0,1693.1000001430511,1152.5999999046326,
AYIFHDQSXQJ6B,minimal,The phone is on the table. Ali bumps the lamp. The phone BLANK.,2828fd38-836b-534a-a861-283f930b7d39,doesn't break,breaks,doesn't break,breaks,doesn't break,1,3582.5,1082.0,
AYIFHDQSXQJ6B,minimal,The pot is on the floor. Ali bumps the table. The pot BLANK.,0318a66a-6207-5568-9d40-200aa1786c0b,doesn't break,breaks,breaks,doesn't break,doesn't break,1,4248.700000047684,877.0999999046326,
AYIFHDQSXQJ6B,minimal,The mirror is on the table. Ali bumps the lamp. The mirror BLANK.,cc6308c4-fe93-592d-bd7c-c3c3495dfb04,doesn't break,breaks,doesn't break,breaks,doesn't break,1,5105.200000047684,646.7999999523163,
AYIFHDQSXQJ6B,minimal,The lake is North of Ali. Ali turns around. The lake is BLANK Ali.,9c900f5c-ba5e-50dd-ad14-ff2e930698e4,North of,South of,South of,North of,South of,0,3201.4000000953674,1078.1999998092651,
AYIFHDQSXQJ6B,minimal,The rice is on the table. Ali turns on the stove. The rice gets BLANK.,ff215e3b-d72f-5802-b7c5-e74b4bbbdb7c,colder,warmer,warmer,colder,warmer,0,2546.399999856949,799.7999999523163,
AYIFHDQSXQJ6B,minimal,The empty bottle is on the table. Ali fills the sink. The bottle is BLANK.,f20343fe-adbf-5f1f-984e-58ee5b7c2b91,dry,wet,dry,wet,dry,1,4428.799999952316,1387.0,
AYIFHDQSXQJ6B,minimal,The city is North of Ali. Ali turns around. The city is BLANK Ali.,d67a4a6d-bc61-537a-8b65-178cf81511b2,North of,South of,North of,South of,South of,0,5179.200000047684,5593.799999952316,
AYIFHDQSXQJ6B,minimal,The empty pot is on the table. Ali knocks the pot over. The table is BLANK.,3bc3df7d-a91c-5999-8bb6-788efd21d35e,dry,wet,wet,dry,dry,1,7038.5,2686.5,
A3KUZ2JNKHZBQK,minimal,The empty teapot is on the table. Ali knocks the teapot over. The table is BLANK.,35b3312e-b7e0-59b8-933b-ec0336ad5162,dry,wet,dry,wet,wet,0,7069.000000000007,2609.9999999999927,
A3KUZ2JNKHZBQK,minimal,The empty box is on the table. Ali fills the sink. The box is BLANK.,58b88005-7f83-54dc-8994-ba230c248673,dry,wet,dry,wet,wet,0,6484.0,2067.999999999985,
A3KUZ2JNKHZBQK,minimal,The television is on the table. Ali bumps the lamp. The television BLANK.,60833207-b675-5f32-ab67-85a791ce814f,doesn't break,breaks,doesn't break,breaks,doesn't break,1,3129.999999999985,1510.0,
A3KUZ2JNKHZBQK,minimal,The museum is North of Ali. Ali turns around. The museum is BLANK Ali.,11d7dec7-34c3-5381-80c8-460155badd74,North of,South of,North of,South of,North of,1,3795.0,720.0,
A3KUZ2JNKHZBQK,minimal,The cup is on the table. Ali bumps the lamp. The cup BLANK.,e9a925cf-de07-55f7-8ab3-9f28791b3728,doesn't break,breaks,doesn't break,breaks,doesn't break,1,2328.0,1405.0,
A3KUZ2JNKHZBQK,minimal,The tree is North of Ali. Ali turns around. The tree is BLANK Ali.,f8a90dad-f837-555e-beb1-3a5da5eb35ef,North of,South of,North of,South of,North of,1,3049.0,1722.0,
A3KUZ2JNKHZBQK,minimal,The cup is on the floor. Ali bumps the table. The cup BLANK.,852b0651-2c81-5807-ba4a-d3f2a56a5e5d,doesn't break,breaks,doesn't break,breaks,breaks,0,2607.0,1265.000000000029,
A3KUZ2JNKHZBQK,minimal,The jar is on the floor. Ali bumps the table. The jar BLANK.,272fb3b8-f899-5ff0-ae86-55a1cddaa8e6,doesn't break,breaks,doesn't break,breaks,breaks,0,1798.0,667.9999999999709,
A3KUZ2JNKHZBQK,minimal,The empty bowl is on the table. Ali fills the sink. The bowl is BLANK.,b53176cd-e250-5a59-b3be-ceaba45ea634,dry,wet,dry,wet,wet,0,2466.999999999971,1174.0,
A3KUZ2JNKHZBQK,minimal,The water is on the table. Ali turns on the stove. The water gets BLANK.,d363d97e-3c05-5ea9-b0af-4bfba2258626,colder,warmer,colder,warmer,warmer,0,3292.000000000029,803.0,
A3KUZ2JNKHZBQK,minimal,The empty wineglass is on the table. Ali knocks the wineglass over. The table is BLANK.,dfb0bf34-70f6-5390-b055-469ef8e6506c,dry,wet,wet,dry,dry,1,3075.999999999971,2856.0,
A3KUZ2JNKHZBQK,minimal,The pasta is on the table. Ali turns on the stove. The pasta gets BLANK.,a74a9014-1030-5c5d-b1d0-43ada1ff9c9d,colder,warmer,colder,warmer,warmer,0,2229.0,1585.0,
AZU9D7YLCTAYV,minimal,The bottle is on the table. Ali bumps the lamp. The bottle BLANK.,8e5290bc-3ba2-56b3-b1c5-33531c9a12ae,doesn't break,breaks,doesn't break,breaks,breaks,0,4149.5,5682.300000000745,
AZU9D7YLCTAYV,minimal,The broth is on the table. Ali turns on the stove. The broth gets BLANK.,304f867c-d22c-5f80-8b58-04c39ecc54c7,colder,warmer,warmer,colder,colder,1,4451.699999999255,4020.099999999628,
AZU9D7YLCTAYV,minimal,The mug is on the floor. Ali bumps the table. The mug BLANK.,af3ddb77-e0ef-5dc6-a71f-322ffe4f1f53,doesn't break,breaks,doesn't break,breaks,doesn't break,1,4126.200000001118,2810.300000000745,
AZU9D7YLCTAYV,minimal,The empty thermos is on the table. Ali knocks the thermos over. The table is BLANK.,504496f0-2b75-5a26-8866-95cbb113f5a4,dry,wet,wet,dry,dry,1,2018.4000000003723,6329.299999998882,
AZU9D7YLCTAYV,minimal,The jar is on the table. Ali bumps the lamp. The jar BLANK.,ca149acc-4333-5d4e-9b73-b3954089e0b3,doesn't break,breaks,breaks,doesn't break,breaks,0,2382.199999999255,2309.7000000011176,
AZU9D7YLCTAYV,minimal,The empty vase is on the table. Ali fills the sink. The vase is BLANK.,608b5972-0b7e-5142-995f-b84143ea7b33,dry,wet,wet,dry,dry,1,2542.89999999851,3813.400000000373,
AZU9D7YLCTAYV,minimal,The coffee is on the table. Ali turns on the stove. The coffee gets BLANK.,aad29bfa-c5cb-5d6a-9c3f-296137723195,colder,warmer,colder,warmer,colder,1,5387.199999999255,6220.800000000745,
AZU9D7YLCTAYV,minimal,The empty mug is on the table. Ali fills the sink. The mug is BLANK.,36794563-6ac8-5075-8df5-b2ecbd8f8c8b,dry,wet,dry,wet,dry,1,3992.800000000745,2284.300000000745,
AZU9D7YLCTAYV,minimal,The clock is on the floor. Ali bumps the table. The clock BLANK.,581ab406-6472-5213-8fa5-924e54aadbbb,doesn't break,breaks,doesn't break,breaks,doesn't break,1,2917.60000000149,4046.400000000373,
AZU9D7YLCTAYV,minimal,The ocean is North of Ali. Ali turns around. The ocean is BLANK Ali.,8e94a295-1159-50a9-9ebf-d12558060a5d,North of,South of,South of,North of,South of,0,3411.0999999996275,4963.599999999628,
AZU9D7YLCTAYV,minimal,The man is North of Ali. Ali turns around. The man is BLANK Ali.,42f4e9ba-3d9f-52aa-aa48-aaf77bdffda2,North of,South of,North of,South of,South of,0,10399.599999999627,2717.5,
AZU9D7YLCTAYV,minimal,The empty can is on the table. Ali knocks the can over. The table is BLANK.,7b0ff26b-5f65-57c0-b1e1-7dac2ab25032,dry,wet,dry,wet,dry,1,4838.300000000745,3511.300000000745,
AZU9D7YLCTAYV,minimal,The glass is on the floor. Ali bumps the table. The glass BLANK.,2a5f6d9c-8b03-5fe5-8a19-87971947d204,doesn't break,breaks,doesn't break,breaks,doesn't break,1,2314.5999999996275,2026.800000000745,
A3IT8KI5AJOJ3J,minimal,The empty vase is on the table. Ali fills the sink. The vase is BLANK.,608b5972-0b7e-5142-995f-b84143ea7b33,dry,wet,dry,wet,wet,0,314.7999999523163,10927.700000047684,
A3IT8KI5AJOJ3J,minimal,The bottle is on the table. Ali bumps the lamp. The bottle BLANK.,8e5290bc-3ba2-56b3-b1c5-33531c9a12ae,doesn't break,breaks,breaks,doesn't break,doesn't break,1,3527.599999904633,3599.200000047684,
A3IT8KI5AJOJ3J,minimal,The man is North of Ali. Ali turns around. The man is BLANK Ali.,42f4e9ba-3d9f-52aa-aa48-aaf77bdffda2,North of,South of,North of,South of,South of,0,3937.400000095368,6285.700000047684,
A3IT8KI5AJOJ3J,minimal,The mug is on the floor. Ali bumps the table. The mug BLANK.,af3ddb77-e0ef-5dc6-a71f-322ffe4f1f53,doesn't break,breaks,breaks,doesn't break,doesn't break,1,2635.7999999523163,2176.4000000953674,
A3IT8KI5AJOJ3J,minimal,The jar is on the table. Ali bumps the lamp. The jar BLANK.,ca149acc-4333-5d4e-9b73-b3954089e0b3,doesn't break,breaks,breaks,doesn't break,doesn't break,1,1935.400000095368,3852.299999952316,
A3IT8KI5AJOJ3J,minimal,The ocean is North of Ali. Ali turns around. The ocean is BLANK Ali.,8e94a295-1159-50a9-9ebf-d12558060a5d,North of,South of,North of,South of,South of,0,3157.0,2786.399999856949,
A3IT8KI5AJOJ3J,minimal,The coffee is on the table. Ali turns on the stove. The coffee gets BLANK.,aad29bfa-c5cb-5d6a-9c3f-296137723195,colder,warmer,colder,warmer,warmer,0,4207.299999952316,2172.2999999523163,
A3IT8KI5AJOJ3J,minimal,The empty thermos is on the table. Ali knocks the thermos over. The table is BLANK.,504496f0-2b75-5a26-8866-95cbb113f5a4,dry,wet,wet,dry,wet,0,4856.299999952316,4860.799999952316,
A3IT8KI5AJOJ3J,minimal,The glass is on the floor. Ali bumps the table. The glass BLANK.,2a5f6d9c-8b03-5fe5-8a19-87971947d204,doesn't break,breaks,doesn't break,breaks,doesn't break,1,3212.7999999523163,1767.5,
A3IT8KI5AJOJ3J,minimal,The clock is on the floor. Ali bumps the table. The clock BLANK.,581ab406-6472-5213-8fa5-924e54aadbbb,doesn't break,breaks,breaks,doesn't break,doesn't break,1,2263.700000047684,3000.2999999523163,
A3IT8KI5AJOJ3J,minimal,The empty mug is on the table. Ali fills the sink. The mug is BLANK.,36794563-6ac8-5075-8df5-b2ecbd8f8c8b,dry,wet,wet,dry,dry,1,2806.4000000953674,5850.900000095367,
A3IT8KI5AJOJ3J,minimal,The broth is on the table. Ali turns on the stove. The broth gets BLANK.,304f867c-d22c-5f80-8b58-04c39ecc54c7,colder,warmer,warmer,colder,colder,1,3334.600000143051,2675.0,
A3IT8KI5AJOJ3J,minimal,The empty can is on the table. Ali knocks the can over. The table is BLANK.,7b0ff26b-5f65-57c0-b1e1-7dac2ab25032,dry,wet,dry,wet,dry,1,3664.699999809265,3383.9000000953674,
A56LP5RZ2WOGN,minimal,The mug is on the table. Ali bumps the lamp. The mug BLANK.,81e84bb2-9f95-5bbd-bbe3-af94794b6123,doesn't break,breaks,doesn't break,breaks,doesn't break,1,5998.699999988079,10658.0,
A56LP5RZ2WOGN,minimal,The empty jug is on the table. Ali fills the sink. The jug is BLANK.,654f6276-9e9e-52c2-867d-b66c3aa70976,dry,wet,dry,wet,dry,1,4693.0,1528.2999999821186,
A56LP5RZ2WOGN,minimal,The dog is North of Ali. Ali turns around. The dog is BLANK Ali.,51f91196-934d-5ef1-b798-f0d70fe6a0c2,North of,South of,North of,South of,North of,1,5682.9000000059605,3588.100000023842,
A56LP5RZ2WOGN,minimal,The laptop is on the floor. Ali bumps the table. The laptop BLANK.,88059c09-088b-5009-bafd-b7e931442077,doesn't break,breaks,breaks,doesn't break,doesn't break,1,5135.09999999404,2237.9000000059605,
A56LP5RZ2WOGN,minimal,The tea is on the table. Ali turns on the stove. The tea gets BLANK.,f4d79629-266b-5267-8ea1-847001b48e5a,colder,warmer,colder,warmer,colder,1,3957.5,2213.7999999821186,
A56LP5RZ2WOGN,minimal,The vase is North of Ali. Ali turns around. The vase is BLANK Ali.,a3aa7fe8-9da6-5cc8-8664-c4fd06944bd2,North of,South of,South of,North of,South of,0,9667.09999999404,1679.5,
A56LP5RZ2WOGN,minimal,The painting is North of Ali. Ali turns around. The painting is BLANK Ali.,64e3f33d-f1bb-5469-960d-6b974ada7e0a,North of,South of,South of,North of,South of,0,5603.5,4636.5,
A56LP5RZ2WOGN,minimal,The empty carton is on the table. Ali knocks the carton over. The table is BLANK.,6bb50e85-6ac5-52a5-b623-32e416664177,dry,wet,dry,wet,dry,1,5294.4000000059605,754.6999999880791,
A56LP5RZ2WOGN,minimal,The sauce is on the table. Ali turns on the stove. The sauce gets BLANK.,7ba8e937-510d-512c-ac3a-9877388c0eec,colder,warmer,warmer,colder,colder,1,3589.5,3025.100000023842,
A56LP5RZ2WOGN,minimal,The empty cup is on the table. Ali knocks the cup over. The table is BLANK.,e6aecef6-eb29-5c41-a462-92c423095047,dry,wet,wet,dry,dry,1,5044.299999982119,669.0,
A56LP5RZ2WOGN,minimal,The empty pitcher is on the table. Ali fills the sink. The pitcher is BLANK.,ee9b763e-9f9e-59f8-9bc5-1c6e2075abae,dry,wet,wet,dry,dry,1,5924.800000011921,1458.5999999940395,
A56LP5RZ2WOGN,minimal,The plate is on the floor. Ali bumps the table. The plate BLANK.,746aa902-d880-5b36-add1-a3457a31beb3,doesn't break,breaks,breaks,doesn't break,doesn't break,1,3810.09999999404,1027.5999999940395,
A56LP5RZ2WOGN,minimal,The plate is on the table. Ali bumps the lamp. The plate BLANK.,aaa1f7f2-1b97-5138-9daa-38fb1bd7bc25,doesn't break,breaks,doesn't break,breaks,doesn't break,1,5651.4000000059605,1048.7000000178814,
ACBK30I7R42NI,minimal,The chicken is on the table. Ali turns on the stove. The chicken gets BLANK.,6fbad9b4-9231-5796-a9b4-b8e8fb940654,colder,warmer,colder,warmer,warmer,0,8838.100000143051,3080.0,
ACBK30I7R42NI,minimal,The curry is on the table. Ali turns on the stove. The curry gets BLANK.,b0f42dcc-e0f5-5341-907b-8832326e0521,colder,warmer,warmer,colder,warmer,0,5671.899999856949,1772.2000000476835,
ACBK30I7R42NI,minimal,The ornament is on the floor. Ali bumps the table. The ornament BLANK.,e5ae0bb2-4f9a-5c05-8a70-d24d352debe0,doesn't break,breaks,doesn't break,breaks,breaks,0,5684.600000143051,5501.0,
ACBK30I7R42NI,minimal,The portrait is on the table. Ali bumps the lamp. The portrait BLANK.,887ddffd-f870-51c3-a4da-9d16882413d5,doesn't break,breaks,breaks,doesn't break,breaks,0,7522.700000047684,4448.800000190735,
ACBK30I7R42NI,minimal,The empty bowl is on the table. Ali knocks the bowl over. The table is BLANK.,06b16899-ccf7-506d-b8e7-c094839d0ed7,dry,wet,wet,dry,dry,1,5506.799999952316,4787.5,
ACBK30I7R42NI,minimal,The candle is on the table. Ali bumps the lamp. The candle BLANK.,0edfc764-15dc-56a4-97f0-79696d42e604,doesn't break,breaks,breaks,doesn't break,breaks,0,4764.900000095367,3057.4000000953674,
ACBK30I7R42NI,minimal,The empty kettle is on the table. Ali fills the sink. The kettle is BLANK.,335be0e6-a5ed-5801-80f1-5c6cab349d24,dry,wet,dry,wet,dry,1,8730.099999904633,4359.299999952316,
ACBK30I7R42NI,minimal,The empty jar is on the table. Ali fills the sink. The jar is BLANK.,637372ba-bac0-5ffc-95af-27467657d0b0,dry,wet,dry,wet,dry,1,6041.0,2739.7999999523163,
ACBK30I7R42NI,minimal,The empty flask is on the table. Ali knocks the flask over. The table is BLANK.,4d25e5cd-4b9f-54f6-abe2-eafde27f21c2,dry,wet,wet,dry,dry,1,5677.299999952316,1617.5999999046326,
ACBK30I7R42NI,minimal,The tablet is on the floor. Ali bumps the table. The tablet BLANK.,c746580e-0ddd-5f98-b93a-f4cca7c1f161,doesn't break,breaks,doesn't break,breaks,doesn't break,1,4691.799999952316,4652.399999856949,
ACBK30I7R42NI,minimal,The computer is North of Ali. Ali turns around. The computer is BLANK Ali.,40691f9e-5ca7-5c21-98cb-f1f3e90fece7,North of,South of,South of,North of,South of,0,4783.599999904633,1401.2999999523165,
ACBK30I7R42NI,minimal,The book is North of Ali. Ali turns around. The book is BLANK Ali.,68d84e25-fe4e-5077-a48e-f046d48af2fc,North of,South of,North of,South of,South of,0,5931.0,1453.8999998569489,
A3POM736RBOX11,minimal,The ocean is North of Ali. Ali turns around. The ocean is BLANK Ali.,8e94a295-1159-50a9-9ebf-d12558060a5d,North of,South of,South of,North of,South of,0,1681.0,839.0,
A3POM736RBOX11,minimal,The broth is on the table. Ali turns on the stove. The broth gets BLANK.,304f867c-d22c-5f80-8b58-04c39ecc54c7,colder,warmer,warmer,colder,warmer,0,825.0,1657.0,
A3POM736RBOX11,minimal,The mug is on the floor. Ali bumps the table. The mug BLANK.,af3ddb77-e0ef-5dc6-a71f-322ffe4f1f53,doesn't break,breaks,doesn't break,breaks,doesn't break,1,1304.0,650.0,
A3POM736RBOX11,minimal,The man is North of Ali. Ali turns around. The man is BLANK Ali.,42f4e9ba-3d9f-52aa-aa48-aaf77bdffda2,North of,South of,South of,North of,North of,1,1219.0,621.0,
A3POM736RBOX11,minimal,The empty vase is on the table. Ali fills the sink. The vase is BLANK.,608b5972-0b7e-5142-995f-b84143ea7b33,dry,wet,dry,wet,wet,0,841.0,370.0,
A3POM736RBOX11,minimal,The clock is on the floor. Ali bumps the table. The clock BLANK.,581ab406-6472-5213-8fa5-924e54aadbbb,doesn't break,breaks,breaks,doesn't break,breaks,0,883.0,415.0,
A3POM736RBOX11,minimal,The glass is on the floor. Ali bumps the table. The glass BLANK.,2a5f6d9c-8b03-5fe5-8a19-87971947d204,doesn't break,breaks,breaks,doesn't break,doesn't break,1,396.0,503.0,
A3POM736RBOX11,minimal,The empty mug is on the table. Ali fills the sink. The mug is BLANK.,36794563-6ac8-5075-8df5-b2ecbd8f8c8b,dry,wet,wet,dry,wet,0,164.0,541.0,
A3POM736RBOX11,minimal,The coffee is on the table. Ali turns on the stove. The coffee gets BLANK.,aad29bfa-c5cb-5d6a-9c3f-296137723195,colder,warmer,warmer,colder,colder,1,422.0,320.0,
A3POM736RBOX11,minimal,The empty thermos is on the table. Ali knocks the thermos over. The table is BLANK.,504496f0-2b75-5a26-8866-95cbb113f5a4,dry,wet,dry,wet,dry,1,238.0,293.0,
A3POM736RBOX11,minimal,The jar is on the table. Ali bumps the lamp. The jar BLANK.,ca149acc-4333-5d4e-9b73-b3954089e0b3,doesn't break,breaks,doesn't break,breaks,breaks,0,155.0,344.0,
A3POM736RBOX11,minimal,The bottle is on the table. Ali bumps the lamp. The bottle BLANK.,8e5290bc-3ba2-56b3-b1c5-33531c9a12ae,doesn't break,breaks,breaks,doesn't break,breaks,0,1505.0,613.0,
A3POM736RBOX11,minimal,The empty can is on the table. Ali knocks the can over. The table is BLANK.,7b0ff26b-5f65-57c0-b1e1-7dac2ab25032,dry,wet,dry,wet,wet,0,618.0,385.0,
A3POM736RBOX11,minimal,The ocean is North of Ali. Ali turns around. The ocean is BLANK Ali.,8e94a295-1159-50a9-9ebf-d12558060a5d,North of,South of,South of,North of,North of,1,249.0,462.0,
A3POM736RBOX11,minimal,The ocean is North of Ali. Ali turns around. The ocean is BLANK Ali.,8e94a295-1159-50a9-9ebf-d12558060a5d,North of,South of,,,North of,-1,,,"South of Ali The ocean is originally north of Ali, so Ali is south of the ocean. when ali turns around, the ocean is behind him, making it south of Ali"
A3QLCGZ2QLXAYU,minimal,The tablet is on the floor. Ali bumps the table. The tablet BLANK.,c746580e-0ddd-5f98-b93a-f4cca7c1f161,doesn't break,breaks,breaks,doesn't break,doesn't break,1,3542.399999976158,5965.199999928474,
A3QLCGZ2QLXAYU,minimal,The empty jar is on the table. Ali fills the sink. The jar is BLANK.,637372ba-bac0-5ffc-95af-27467657d0b0,dry,wet,wet,dry,dry,1,2296.1999999284744,6808.799999952316,
A3QLCGZ2QLXAYU,minimal,The book is North of Ali. Ali turns around. The book is BLANK Ali.,68d84e25-fe4e-5077-a48e-f046d48af2fc,North of,South of,South of,North of,South of,0,5144.0,2794.4000000953674,
A3QLCGZ2QLXAYU,minimal,The empty kettle is on the table. Ali fills the sink. The kettle is BLANK.,335be0e6-a5ed-5801-80f1-5c6cab349d24,dry,wet,wet,dry,dry,1,7817.5,7627.100000023842,
A3QLCGZ2QLXAYU,minimal,The empty flask is on the table. Ali knocks the flask over. The table is BLANK.,4d25e5cd-4b9f-54f6-abe2-eafde27f21c2,dry,wet,dry,wet,wet,0,3626.399999976158,1310.100000023842,
A3QLCGZ2QLXAYU,minimal,The candle is on the table. Ali bumps the lamp. The candle BLANK.,0edfc764-15dc-56a4-97f0-79696d42e604,doesn't break,breaks,doesn't break,breaks,breaks,0,9001.0,1379.899999976158,
A3QLCGZ2QLXAYU,minimal,The computer is North of Ali. Ali turns around. The computer is BLANK Ali.,40691f9e-5ca7-5c21-98cb-f1f3e90fece7,North of,South of,South of,North of,South of,0,2258.0,4039.6999999284735,
A3QLCGZ2QLXAYU,minimal,The portrait is on the table. Ali bumps the lamp. The portrait BLANK.,887ddffd-f870-51c3-a4da-9d16882413d5,doesn't break,breaks,breaks,doesn't break,doesn't break,1,1698.1999999284744,5074.399999976158,
A3QLCGZ2QLXAYU,minimal,The chicken is on the table. Ali turns on the stove. The chicken gets BLANK.,6fbad9b4-9231-5796-a9b4-b8e8fb940654,colder,warmer,colder,warmer,warmer,0,2958.1999999284744,1750.899999976158,
A3QLCGZ2QLXAYU,minimal,The curry is on the table. Ali turns on the stove. The curry gets BLANK.,b0f42dcc-e0f5-5341-907b-8832326e0521,colder,warmer,warmer,colder,warmer,0,1640.0,850.6000000238419,
A3QLCGZ2QLXAYU,minimal,The empty bowl is on the table. Ali knocks the bowl over. The table is BLANK.,06b16899-ccf7-506d-b8e7-c094839d0ed7,dry,wet,wet,dry,wet,0,2164.7999999523163,1996.0,
A3QLCGZ2QLXAYU,minimal,The ornament is on the floor. Ali bumps the table. The ornament BLANK.,e5ae0bb2-4f9a-5c05-8a70-d24d352debe0,doesn't break,breaks,doesn't break,breaks,breaks,0,2667.0,3224.600000023842,
AYXXMHLZRAPF9,minimal,The street is North of Ali. Ali turns around. The street is BLANK Ali.,51679ab6-e072-51aa-920a-095c3ab09319,North of,South of,South of,North of,South of,0,5237.0,924.0,
AYXXMHLZRAPF9,minimal,The sculpture is on the table. Ali bumps the lamp. The sculpture BLANK.,8f5095bc-b58d-59fb-94fa-7c121e14b746,doesn't break,breaks,breaks,doesn't break,doesn't break,1,9621.0,2019.0,
AYXXMHLZRAPF9,minimal,The clock is on the table. Ali bumps the lamp. The clock BLANK.,cb7a432a-c5db-586f-98f9-422792efd822,doesn't break,breaks,doesn't break,breaks,doesn't break,1,5004.0,1212.0,
AYXXMHLZRAPF9,minimal,The fish is on the table. Ali turns on the stove. The fish gets BLANK.,4ec9870c-0c7d-5611-b076-993ce15358f1,colder,warmer,colder,warmer,warmer,0,5849.0,3349.0,
AYXXMHLZRAPF9,minimal,The whiteboard is North of Ali. Ali turns around. The whiteboard is BLANK Ali.,a375252e-8be0-5a31-8826-ab7a09baa72d,North of,South of,North of,South of,North of,1,7428.0,570.0,
AYXXMHLZRAPF9,minimal,The mirror is on the floor. Ali bumps the table. The mirror BLANK.,c476f558-1f2e-503e-90a0-b300840ca6e1,doesn't break,breaks,doesn't break,breaks,doesn't break,1,2735.0,3500.0,
AYXXMHLZRAPF9,minimal,The empty tub is on the table. Ali fills the sink. The tub is BLANK.,cc2cb203-9a96-586b-9727-0a8212155c43,dry,wet,wet,dry,dry,1,8736.0,1295.0,
AYXXMHLZRAPF9,minimal,The empty vase is on the table. Ali knocks the vase over. The table is BLANK.,c79d12ce-733d-590c-bf09-4db1c50645ce,dry,wet,wet,dry,dry,1,4109.0,5885.0,
AYXXMHLZRAPF9,minimal,The empty thermos is on the table. Ali fills the sink. The thermos is BLANK.,ca1d2738-b7ef-5748-bc41-00d7b201a41c,dry,wet,dry,wet,dry,1,5786.0,1090.0,
AYXXMHLZRAPF9,minimal,The steak is on the table. Ali turns on the stove. The steak gets BLANK.,403f4fa5-5200-5d22-9f1b-6e2c2edf755c,colder,warmer,colder,warmer,colder,1,7616.0,3063.0,
AYXXMHLZRAPF9,minimal,The television is on the floor. Ali bumps the table. The television BLANK.,4e7ee80f-f119-5b6d-82df-ba4d4ad03735,doesn't break,breaks,breaks,doesn't break,doesn't break,1,4353.0,3746.0,
AYXXMHLZRAPF9,minimal,The empty jug is on the table. Ali knocks the jug over. The table is BLANK.,2fc6d99a-038d-5235-bc08-f350777f4e86,dry,wet,wet,dry,dry,1,2929.0,1438.0,
A3NATHHYUKKWKN,minimal,The empty pitcher is on the table. Ali knocks the pitcher over. The table is BLANK.,ce777ad4-6e7f-5a27-bd97-42231b86b999,dry,wet,dry,wet,dry,1,892.0,6127.0,
A3NATHHYUKKWKN,minimal,The sculpture is on the floor. Ali bumps the table. The sculpture BLANK.,6837d037-fd89-5325-945f-ec953cdaf8fc,doesn't break,breaks,breaks,doesn't break,doesn't break,1,2022.0,3894.0,
A3NATHHYUKKWKN,minimal,The empty flask is on the table. Ali fills the sink. The flask is BLANK.,9727b31c-2a14-5db5-9980-0074c623524f,dry,wet,wet,dry,dry,1,5151.0,4145.0,
A3NATHHYUKKWKN,minimal,The lamp is on the floor. Ali bumps the table. The lamp BLANK.,730042f0-d8b0-5c6c-8bf7-410416a84eb5,doesn't break,breaks,breaks,doesn't break,doesn't break,1,1799.0,1599.0,
A3NATHHYUKKWKN,minimal,The ornament is on the table. Ali bumps the lamp. The ornament BLANK.,95cf280f-0045-5691-9286-ca2825f711f3,doesn't break,breaks,doesn't break,breaks,doesn't break,1,1951.0,4504.0,
A3NATHHYUKKWKN,minimal,The house is North of Ali. Ali turns around. The house is BLANK Ali.,168b3f9d-5c7e-5e03-948e-a8b96b9e08a7,North of,South of,South of,North of,North of,1,4774.0,4631.0,
A3NATHHYUKKWKN,minimal,The gumbo is on the table. Ali turns on the stove. The gumbo gets BLANK.,052dddd5-a2cf-5e97-90ed-7e2d2e91f62e,colder,warmer,colder,warmer,colder,1,847.0,3872.0,
A3NATHHYUKKWKN,minimal,The mountain is North of Ali. Ali turns around. The mountain is BLANK Ali.,cbe70172-4bc2-5518-ae97-53e795d58f6a,North of,South of,South of,North of,North of,1,2127.0,3102.0,
A3NATHHYUKKWKN,minimal,The emtpy can is on the table. Ali fills the sink. The can is BLANK.,23582299-2316-5e9e-a72f-ef1038bc4df3,dry,wet,wet,dry,dry,1,2567.0,2552.0,
A3NATHHYUKKWKN,minimal,The empty jar is on the table. Ali knocks the jar over. The table is BLANK.,d0c6d46f-fa2f-5c0a-93d2-5ebf343adfef,dry,wet,dry,wet,dry,1,2703.0,1111.0,
A3NATHHYUKKWKN,minimal,The tablet is on the table. Ali bumps the lamp. The tablet BLANK.,1859f2b1-26a2-5a64-959f-fab9926dbb6d,doesn't break,breaks,breaks,doesn't break,doesn't break,1,335.0,4367.0,
A3NATHHYUKKWKN,minimal,The chili is on the table. Ali turns on the stove. The chili gets BLANK.,688b9409-948b-5506-a5bd-8f72bd8f0cdd,colder,warmer,warmer,colder,colder,1,920.0,2143.0,
AR8XP4934J852,minimal,The tablet is on the table. Ali bumps the lamp. The tablet BLANK.,1859f2b1-26a2-5a64-959f-fab9926dbb6d,doesn't break,breaks,doesn't break,breaks,breaks,0,2249.100000023842,13945.69999998808,
AR8XP4934J852,minimal,The mountain is North of Ali. Ali turns around. The mountain is BLANK Ali.,cbe70172-4bc2-5518-ae97-53e795d58f6a,North of,South of,North of,South of,North of,1,2500.800000011921,20290.69999998808,
AR8XP4934J852,minimal,The chili is on the table. Ali turns on the stove. The chili gets BLANK.,688b9409-948b-5506-a5bd-8f72bd8f0cdd,colder,warmer,colder,warmer,warmer,0,5321.699999988079,3550.899999976158,
AR8XP4934J852,minimal,The gumbo is on the table. Ali turns on the stove. The gumbo gets BLANK.,052dddd5-a2cf-5e97-90ed-7e2d2e91f62e,colder,warmer,warmer,colder,warmer,0,3748.100000023842,2966.199999988079,
AR8XP4934J852,minimal,The empty jar is on the table. Ali knocks the jar over. The table is BLANK.,d0c6d46f-fa2f-5c0a-93d2-5ebf343adfef,dry,wet,dry,wet,wet,0,4384.5,2272.699999988079,
AR8XP4934J852,minimal,The emtpy can is on the table. Ali fills the sink. The can is BLANK.,23582299-2316-5e9e-a72f-ef1038bc4df3,dry,wet,dry,wet,dry,1,6452.0,6274.199999988079,
AR8XP4934J852,minimal,The lamp is on the floor. Ali bumps the table. The lamp BLANK.,730042f0-d8b0-5c6c-8bf7-410416a84eb5,doesn't break,breaks,breaks,doesn't break,doesn't break,1,5345.5,1478.5,
AR8XP4934J852,minimal,The empty pitcher is on the table. Ali knocks the pitcher over. The table is BLANK.,ce777ad4-6e7f-5a27-bd97-42231b86b999,dry,wet,wet,dry,dry,1,10039.5,2506.7999999523163,
AR8XP4934J852,minimal,The sculpture is on the floor. Ali bumps the table. The sculpture BLANK.,6837d037-fd89-5325-945f-ec953cdaf8fc,doesn't break,breaks,breaks,doesn't break,doesn't break,1,4885.100000023842,1381.7999999523165,
AR8XP4934J852,minimal,The ornament is on the table. Ali bumps the lamp. The ornament BLANK.,95cf280f-0045-5691-9286-ca2825f711f3,doesn't break,breaks,doesn't break,breaks,doesn't break,1,13644.100000023842,10817.100000023842,
AR8XP4934J852,minimal,The empty flask is on the table. Ali fills the sink. The flask is BLANK.,9727b31c-2a14-5db5-9980-0074c623524f,dry,wet,dry,wet,dry,1,7004.099999964237,1138.4000000357628,
AR8XP4934J852,minimal,The house is North of Ali. Ali turns around. The house is BLANK Ali.,168b3f9d-5c7e-5e03-948e-a8b96b9e08a7,North of,South of,South of,North of,North of,1,7305.199999988079,7666.600000023842,
A3U0SYY8QC02AR,minimal,The bottle is on the table. Ali bumps the lamp. The bottle BLANK.,8e5290bc-3ba2-56b3-b1c5-33531c9a12ae,doesn't break,breaks,breaks,doesn't break,breaks,0,5932.300000011921,1574.7999999821186,
A3U0SYY8QC02AR,minimal,The mug is on the floor. Ali bumps the table. The mug BLANK.,af3ddb77-e0ef-5dc6-a71f-322ffe4f1f53,doesn't break,breaks,breaks,doesn't break,breaks,0,2793.800000011921,1307.2999999821186,
A3U0SYY8QC02AR,minimal,The jar is on the table. Ali bumps the lamp. The jar BLANK.,ca149acc-4333-5d4e-9b73-b3954089e0b3,doesn't break,breaks,doesn't break,breaks,doesn't break,1,6702.59999999404,5717.199999988079,
A3U0SYY8QC02AR,minimal,The empty thermos is on the table. Ali knocks the thermos over. The table is BLANK.,504496f0-2b75-5a26-8866-95cbb113f5a4,dry,wet,dry,wet,wet,0,4076.900000005961,2805.300000011921,
A3U0SYY8QC02AR,minimal,The empty vase is on the table. Ali fills the sink. The vase is BLANK.,608b5972-0b7e-5142-995f-b84143ea7b33,dry,wet,dry,wet,dry,1,4201.199999988079,3157.4000000059605,
A3U0SYY8QC02AR,minimal,The coffee is on the table. Ali turns on the stove. The coffee gets BLANK.,aad29bfa-c5cb-5d6a-9c3f-296137723195,colder,warmer,colder,warmer,colder,1,3102.800000011921,1165.5,
A3U0SYY8QC02AR,minimal,The ocean is North of Ali. Ali turns around. The ocean is BLANK Ali.,8e94a295-1159-50a9-9ebf-d12558060a5d,North of,South of,South of,North of,South of,0,14523.80000001192,1023.399999976158,
A3U0SYY8QC02AR,minimal,The clock is on the floor. Ali bumps the table. The clock BLANK.,581ab406-6472-5213-8fa5-924e54aadbbb,doesn't break,breaks,doesn't break,breaks,doesn't break,1,2806.2999999821186,4504.800000011921,
A3U0SYY8QC02AR,minimal,The broth is on the table. Ali turns on the stove. The broth gets BLANK.,304f867c-d22c-5f80-8b58-04c39ecc54c7,colder,warmer,colder,warmer,colder,1,4303.299999982119,1463.5999999940395,
A3U0SYY8QC02AR,minimal,The man is North of Ali. Ali turns around. The man is BLANK Ali.,42f4e9ba-3d9f-52aa-aa48-aaf77bdffda2,North of,South of,South of,North of,South of,0,3022.199999988079,2970.399999976158,
A3U0SYY8QC02AR,minimal,The empty can is on the table. Ali knocks the can over. The table is BLANK.,7b0ff26b-5f65-57c0-b1e1-7dac2ab25032,dry,wet,wet,dry,dry,1,2349.5,2988.800000011921,
A3U0SYY8QC02AR,minimal,The glass is on the floor. Ali bumps the table. The glass BLANK.,2a5f6d9c-8b03-5fe5-8a19-87971947d204,doesn't break,breaks,breaks,doesn't break,doesn't break,1,3795.09999999404,919.3000000119208,
A3U0SYY8QC02AR,minimal,The empty mug is on the table. Ali fills the sink. The mug is BLANK.,36794563-6ac8-5075-8df5-b2ecbd8f8c8b,dry,wet,dry,wet,dry,1,3113.7999999821186,3139.0,
AZYO712QAF8HI,minimal,The empty glass is on the table. Ali knocks the glass over. The table is BLANK.,03be173e-02aa-5a79-968a-ce8ea00117d3,dry,wet,wet,dry,dry,1,5286.79999999993,6952.29999999993,
AZYO712QAF8HI,minimal,The empty cup is on the table. Ali fills the sink. The cup is BLANK.,01ab1e92-2477-582f-a9a9-917cb2a0983b,dry,wet,dry,wet,dry,1,5710.900000000023,12008.099999999977,
AZYO712QAF8HI,minimal,The glass is on the table. Ali bumps the lamp. The glass BLANK.,4c8e019f-3f91-5c88-bdea-d68026fd0446,doesn't break,breaks,breaks,doesn't break,doesn't break,1,1327.5,18239.69999999996,
AZYO712QAF8HI,minimal,The empty glass is on the table. Ali fills the sink. The glass is BLANK.,34ea25b7-8077-5b64-bc1b-17e62828dfb0,dry,wet,dry,wet,dry,1,5215.400000000023,10096.400000000023,
AZYO712QAF8HI,minimal,The soup is on the table. Ali turns on the stove. The soup gets BLANK.,43bffc24-3955-522c-a74b-5fd4b204d283,colder,warmer,warmer,colder,warmer,0,3991.100000000093,6527.800000000047,
AZYO712QAF8HI,minimal,The vase is on the table. Ali bumps the lamp. The vase BLANK.,2f76e57c-aad0-59fa-99e3-ad747c8c14d1,doesn't break,breaks,doesn't break,breaks,doesn't break,1,1559.1000000000931,9479.700000000186,
AZYO712QAF8HI,minimal,The vase is on the floor. Ali bumps the table. The vase BLANK.,b981d9fe-77c9-531c-afc1-fc37c2d11e04,doesn't break,breaks,doesn't break,breaks,doesn't break,1,1231.2999999998135,5639.300000000047,
AZYO712QAF8HI,minimal,The glass is on the floor. Ali bumps the table. The glass BLANK.,2a5f6d9c-8b03-5fe5-8a19-87971947d204,doesn't break,breaks,breaks,doesn't break,doesn't break,1,1895.100000000093,9752.09999999986,
AZYO712QAF8HI,minimal,The empty mug is on the table. Ali knocks the mug over. The table is BLANK.,7f7d49b6-0545-5dd9-9166-80fc48a498e7,dry,wet,wet,dry,dry,1,1311.1000000000931,5936.0,
AZYO712QAF8HI,minimal,The statue is North of Ali. Ali turns around. The statue is BLANK Ali.,54f3455a-0981-5b04-b253-5891eb7c16e5,North of,South of,South of,North of,South of,0,1287.0999999998603,6599.5,
AZYO712QAF8HI,minimal,The empty glass is on the table. Ali knocks the glass over. The table is BLANK.,03be173e-02aa-5a79-968a-ce8ea00117d3,dry,wet,dry,wet,dry,1,1255.3999999999069,5663.800000000047,
AZYO712QAF8HI,minimal,The painting is North of Ali. Ali turns around. The painting is BLANK Ali.,64e3f33d-f1bb-5469-960d-6b974ada7e0a,North of,South of,North of,South of,South of,0,671.3999999999069,6655.59999999986,
AZYO712QAF8HI,minimal,The porridge is on the table. Ali turns on the stove. The porridge gets BLANK.,2b80b416-13b1-5a5a-9b61-4c40aac5cf9e,colder,warmer,colder,warmer,warmer,0,1239.5999999998603,5975.699999999953,
A3M42ZQTKMCF5Y,minimal,The street is North of Ali. Ali turns around. The street is BLANK Ali.,51679ab6-e072-51aa-920a-095c3ab09319,North of,South of,South of,North of,North of,1,1326.0,4249.199999809265,
A3M42ZQTKMCF5Y,minimal,The whiteboard is North of Ali. Ali turns around. The whiteboard is BLANK Ali.,a375252e-8be0-5a31-8826-ab7a09baa72d,North of,South of,North of,South of,South of,0,2138.5,2954.3999996185303,
A3M42ZQTKMCF5Y,minimal,The television is on the floor. Ali bumps the table. The television BLANK.,4e7ee80f-f119-5b6d-82df-ba4d4ad03735,doesn't break,breaks,breaks,doesn't break,doesn't break,1,899.1000003814697,3606.800000190735,
A3M42ZQTKMCF5Y,minimal,The clock is on the table. Ali bumps the lamp. The clock BLANK.,cb7a432a-c5db-586f-98f9-422792efd822,doesn't break,breaks,doesn't break,breaks,breaks,0,878.7999997138977,4580.699999809265,
A3M42ZQTKMCF5Y,minimal,The steak is on the table. Ali turns on the stove. The steak gets BLANK.,403f4fa5-5200-5d22-9f1b-6e2c2edf755c,colder,warmer,warmer,colder,warmer,0,919.5999999046326,8790.099999904633,
A3M42ZQTKMCF5Y,minimal,The mirror is on the floor. Ali bumps the table. The mirror BLANK.,c476f558-1f2e-503e-90a0-b300840ca6e1,doesn't break,breaks,doesn't break,breaks,breaks,0,867.5,1364.0,
A3M42ZQTKMCF5Y,minimal,The empty jug is on the table. Ali knocks the jug over. The table is BLANK.,2fc6d99a-038d-5235-bc08-f350777f4e86,dry,wet,dry,wet,wet,0,1046.7000002861023,5403.300000190735,
A3M42ZQTKMCF5Y,minimal,The empty tub is on the table. Ali fills the sink. The tub is BLANK.,cc2cb203-9a96-586b-9727-0a8212155c43,dry,wet,dry,wet,wet,0,3126.099999904633,3320.199999809265,
A3M42ZQTKMCF5Y,minimal,The empty vase is on the table. Ali knocks the vase over. The table is BLANK.,c79d12ce-733d-590c-bf09-4db1c50645ce,dry,wet,dry,wet,wet,0,669.8999996185303,4208.700000286102,
A3M42ZQTKMCF5Y,minimal,The empty thermos is on the table. Ali fills the sink. The thermos is BLANK.,ca1d2738-b7ef-5748-bc41-00d7b201a41c,dry,wet,dry,wet,wet,0,952.7999997138976,2310.9000000953674,
A3M42ZQTKMCF5Y,minimal,The sculpture is on the table. Ali bumps the lamp. The sculpture BLANK.,8f5095bc-b58d-59fb-94fa-7c121e14b746,doesn't break,breaks,breaks,doesn't break,doesn't break,1,1209.2000002861023,3113.199999809265,
A3M42ZQTKMCF5Y,minimal,The fish is on the table. Ali turns on the stove. The fish gets BLANK.,4ec9870c-0c7d-5611-b076-993ce15358f1,colder,warmer,warmer,colder,colder,1,1209.3000001907349,5400.599999904633,
A3SES60ZREVQ2G,minimal,The emtpy can is on the table. Ali fills the sink. The can is BLANK.,23582299-2316-5e9e-a72f-ef1038bc4df3,dry,wet,dry,wet,wet,0,666.0,6253.0,
A3SES60ZREVQ2G,minimal,The chili is on the table. Ali turns on the stove. The chili gets BLANK.,688b9409-948b-5506-a5bd-8f72bd8f0cdd,colder,warmer,colder,warmer,warmer,0,957.9999999999854,4412.0,
A3SES60ZREVQ2G,minimal,The gumbo is on the table. Ali turns on the stove. The gumbo gets BLANK.,052dddd5-a2cf-5e97-90ed-7e2d2e91f62e,colder,warmer,colder,warmer,warmer,0,787.0,6698.0,
A3SES60ZREVQ2G,minimal,The ornament is on the table. Ali bumps the lamp. The ornament BLANK.,95cf280f-0045-5691-9286-ca2825f711f3,doesn't break,breaks,doesn't break,breaks,doesn't break,1,12988.0,4891.0,
A3SES60ZREVQ2G,minimal,The tablet is on the table. Ali bumps the lamp. The tablet BLANK.,1859f2b1-26a2-5a64-959f-fab9926dbb6d,doesn't break,breaks,breaks,doesn't break,doesn't break,1,7032.0,1829.999999999971,
A3SES60ZREVQ2G,minimal,The empty pitcher is on the table. Ali knocks the pitcher over. The table is BLANK.,ce777ad4-6e7f-5a27-bd97-42231b86b999,dry,wet,dry,wet,wet,0,22519.0,4049.0,
A3SES60ZREVQ2G,minimal,The empty flask is on the table. Ali fills the sink. The flask is BLANK.,9727b31c-2a14-5db5-9980-0074c623524f,dry,wet,wet,dry,wet,0,1518.0,2310.0,
A3SES60ZREVQ2G,minimal,The empty jar is on the table. Ali knocks the jar over. The table is BLANK.,d0c6d46f-fa2f-5c0a-93d2-5ebf343adfef,dry,wet,dry,wet,dry,1,4251.0,1786.0,
A3SES60ZREVQ2G,minimal,The mountain is North of Ali. Ali turns around. The mountain is BLANK Ali.,cbe70172-4bc2-5518-ae97-53e795d58f6a,North of,South of,South of,North of,South of,0,3480.0,1546.0,
A3SES60ZREVQ2G,minimal,The lamp is on the floor. Ali bumps the table. The lamp BLANK.,730042f0-d8b0-5c6c-8bf7-410416a84eb5,doesn't break,breaks,doesn't break,breaks,doesn't break,1,3281.0,1528.0000000000582,
A3SES60ZREVQ2G,minimal,The house is North of Ali. Ali turns around. The house is BLANK Ali.,168b3f9d-5c7e-5e03-948e-a8b96b9e08a7,North of,South of,South of,North of,South of,0,11483.0,1222.0,
A3SES60ZREVQ2G,minimal,The sculpture is on the floor. Ali bumps the table. The sculpture BLANK.,6837d037-fd89-5325-945f-ec953cdaf8fc,doesn't break,breaks,doesn't break,breaks,doesn't break,1,35153.0,3629.999999999942,
A6GOBO2C3AO71,minimal,The tree is North of Ali. Ali turns around. The tree is BLANK Ali.,f8a90dad-f837-555e-beb1-3a5da5eb35ef,North of,South of,North of,South of,South of,0,2049.39999999106,18360.40000000596,
A6GOBO2C3AO71,minimal,The museum is North of Ali. Ali turns around. The museum is BLANK Ali.,11d7dec7-34c3-5381-80c8-460155badd74,North of,South of,North of,South of,South of,0,1905.4000000059605,22701.79999999702,
A6GOBO2C3AO71,minimal,The empty box is on the table. Ali fills the sink. The box is BLANK.,58b88005-7f83-54dc-8994-ba230c248673,dry,wet,dry,wet,dry,1,2075.70000000298,20519.5,
A6GOBO2C3AO71,minimal,The cup is on the table. Ali bumps the lamp. The cup BLANK.,e9a925cf-de07-55f7-8ab3-9f28791b3728,doesn't break,breaks,doesn't break,breaks,doesn't break,1,1007.8000000119208,34404.20000000298,
A6GOBO2C3AO71,minimal,The water is on the table. Ali turns on the stove. The water gets BLANK.,d363d97e-3c05-5ea9-b0af-4bfba2258626,colder,warmer,colder,warmer,warmer,0,2442.199999988079,34783.30000001192,
A6GOBO2C3AO71,minimal,The empty teapot is on the table. Ali knocks the teapot over. The table is BLANK.,35b3312e-b7e0-59b8-933b-ec0336ad5162,dry,wet,dry,wet,dry,1,979.7000000029802,124865.40000000596,
A6GOBO2C3AO71,minimal,The pasta is on the table. Ali turns on the stove. The pasta gets BLANK.,a74a9014-1030-5c5d-b1d0-43ada1ff9c9d,colder,warmer,warmer,colder,warmer,0,2247.5,145797.40000000596,
A6GOBO2C3AO71,minimal,The empty bowl is on the table. Ali fills the sink. The bowl is BLANK.,b53176cd-e250-5a59-b3be-ceaba45ea634,dry,wet,wet,dry,wet,0,1994.5,234415.29999999705,
A6GOBO2C3AO71,minimal,The television is on the table. Ali bumps the lamp. The television BLANK.,60833207-b675-5f32-ab67-85a791ce814f,doesn't break,breaks,breaks,doesn't break,breaks,0,99.40000000596046,1612.4000000059605,
A6GOBO2C3AO71,minimal,The empty wineglass is on the table. Ali knocks the wineglass over. The table is BLANK.,dfb0bf34-70f6-5390-b055-469ef8e6506c,dry,wet,wet,dry,wet,0,915.2000000029802,441154.5999999941,
A6GOBO2C3AO71,minimal,The jar is on the floor. Ali bumps the table. The jar BLANK.,272fb3b8-f899-5ff0-ae86-55a1cddaa8e6,doesn't break,breaks,doesn't break,breaks,doesn't break,1,224.5999999940396,1932.800000011921,
A6GOBO2C3AO71,minimal,The cup is on the floor. Ali bumps the table. The cup BLANK.,852b0651-2c81-5807-ba4a-d3f2a56a5e5d,doesn't break,breaks,breaks,doesn't break,breaks,0,648.0999999940395,534.7999999970198,
A6GOBO2C3AO71,minimal,The tree is North of Ali. Ali turns around. The tree is BLANK Ali.,f8a90dad-f837-555e-beb1-3a5da5eb35ef,North of,South of,South of,North of,South of,0,518.2999999970198,2493.70000000298,
A6GOBO2C3AO71,minimal,The tree is North of Ali. Ali turns around. The tree is BLANK Ali.,f8a90dad-f837-555e-beb1-3a5da5eb35ef,North of,South of,,,South of,-1,,,I think it is a correct answer.
A6GOBO2C3AO71,minimal,The museum is North of Ali. Ali turns around. The museum is BLANK Ali.,11d7dec7-34c3-5381-80c8-460155badd74,North of,South of,South of,North of,South of,0,807.9000000059605,1754.2999999970198,
A6GOBO2C3AO71,minimal,The museum is North of Ali. Ali turns around. The museum is BLANK Ali.,11d7dec7-34c3-5381-80c8-460155badd74,North of,South of,,,South of,-1,,,I think it is a correct answer. 
A6GOBO2C3AO71,minimal,The empty box is on the table. Ali fills the sink. The box is BLANK.,58b88005-7f83-54dc-8994-ba230c248673,dry,wet,dry,wet,dry,1,674.0,3279.699999988079,
A6GOBO2C3AO71,minimal,The empty box is on the table. Ali fills the sink. The box is BLANK.,58b88005-7f83-54dc-8994-ba230c248673,dry,wet,,,dry,-1,,,I think it is a correct answer.
A6GOBO2C3AO71,minimal,The water is on the table. Ali turns on the stove. The water gets BLANK.,d363d97e-3c05-5ea9-b0af-4bfba2258626,colder,warmer,warmer,colder,warmer,0,1264.8999999910593,673.2999999970198,
A6GOBO2C3AO71,minimal,The water is on the table. Ali turns on the stove. The water gets BLANK.,d363d97e-3c05-5ea9-b0af-4bfba2258626,colder,warmer,,,warmer,-1,,,I think it is a correct answer.
A6GOBO2C3AO71,minimal,The empty teapot is on the table. Ali knocks the teapot over. The table is BLANK.,35b3312e-b7e0-59b8-933b-ec0336ad5162,dry,wet,dry,wet,dry,1,273.40000000596046,919.6000000089408,
A6GOBO2C3AO71,minimal,The empty teapot is on the table. Ali knocks the teapot over. The table is BLANK.,35b3312e-b7e0-59b8-933b-ec0336ad5162,dry,wet,,,dry,-1,,,I think it is a correct answer.
A6GOBO2C3AO71,minimal,The pasta is on the table. Ali turns on the stove. The pasta gets BLANK.,a74a9014-1030-5c5d-b1d0-43ada1ff9c9d,colder,warmer,warmer,colder,warmer,0,1021.0,1159.1000000089407,
A6GOBO2C3AO71,minimal,The pasta is on the table. Ali turns on the stove. The pasta gets BLANK.,a74a9014-1030-5c5d-b1d0-43ada1ff9c9d,colder,warmer,,,warmer,-1,,,I think it is a correct answer.
A6GOBO2C3AO71,minimal,The empty bowl is on the table. Ali fills the sink. The bowl is BLANK.,b53176cd-e250-5a59-b3be-ceaba45ea634,dry,wet,wet,dry,wet,0,58.79999999701977,1742.9000000059605,
A6GOBO2C3AO71,minimal,The empty bowl is on the table. Ali fills the sink. The bowl is BLANK.,b53176cd-e250-5a59-b3be-ceaba45ea634,dry,wet,,,wet,-1,,,I think it is a correct answer.
A6GOBO2C3AO71,minimal,The television is on the table. Ali bumps the lamp. The television BLANK.,60833207-b675-5f32-ab67-85a791ce814f,doesn't break,breaks,breaks,doesn't break,breaks,0,586.5999999940395,1375.5999999940395,
A6GOBO2C3AO71,minimal,The television is on the table. Ali bumps the lamp. The television BLANK.,60833207-b675-5f32-ab67-85a791ce814f,doesn't break,breaks,,,breaks,-1,,,I think it is a correct answer.
A6GOBO2C3AO71,minimal,The empty wineglass is on the table. Ali knocks the wineglass over. The table is BLANK.,dfb0bf34-70f6-5390-b055-469ef8e6506c,dry,wet,wet,dry,wet,0,600.5999999940395,1389.5,
A6GOBO2C3AO71,minimal,The empty wineglass is on the table. Ali knocks the wineglass over. The table is BLANK.,dfb0bf34-70f6-5390-b055-469ef8e6506c,dry,wet,,,wet,-1,,,I think it is a correct answer.
A6GOBO2C3AO71,minimal,The cup is on the floor. Ali bumps the table. The cup BLANK.,852b0651-2c81-5807-ba4a-d3f2a56a5e5d,doesn't break,breaks,doesn't break,breaks,doesn't break,1,1105.2999999970198,935.3999999910592,
A6GOBO2C3AO71,minimal,The cup is on the floor. Ali bumps the table. The cup BLANK.,852b0651-2c81-5807-ba4a-d3f2a56a5e5d,doesn't break,breaks,,,doesn't break,-1,,,I think it is a correct answer.
AC7QPNOH2LELF,minimal,The glass is on the floor. Ali bumps the table. The glass BLANK.,2a5f6d9c-8b03-5fe5-8a19-87971947d204,doesn't break,breaks,doesn't break,breaks,breaks,0,3014.79999999702,1217.0,
AC7QPNOH2LELF,minimal,The ocean is North of Ali. Ali turns around. The ocean is BLANK Ali.,8e94a295-1159-50a9-9ebf-d12558060a5d,North of,South of,North of,South of,North of,1,5070.09999999404,4919.70000000298,
AC7QPNOH2LELF,minimal,The jar is on the table. Ali bumps the lamp. The jar BLANK.,ca149acc-4333-5d4e-9b73-b3954089e0b3,doesn't break,breaks,doesn't break,breaks,breaks,0,3247.4000000059605,687.7999999970198,
AC7QPNOH2LELF,minimal,The mug is on the floor. Ali bumps the table. The mug BLANK.,af3ddb77-e0ef-5dc6-a71f-322ffe4f1f53,doesn't break,breaks,breaks,doesn't break,breaks,0,1616.199999988079,991.9000000059604,
AC7QPNOH2LELF,minimal,The clock is on the floor. Ali bumps the table. The clock BLANK.,581ab406-6472-5213-8fa5-924e54aadbbb,doesn't break,breaks,doesn't break,breaks,breaks,0,4151.600000008941,751.7999999970198,
AC7QPNOH2LELF,minimal,The broth is on the table. Ali turns on the stove. The broth gets BLANK.,304f867c-d22c-5f80-8b58-04c39ecc54c7,colder,warmer,warmer,colder,warmer,0,3216.300000011921,1016.0999999940396,
AC7QPNOH2LELF,minimal,The empty thermos is on the table. Ali knocks the thermos over. The table is BLANK.,504496f0-2b75-5a26-8866-95cbb113f5a4,dry,wet,wet,dry,wet,0,2039.199999988079,2903.20000000298,
AC7QPNOH2LELF,minimal,The empty can is on the table. Ali knocks the can over. The table is BLANK.,7b0ff26b-5f65-57c0-b1e1-7dac2ab25032,dry,wet,dry,wet,dry,1,4079.29999999702,2967.4000000059605,
AC7QPNOH2LELF,minimal,The empty mug is on the table. Ali fills the sink. The mug is BLANK.,36794563-6ac8-5075-8df5-b2ecbd8f8c8b,dry,wet,dry,wet,dry,1,4152.70000000298,1862.5,
AC7QPNOH2LELF,minimal,The coffee is on the table. Ali turns on the stove. The coffee gets BLANK.,aad29bfa-c5cb-5d6a-9c3f-296137723195,colder,warmer,colder,warmer,colder,1,2928.0,3174.699999988079,
AC7QPNOH2LELF,minimal,The empty vase is on the table. Ali fills the sink. The vase is BLANK.,608b5972-0b7e-5142-995f-b84143ea7b33,dry,wet,dry,wet,dry,1,3638.79999999702,2440.5,
AC7QPNOH2LELF,minimal,The bottle is on the table. Ali bumps the lamp. The bottle BLANK.,8e5290bc-3ba2-56b3-b1c5-33531c9a12ae,doesn't break,breaks,doesn't break,breaks,doesn't break,1,3840.0,927.2000000029802,
AC7QPNOH2LELF,minimal,The man is North of Ali. Ali turns around. The man is BLANK Ali.,42f4e9ba-3d9f-52aa-aa48-aaf77bdffda2,North of,South of,North of,South of,South of,0,5648.4000000059605,983.2000000029802,
A3V2HVY764HJS4,minimal,The empty jug is on the table. Ali fills the sink. The jug is BLANK.,654f6276-9e9e-52c2-867d-b66c3aa70976,dry,wet,wet,dry,dry,1,1625.0,7398.699999999255,
A3V2HVY764HJS4,minimal,The sauce is on the table. Ali turns on the stove. The sauce gets BLANK.,7ba8e937-510d-512c-ac3a-9877388c0eec,colder,warmer,warmer,colder,colder,1,1824.8999999985097,4352.89999999851,
A3V2HVY764HJS4,minimal,The plate is on the table. Ali bumps the lamp. The plate BLANK.,aaa1f7f2-1b97-5138-9daa-38fb1bd7bc25,doesn't break,breaks,breaks,doesn't break,breaks,0,1321.300000000745,4607.5,
A3TSMZ9M1XLB7G,minimal,The chicken is on the table. Ali turns on the stove. The chicken gets BLANK.,6fbad9b4-9231-5796-a9b4-b8e8fb940654,colder,warmer,colder,warmer,colder,1,1193.0,3713.0,
A3TSMZ9M1XLB7G,minimal,The empty kettle is on the table. Ali fills the sink. The kettle is BLANK.,335be0e6-a5ed-5801-80f1-5c6cab349d24,dry,wet,wet,dry,wet,0,2577.0,732.0,
A3TSMZ9M1XLB7G,minimal,The candle is on the table. Ali bumps the lamp. The candle BLANK.,0edfc764-15dc-56a4-97f0-79696d42e604,doesn't break,breaks,breaks,doesn't break,breaks,0,1214.0,911.0,
A3TSMZ9M1XLB7G,minimal,The computer is North of Ali. Ali turns around. The computer is BLANK Ali.,40691f9e-5ca7-5c21-98cb-f1f3e90fece7,North of,South of,South of,North of,North of,1,730.0,1148.0,
A3TSMZ9M1XLB7G,minimal,The book is North of Ali. Ali turns around. The book is BLANK Ali.,68d84e25-fe4e-5077-a48e-f046d48af2fc,North of,South of,North of,South of,South of,0,701.0,1908.0,
A3TSMZ9M1XLB7G,minimal,The empty bowl is on the table. Ali knocks the bowl over. The table is BLANK.,06b16899-ccf7-506d-b8e7-c094839d0ed7,dry,wet,wet,dry,dry,1,411.0,2033.0,
A3TSMZ9M1XLB7G,minimal,The tablet is on the floor. Ali bumps the table. The tablet BLANK.,c746580e-0ddd-5f98-b93a-f4cca7c1f161,doesn't break,breaks,doesn't break,breaks,doesn't break,1,1111.0,1703.0,
A3TSMZ9M1XLB7G,minimal,The empty flask is on the table. Ali knocks the flask over. The table is BLANK.,4d25e5cd-4b9f-54f6-abe2-eafde27f21c2,dry,wet,dry,wet,dry,1,669.0,1086.0,
A3TSMZ9M1XLB7G,minimal,The empty jar is on the table. Ali fills the sink. The jar is BLANK.,637372ba-bac0-5ffc-95af-27467657d0b0,dry,wet,dry,wet,dry,1,511.0,611.0,
A3TSMZ9M1XLB7G,minimal,The curry is on the table. Ali turns on the stove. The curry gets BLANK.,b0f42dcc-e0f5-5341-907b-8832326e0521,colder,warmer,warmer,colder,colder,1,546.0,936.0,
A3TSMZ9M1XLB7G,minimal,The ornament is on the floor. Ali bumps the table. The ornament BLANK.,e5ae0bb2-4f9a-5c05-8a70-d24d352debe0,doesn't break,breaks,breaks,doesn't break,breaks,0,382.0,1719.0,
A3TSMZ9M1XLB7G,minimal,The portrait is on the table. Ali bumps the lamp. The portrait BLANK.,887ddffd-f870-51c3-a4da-9d16882413d5,doesn't break,breaks,breaks,doesn't break,breaks,0,495.0,609.0,
A3TSMZ9M1XLB7G,minimal,The chicken is on the table. Ali turns on the stove. The chicken gets BLANK.,6fbad9b4-9231-5796-a9b4-b8e8fb940654,colder,warmer,colder,warmer,colder,1,3882.0,3417.0,
A3TSMZ9M1XLB7G,minimal,The chicken is on the table. Ali turns on the stove. The chicken gets BLANK.,6fbad9b4-9231-5796-a9b4-b8e8fb940654,colder,warmer,,,colder,-1,,,"i answered colder because the chicken is on the table, not on the stove, so it isn't being heated."
A3TSMZ9M1XLB7G,minimal,The empty kettle is on the table. Ali fills the sink. The kettle is BLANK.,335be0e6-a5ed-5801-80f1-5c6cab349d24,dry,wet,wet,dry,dry,1,2071.0,1904.0,
A3TSMZ9M1XLB7G,minimal,The empty kettle is on the table. Ali fills the sink. The kettle is BLANK.,335be0e6-a5ed-5801-80f1-5c6cab349d24,dry,wet,,,dry,-1,,,I answered dry because the kettle is described as empty and blank indicating it has no water in it.
A3TSMZ9M1XLB7G,minimal,The candle is on the table. Ali bumps the lamp. The candle BLANK.,0edfc764-15dc-56a4-97f0-79696d42e604,doesn't break,breaks,doesn't break,breaks,breaks,0,2947.0,1263.0,
A3TSMZ9M1XLB7G,minimal,The candle is on the table. Ali bumps the lamp. The candle BLANK.,0edfc764-15dc-56a4-97f0-79696d42e604,doesn't break,breaks,,,breaks,-1,,,I answered breaks because when ali bumps the lamp on the table where the candle is placed
A3TSMZ9M1XLB7G,minimal,The computer is North of Ali. Ali turns around. The computer is BLANK Ali.,40691f9e-5ca7-5c21-98cb-f1f3e90fece7,North of,South of,North of,South of,South of,0,2088.0,2323.0,
A3TSMZ9M1XLB7G,minimal,The computer is North of Ali. Ali turns around. The computer is BLANK Ali.,40691f9e-5ca7-5c21-98cb-f1f3e90fece7,North of,South of,,,South of,-1,,,When ali turns around the direction that was north of ali becomes south of ali
A3TSMZ9M1XLB7G,minimal,The book is North of Ali. Ali turns around. The book is BLANK Ali.,68d84e25-fe4e-5077-a48e-f046d48af2fc,North of,South of,South of,North of,South of,0,2637.0,1437.0,
A3TSMZ9M1XLB7G,minimal,The book is North of Ali. Ali turns around. The book is BLANK Ali.,68d84e25-fe4e-5077-a48e-f046d48af2fc,North of,South of,,,South of,-1,,,south of because when ali turns around the direction that was north of ali becomes south of ali.
A3TSMZ9M1XLB7G,minimal,The ornament is on the floor. Ali bumps the table. The ornament BLANK.,e5ae0bb2-4f9a-5c05-8a70-d24d352debe0,doesn't break,breaks,doesn't break,breaks,breaks,0,1571.0,1819.0,
A3TSMZ9M1XLB7G,minimal,The ornament is on the floor. Ali bumps the table. The ornament BLANK.,e5ae0bb2-4f9a-5c05-8a70-d24d352debe0,doesn't break,breaks,,,breaks,-1,,,"breaks because when ali bumps the table and the ornament is already on the floor, the likely outcome."
A3TSMZ9M1XLB7G,minimal,The portrait is on the table. Ali bumps the lamp. The portrait BLANK.,887ddffd-f870-51c3-a4da-9d16882413d5,doesn't break,breaks,doesn't break,breaks,doesn't break,1,1552.0,1355.0,
A3TSMZ9M1XLB7G,minimal,The portrait is on the table. Ali bumps the lamp. The portrait BLANK.,887ddffd-f870-51c3-a4da-9d16882413d5,doesn't break,breaks,,,doesn't break,-1,,,"Doesn't break because ali bumps the lamp, not the portrait."
A4EEVK4PD4NOC,minimal,The soup is on the table. Ali turns on the stove. The soup gets BLANK.,43bffc24-3955-522c-a74b-5fd4b204d283,colder,warmer,colder,warmer,warmer,0,5434.100000023842,4553.299999982119,
A4EEVK4PD4NOC,minimal,The vase is on the table. Ali bumps the lamp. The vase BLANK.,2f76e57c-aad0-59fa-99e3-ad747c8c14d1,doesn't break,breaks,breaks,doesn't break,breaks,0,5562.9000000059605,4190.0,
A4EEVK4PD4NOC,minimal,The painting is North of Ali. Ali turns around. The painting is BLANK Ali.,64e3f33d-f1bb-5469-960d-6b974ada7e0a,North of,South of,South of,North of,South of,0,9661.80000001192,1307.0999999940395,
A4EEVK4PD4NOC,minimal,The empty glass is on the table. Ali fills the sink. The glass is BLANK.,34ea25b7-8077-5b64-bc1b-17e62828dfb0,dry,wet,wet,dry,dry,1,1144.5,9922.5,
A4EEVK4PD4NOC,minimal,The empty mug is on the table. Ali knocks the mug over. The table is BLANK.,7f7d49b6-0545-5dd9-9166-80fc48a498e7,dry,wet,wet,dry,dry,1,3568.4000000059605,4491.200000017881,
A4EEVK4PD4NOC,minimal,The glass is on the floor. Ali bumps the table. The glass BLANK.,2a5f6d9c-8b03-5fe5-8a19-87971947d204,doesn't break,breaks,doesn't break,breaks,doesn't break,1,2380.7000000178814,6115.4000000059605,
A4EEVK4PD4NOC,minimal,The porridge is on the table. Ali turns on the stove. The porridge gets BLANK.,2b80b416-13b1-5a5a-9b61-4c40aac5cf9e,colder,warmer,warmer,colder,colder,1,1614.699999988079,7377.90000000596,
A4EEVK4PD4NOC,minimal,The statue is North of Ali. Ali turns around. The statue is BLANK Ali.,54f3455a-0981-5b04-b253-5891eb7c16e5,North of,South of,South of,North of,South of,0,6643.200000017881,6575.9000000059605,
A4EEVK4PD4NOC,minimal,The glass is on the table. Ali bumps the lamp. The glass BLANK.,4c8e019f-3f91-5c88-bdea-d68026fd0446,doesn't break,breaks,breaks,doesn't break,doesn't break,1,5046.799999982119,2718.5999999940395,
A4EEVK4PD4NOC,minimal,The empty glass is on the table. Ali knocks the glass over. The table is BLANK.,03be173e-02aa-5a79-968a-ce8ea00117d3,dry,wet,dry,wet,wet,0,1583.699999988079,6141.200000017881,
A4EEVK4PD4NOC,minimal,The vase is on the floor. Ali bumps the table. The vase BLANK.,b981d9fe-77c9-531c-afc1-fc37c2d11e04,doesn't break,breaks,breaks,doesn't break,doesn't break,1,1481.5,5070.09999999404,
A4EEVK4PD4NOC,minimal,The empty cup is on the table. Ali fills the sink. The cup is BLANK.,01ab1e92-2477-582f-a9a9-917cb2a0983b,dry,wet,dry,wet,wet,0,1988.5,2989.4000000059605,
A4EEVK4PD4NOC,minimal,The empty glass is on the table. Ali knocks the glass over. The table is BLANK.,03be173e-02aa-5a79-968a-ce8ea00117d3,dry,wet,wet,dry,dry,1,3362.5,2231.2999999821186,
A3V5AU4PA8H6W6,minimal,The ornament is on the table. Ali bumps the lamp. The ornament BLANK.,95cf280f-0045-5691-9286-ca2825f711f3,doesn't break,breaks,breaks,doesn't break,breaks,0,1279.2000000476835,14903.799999952316,
A3V5AU4PA8H6W6,minimal,The empty pitcher is on the table. Ali knocks the pitcher over. The table is BLANK.,ce777ad4-6e7f-5a27-bd97-42231b86b999,dry,wet,dry,wet,dry,1,1320.5,22495.60000014305,
A3V5AU4PA8H6W6,minimal,The tablet is on the table. Ali bumps the lamp. The tablet BLANK.,1859f2b1-26a2-5a64-959f-fab9926dbb6d,doesn't break,breaks,doesn't break,breaks,doesn't break,1,1011.7999999523164,17475.699999809265,
A3V5AU4PA8H6W6,minimal,The empty flask is on the table. Ali fills the sink. The flask is BLANK.,9727b31c-2a14-5db5-9980-0074c623524f,dry,wet,dry,wet,dry,1,1311.7000000476835,13955.200000047684,
A3V5AU4PA8H6W6,minimal,The lamp is on the floor. Ali bumps the table. The lamp BLANK.,730042f0-d8b0-5c6c-8bf7-410416a84eb5,doesn't break,breaks,doesn't break,breaks,doesn't break,1,1087.0999999046326,10960.400000095367,
A3V5AU4PA8H6W6,minimal,The emtpy can is on the table. Ali fills the sink. The can is BLANK.,23582299-2316-5e9e-a72f-ef1038bc4df3,dry,wet,wet,dry,dry,1,1352.7999999523165,11590.899999856949,
A3V5AU4PA8H6W6,minimal,The empty jar is on the table. Ali knocks the jar over. The table is BLANK.,d0c6d46f-fa2f-5c0a-93d2-5ebf343adfef,dry,wet,dry,wet,dry,1,824.3000001907349,9784.200000047684,
A3V5AU4PA8H6W6,minimal,The gumbo is on the table. Ali turns on the stove. The gumbo gets BLANK.,052dddd5-a2cf-5e97-90ed-7e2d2e91f62e,colder,warmer,warmer,colder,colder,1,855.5,10687.599999904633,
A3V5AU4PA8H6W6,minimal,The chili is on the table. Ali turns on the stove. The chili gets BLANK.,688b9409-948b-5506-a5bd-8f72bd8f0cdd,colder,warmer,warmer,colder,colder,1,799.0,9856.799999952316,
A3V5AU4PA8H6W6,minimal,The house is North of Ali. Ali turns around. The house is BLANK Ali.,168b3f9d-5c7e-5e03-948e-a8b96b9e08a7,North of,South of,South of,North of,North of,1,1343.2999999523165,9137.100000143051,
A3V5AU4PA8H6W6,minimal,The sculpture is on the floor. Ali bumps the table. The sculpture BLANK.,6837d037-fd89-5325-945f-ec953cdaf8fc,doesn't break,breaks,breaks,doesn't break,doesn't break,1,1487.5,11727.100000143051,
A3V5AU4PA8H6W6,minimal,The mountain is North of Ali. Ali turns around. The mountain is BLANK Ali.,cbe70172-4bc2-5518-ae97-53e795d58f6a,North of,South of,South of,North of,North of,1,857.7999999523163,12974.099999904633,
A3VS2HH1LMHVP7,minimal,The tablet is on the floor. Ali bumps the table. The tablet BLANK.,c746580e-0ddd-5f98-b93a-f4cca7c1f161,doesn't break,breaks,doesn't break,breaks,doesn't break,1,2194.4000000953674,6994.400000095367,
A3VS2HH1LMHVP7,minimal,The chicken is on the table. Ali turns on the stove. The chicken gets BLANK.,6fbad9b4-9231-5796-a9b4-b8e8fb940654,colder,warmer,colder,warmer,colder,1,11035.099999904633,2929.699999809265,
A3VS2HH1LMHVP7,minimal,The computer is North of Ali. Ali turns around. The computer is BLANK Ali.,40691f9e-5ca7-5c21-98cb-f1f3e90fece7,North of,South of,North of,South of,North of,1,2391.4000000953674,3025.099999904633,
A3VS2HH1LMHVP7,minimal,The book is North of Ali. Ali turns around. The book is BLANK Ali.,68d84e25-fe4e-5077-a48e-f046d48af2fc,North of,South of,North of,South of,North of,1,1197.5999999046326,1849.8000001907349,
A3VS2HH1LMHVP7,minimal,The empty bowl is on the table. Ali knocks the bowl over. The table is BLANK.,06b16899-ccf7-506d-b8e7-c094839d0ed7,dry,wet,dry,wet,dry,1,2145.399999856949,2065.399999856949,
A3VS2HH1LMHVP7,minimal,The portrait is on the table. Ali bumps the lamp. The portrait BLANK.,887ddffd-f870-51c3-a4da-9d16882413d5,doesn't break,breaks,doesn't break,breaks,breaks,0,1487.7000000476835,1686.8999998569489,
A3VS2HH1LMHVP7,minimal,The empty flask is on the table. Ali knocks the flask over. The table is BLANK.,4d25e5cd-4b9f-54f6-abe2-eafde27f21c2,dry,wet,dry,wet,wet,0,2339.0,991.7000000476836,
A3VS2HH1LMHVP7,minimal,The ornament is on the floor. Ali bumps the table. The ornament BLANK.,e5ae0bb2-4f9a-5c05-8a70-d24d352debe0,doesn't break,breaks,breaks,doesn't break,doesn't break,1,2119.4000000953674,3713.599999904633,
A3VS2HH1LMHVP7,minimal,The empty jar is on the table. Ali fills the sink. The jar is BLANK.,637372ba-bac0-5ffc-95af-27467657d0b0,dry,wet,dry,wet,dry,1,1730.0,3674.700000047684,
A3VS2HH1LMHVP7,minimal,The candle is on the table. Ali bumps the lamp. The candle BLANK.,0edfc764-15dc-56a4-97f0-79696d42e604,doesn't break,breaks,doesn't break,breaks,breaks,0,1674.7000000476835,2351.4000000953674,
A3VS2HH1LMHVP7,minimal,The curry is on the table. Ali turns on the stove. The curry gets BLANK.,b0f42dcc-e0f5-5341-907b-8832326e0521,colder,warmer,warmer,colder,colder,1,2308.5,4314.700000047684,
A3VS2HH1LMHVP7,minimal,The empty kettle is on the table. Ali fills the sink. The kettle is BLANK.,335be0e6-a5ed-5801-80f1-5c6cab349d24,dry,wet,wet,dry,dry,1,2142.7999999523163,5079.799999952316,
A4LIJVRU6DG61,minimal,The coffee is on the table. Ali turns on the stove. The coffee gets BLANK.,aad29bfa-c5cb-5d6a-9c3f-296137723195,colder,warmer,warmer,colder,warmer,0,8053.0,2041.0,
A4LIJVRU6DG61,minimal,The empty thermos is on the table. Ali knocks the thermos over. The table is BLANK.,504496f0-2b75-5a26-8866-95cbb113f5a4,dry,wet,dry,wet,wet,0,7471.0,2147.0,
A4LIJVRU6DG61,minimal,The mug is on the floor. Ali bumps the table. The mug BLANK.,af3ddb77-e0ef-5dc6-a71f-322ffe4f1f53,doesn't break,breaks,doesn't break,breaks,doesn't break,1,8458.0,5113.0,
A4LIJVRU6DG61,minimal,The jar is on the table. Ali bumps the lamp. The jar BLANK.,ca149acc-4333-5d4e-9b73-b3954089e0b3,doesn't break,breaks,doesn't break,breaks,doesn't break,1,6190.0,3143.0,
A4LIJVRU6DG61,minimal,The ocean is North of Ali. Ali turns around. The ocean is BLANK Ali.,8e94a295-1159-50a9-9ebf-d12558060a5d,North of,South of,North of,South of,South of,0,8795.0,1391.0,
A4LIJVRU6DG61,minimal,The empty mug is on the table. Ali fills the sink. The mug is BLANK.,36794563-6ac8-5075-8df5-b2ecbd8f8c8b,dry,wet,wet,dry,dry,1,7101.0,1900.0,
A4LIJVRU6DG61,minimal,The clock is on the floor. Ali bumps the table. The clock BLANK.,581ab406-6472-5213-8fa5-924e54aadbbb,doesn't break,breaks,breaks,doesn't break,doesn't break,1,9162.0,1862.0,
A4LIJVRU6DG61,minimal,The glass is on the floor. Ali bumps the table. The glass BLANK.,2a5f6d9c-8b03-5fe5-8a19-87971947d204,doesn't break,breaks,breaks,doesn't break,doesn't break,1,6756.0,1424.0,
A4LIJVRU6DG61,minimal,The empty can is on the table. Ali knocks the can over. The table is BLANK.,7b0ff26b-5f65-57c0-b1e1-7dac2ab25032,dry,wet,wet,dry,wet,0,10249.0,1658.0,
A4LIJVRU6DG61,minimal,The man is North of Ali. Ali turns around. The man is BLANK Ali.,42f4e9ba-3d9f-52aa-aa48-aaf77bdffda2,North of,South of,South of,North of,South of,0,28312.0,5486.0,
A4LIJVRU6DG61,minimal,The broth is on the table. Ali turns on the stove. The broth gets BLANK.,304f867c-d22c-5f80-8b58-04c39ecc54c7,colder,warmer,colder,warmer,colder,1,9815.0,1397.0,
A4LIJVRU6DG61,minimal,The bottle is on the table. Ali bumps the lamp. The bottle BLANK.,8e5290bc-3ba2-56b3-b1c5-33531c9a12ae,doesn't break,breaks,breaks,doesn't break,doesn't break,1,7261.0,1598.0,
A4LIJVRU6DG61,minimal,The empty vase is on the table. Ali fills the sink. The vase is BLANK.,608b5972-0b7e-5142-995f-b84143ea7b33,dry,wet,dry,wet,dry,1,65683.0,1369.0,
A8AZKT8547W7O,minimal,The pot is on the floor. Ali bumps the table. The pot BLANK.,0318a66a-6207-5568-9d40-200aa1786c0b,doesn't break,breaks,breaks,doesn't break,doesn't break,1,1255.5,12405.79999999702,
A8AZKT8547W7O,minimal,The lake is North of Ali. Ali turns around. The lake is BLANK Ali.,9c900f5c-ba5e-50dd-ad14-ff2e930698e4,North of,South of,South of,North of,South of,0,571.8000000119209,5014.79999999702,
A8AZKT8547W7O,minimal,The rice is on the table. Ali turns on the stove. The rice gets BLANK.,ff215e3b-d72f-5802-b7c5-e74b4bbbdb7c,colder,warmer,colder,warmer,colder,1,863.0999999940395,6969.59999999404,
A8AZKT8547W7O,minimal,The phone is on the table. Ali bumps the lamp. The phone BLANK.,2828fd38-836b-534a-a861-283f930b7d39,doesn't break,breaks,breaks,doesn't break,doesn't break,1,3416.70000000298,1507.2000000029802,
A8AZKT8547W7O,minimal,The city is North of Ali. Ali turns around. The city is BLANK Ali.,d67a4a6d-bc61-537a-8b65-178cf81511b2,North of,South of,North of,South of,South of,0,2524.0,2112.9000000059605,
A8AZKT8547W7O,minimal,The empty bottle is on the table. Ali fills the sink. The bottle is BLANK.,f20343fe-adbf-5f1f-984e-58ee5b7c2b91,dry,wet,dry,wet,dry,1,3651.8999999910593,3026.20000000298,
A8AZKT8547W7O,minimal,The mirror is on the table. Ali bumps the lamp. The mirror BLANK.,cc6308c4-fe93-592d-bd7c-c3c3495dfb04,doesn't break,breaks,breaks,doesn't break,doesn't break,1,1828.5999999940395,2118.199999988079,
A8AZKT8547W7O,minimal,The empty bottle is on the table. Ali knocks the bottle over. The table is BLANK.,f1c8f5cb-5ef5-5bd2-b1ae-37722af5ab13,dry,wet,wet,dry,dry,1,1637.7000000029802,6233.79999999702,
A8AZKT8547W7O,minimal,The stew is on the table. Ali turns on the stove. The stew gets BLANK.,03c79cd5-cadc-5704-b773-cdd109719ae3,colder,warmer,warmer,colder,warmer,0,853.0,3639.20000000298,
A8AZKT8547W7O,minimal,The empty container is on the table. Ali fills the sink. The container is BLANK.,8e3a22ae-91ba-581e-9943-23bcec0a345d,dry,wet,wet,dry,dry,1,836.5999999940395,6862.5,
A8AZKT8547W7O,minimal,The empty pot is on the table. Ali knocks the pot over. The table is BLANK.,3bc3df7d-a91c-5999-8bb6-788efd21d35e,dry,wet,wet,dry,dry,1,896.5999999940395,4229.9000000059605,
A8AZKT8547W7O,minimal,The phone is on the floor. Ali bumps the table. The phone BLANK.,a0089e09-ecb1-5910-97f4-de47ef22bfcd,doesn't break,breaks,doesn't break,breaks,doesn't break,1,1733.2000000029802,2818.300000011921,
